datetime,priceMean,priceWeightedMean,priceMax,priceMin,volumeMWh,value,powerMeanMW,powerMaxMW,powerMinMW,priceOffMean,powerOffMeanMW,valueOff,priceStandardMean,powerStandardMeanMW,valueStandard,priceMorningMean,powerMorningMeanMW,valueMorning,priceEveningMean,powerEveningMeanMW,valueEvening
2016-01-03,51.685,46.203,118.49,35.09,22392,1034.6,311.00,502.9,40,49.580,352.65,786.06,57.976,217.61,196.09,42.743,362.10,45.885,60.050,54.500,6.5454
2016-01-10,75.617,52.612,181.4,41.83,30699,1615.1,182.73,524.9,0,53.404,331.70,1293.1,94.300,43.142,215.77,78.888,51.533,60.785,134.81,38.300,45.455
2016-01-17,85.883,56.080,177.63,46.93,25740,1443.5,153.21,440,0,54.093,284.90,1145.8,108.98,29.031,188.40,113.95,33.273,52.551,158.09,36.350,56.731
2016-01-24,86.023,57.974,177.32,48.21,19019,1102.6,113.21,370,0,53.124,209.42,870.27,109.47,21.624,137.16,123.68,25.453,45.347,150.68,33.310,49.837
2016-01-31,92.515,67.822,176.93,49.05,22366,1516.9,133.13,316,0,61.782,228.01,1067.3,114.63,48.677,329.85,126.78,33.287,62.304,152.92,38.010,57.474
2016-02-07,92.295,67.781,187.81,49.98,24703,1674.4,147.04,402,0,60.627,242.75,1107.2,115.54,63.232,420.50,129.52,50.147,92.575,148.83,36.780,54.118
2016-02-14,89.067,65.726,171.76,50.24,26256,1725.7,156.29,415.1,0,61.706,267.79,1233.9,110.06,58.540,380.19,121.44,45.367,76.542,131.98,25.570,35.064
2016-02-21,87.591,62.754,171.44,50.07,28582,1793.6,170.13,466,0,61.096,300.67,1349.4,108.86,55.397,355.63,119.12,43.973,72.468,123.00,13.360,16.106
2016-02-28,93.665,71.874,236.74,50.98,30405,2185.4,180.98,436,0,64.976,297.35,1417.0,114.55,73.535,513.46,121.96,52.113,88.962,154.13,97.950,165.91
2016-03-06,89.116,65.642,179.91,49.08,21459,1408.6,127.73,371,1,55.599,207.21,882.49,114.82,58.118,390.78,129.76,51.567,92.598,140.29,29.810,42.740
2016-03-13,87.406,64.109,159.31,49.27,22577,1447.4,134.39,350,0,61.301,228.15,1040.8,107.98,47.710,290.10,112.84,36.153,55.503,133.13,59.710,60.987
2016-03-20,91.208,65.063,179.85,50.35,19908,1295.3,118.50,286.8,0,60.345,209.65,969.67,114.74,36.684,245.03,124.24,33.113,56.867,145.76,15.490,23.697
2016-03-27,84.496,63.894,176.84,50.77,22559,1441.4,134.28,328,0,58.708,213.40,954.83,105.38,61.990,357.72,113.66,58.307,81.423,120.12,55.550,47.397
2016-04-03,89.162,64.755,177.15,50.71,20688,1339.6,123.14,300,0,61.047,219.67,1030.2,111.70,37.973,247.45,122.30,32.667,55.323,127.42,5.0400,6.6541
2016-04-10,90.198,61.570,178.94,52,19222,1183.5,114.42,279.8,0,59.940,212.29,965.37,112.76,23.673,151.75,124.59,32.000,55.698,143.81,7.9000,10.681
2016-04-17,95.307,61.990,178.55,52.07,16648,1032.0,99.094,243.8,0,65.560,187.80,875.84,119.80,15.969,102.75,125.65,25.400,44.310,138.90,6.5000,9.1058
2016-04-24,83.307,59.126,192.77,29.02,8304.8,491.03,49.433,230,0,49.953,94.247,422.10,106.37,5.4710,30.977,116.55,20.707,34.868,160.65,2.1000,3.0832
2016-05-01,67.187,48.774,174,0,4454.3,217.25,26.514,85,0,39.928,43.889,133.41,94.706,10.756,65.403,63.294,14.333,15.840,123.21,1.7400,2.6048
2016-05-08,58.056,36.148,150,22.9,4313.7,155.93,25.677,80,0,31.825,44.506,110.39,78.737,7.7048,29.873,69.969,12.933,11.071,124.44,3.7000,4.6011
2016-05-15,76.633,47.302,180.21,24.71,5536.4,261.88,32.955,123,0,40.719,59.286,190.88,106.82,6.1161,34.238,100.59,20.667,30.614,144.42,4.5000,6.1508
2016-05-22,91.515,58.156,179.57,45.58,14711,855.50,87.563,286.1,0,59.113,172.21,767.49,117.29,8.2371,57.529,128.26,15.320,27.443,139.06,2.0600,3.0409
2016-05-29,89.075,59.900,206.28,48.02,22017,1318.8,131.05,336.4,0,54.952,239.22,1014.5,116.72,36.555,259.88,124.03,20.000,33.422,141.65,7.3900,11.012
2016-06-05,89.228,60.623,159.23,49.65,21628,1311.1,128.74,418.7,0,58.132,236.52,1031.9,112.66,35.690,236.37,122.59,20.787,34.986,138.14,3.9846,7.9140
2016-06-12,92.916,62.209,173.8,50.29,21877,1361.0,130.22,411,0,60.846,239.52,1071.0,114.88,32.888,213.52,131.54,31.560,57.126,144.02,8.5467,19.282
2016-06-19,92.946,62.641,158.47,50.29,20688,1295.9,123.14,356,0,62.225,227.52,1031.7,113.71,30.539,199.94,124.34,27.600,48.881,148.52,6.9400,15.364
2016-06-26,94.954,64.934,178.75,50.19,19193,1246.3,114.24,346,0,63.500,207.61,956.96,116.58,26.723,175.73,131.33,50.833,99.726,146.24,6.0800,13.880
2016-07-03,92.937,63.520,181.16,52.04,19849,1260.8,118.15,310,0,61.646,215.60,980.30,114.75,32.474,213.89,126.27,32.067,59.191,145.69,3.6000,7.4571
2016-07-10,98.158,63.812,180.99,52,19548,1247.4,116.36,317,0,61.926,216.45,996.43,120.95,21.561,144.61,146.65,47.207,93.116,158.73,5.2800,13.276
2016-07-17,96.252,66.027,180.56,51.52,17380,1147.5,103.45,266.8,0,60.644,185.29,853.26,119.92,27.649,185.66,135.24,40.233,78.854,159.62,12.813,29.777
2016-07-24,98.684,66.257,182.68,50.84,19582,1297.5,116.56,300,0,59.867,207.45,942.12,122.28,31.835,213.22,150.49,54.153,116.30,166.84,10.093,25.819
2016-07-31,99.875,73.071,214.24,50.09,24334,1778.1,144.84,332,0,63.399,238.49,1116.6,117.41,58.404,392.72,154.66,78.060,178.68,175.43,34.387,90.101
2016-08-07,99.484,67.083,182.72,37.51,31207,2093.5,185.76,533,0,58.466,311.68,1305.5,122.19,76.958,531.58,160.40,77.280,185.68,173.78,27.667,70.694
2016-08-14,84.807,53.696,185.07,15.98,32875,1765.3,195.68,582,3,37.820,331.83,1029.7,114.53,77.754,503.90,142.67,75.873,161.99,167.73,28.447,69.654
2016-08-21,99.561,61.120,193.76,38.57,38088,2327.9,226.71,560,0,58.129,393.93,1520.5,119.41,85.611,582.18,176.60,59.627,156.57,170.83,26.993,68.675
2016-08-28,108.49,66.244,202.52,44.71,27433,1817.2,163.29,492,0,66.840,289.04,1290.9,123.71,63.142,445.42,191.37,17.480,49.572,192.71,10.613,31.395
2016-09-04,104.38,71.534,197.06,47.05,33317,2383.3,198.32,532,0,65.034,331.03,1526.0,121.30,87.359,613.59,173.07,48.067,121.69,193.48,48.362,122.02
2016-09-11,97.733,67.208,191.39,48.17,36317,2440.8,216.17,482,0,63.129,362.85,1606.4,116.80,93.437,661.37,145.21,56.913,120.47,188.56,27.940,52.524
2016-09-18,92.880,59.962,184.54,37.3,41617,2495.4,247.72,682,0,59.014,426.42,1669.3,114.54,90.185,629.75,126.29,81.200,147.39,182.77,26.700,48.955
2016-09-25,87.333,54.929,186.97,37.43,47206,2593.0,280.99,662,0,49.133,491.51,1746.0,111.25,96.782,661.84,130.61,77.793,143.32,183.54,22.650,41.851
2016-10-02,71.959,51.291,179.9,17.99,28817,1478.0,171.53,561,0,39.068,273.41,847.46,88.941,87.545,483.15,112.57,69.673,112.76,172.17,19.770,34.661
2016-10-09,68.438,48.169,166.47,36.14,33681,1622.4,200.48,582.3,5.9,41.500,342.81,1121.6,83.022,76.548,395.01,89.950,70.100,87.036,163.95,11.580,18.772
2016-10-16,63.120,47.245,159.64,35.38,54397,2570.0,323.79,630,33,38.729,532.99,1640.1,79.287,138.59,676.68,83.479,117.43,144.01,129.91,87.100,109.17
2016-10-23,63.374,48.611,157.78,32.69,54676,2657.8,325.45,682.4,33,38.862,511.86,1575.6,79.764,168.93,821.02,89.001,119.77,151.93,121.86,94.500,109.25
2016-10-30,62.691,47.683,135.05,32.15,52670,2511.4,313.51,650.8,50,38.877,512.52,1581.2,79.391,133.55,654.63,87.767,114.64,146.39,114.43,115.60,129.24
2016-11-06,66.711,50.497,152.14,34.87,55056,2780.2,327.72,749,50,41.628,531.64,1716.5,82.613,139.28,708.86,97.680,128.11,181.91,124.84,143.67,172.91
2016-11-13,67.758,51.577,153.05,35.48,47804,2465.6,284.55,704,50,41.488,459.04,1490.1,85.223,120.98,640.29,97.240,121.24,173.41,128.04,130.32,161.85
2016-11-20,61.031,48.854,140.26,29.98,31109,1519.8,185.17,534,51,35.641,282.36,830.55,78.987,97.040,470.17,88.871,90.773,120.35,113.61,86.000,98.742
2016-11-27,63.472,49.656,120.07,31.13,51827,2573.5,308.49,708,38,39.287,482.76,1501.1,79.204,151.65,737.10,92.625,125.88,164.06,118.11,143.27,171.23
2016-12-04,61.961,47.879,150.77,34.33,53734,2572.8,319.85,677,50,39.470,510.14,1574.7,76.013,147.15,687.24,86.014,147.56,185.04,120.92,107.60,125.82
2016-12-11,58.802,46.655,125,20.96,35950,1677.2,213.99,694,18,35.720,340.02,1011.4,76.346,95.945,451.33,76.267,110.00,123.58,110.79,81.000,90.866
2016-12-18,55.888,44.785,118.6,30.98,21517,963.64,128.08,339,10,39.264,187.02,557.24,67.254,78.519,284.15,69.909,61.960,65.071,99.045,57.040,57.180
2016-12-25,61.064,43.642,130,30.1,28745,1254.5,171.10,363,0,39.079,280.47,813.45,79.813,73.874,323.66,77.787,75.167,87.269,97.822,31.900,30.100
2017-01-01,43.086,37.663,97.36,16.7,21646,815.27,128.85,345,24,29.461,164.38,416.10,55.366,96.197,286.39,44.857,106.43,64.714,74.651,77.080,48.066
2017-01-08,50.951,38.231,135,14.99,20852,797.18,124.12,269,0,30.935,175.04,444.62,69.716,77.081,252.86,54.579,83.227,53.880,91.293,64.600,45.816
2017-01-15,56.361,41.665,104.64,25.08,24861,1035.8,147.98,349.6,17,33.542,246.97,669.51,77.857,58.624,276.15,67.636,49.867,48.746,91.011,47.370,41.400
2017-01-22,56.308,41.927,104.99,25.07,22656,949.89,134.86,406.4,31,32.714,220.11,584.32,77.382,58.903,274.82,72.745,47.667,49.806,92.099,45.990,40.947
2017-01-29,52.491,41.137,93.02,20.04,21714,893.26,129.25,265,19,31.909,202.45,521.18,72.188,61.805,270.50,60.488,60.867,54.452,85.090,57.110,47.134
2017-02-05,48.859,40.045,89.85,23,28395,1137.1,169.02,454.6,20,31.614,252.93,648.66,65.772,87.174,344.72,49.447,120.87,87.485,82.806,69.010,56.216
2017-02-12,48.078,46.913,90.09,14.93,19754,926.73,117.58,465.8,13,27.161,125.61,284.96,68.344,111.40,478.91,53.018,128.43,101.44,84.439,74.590,61.418
2017-02-19,44.978,40.835,90.1,14.75,12719,519.39,75.710,180.1,21,27.432,91.551,203.65,61.667,56.806,215.40,47.989,78.580,52.765,79.118,60.290,47.580
2017-02-26,46.081,40.375,94.31,15.02,12846,518.65,76.463,193.6,13,27.323,96.647,210.08,63.061,54.306,209.69,53.203,81.153,64.274,82.063,43.300,34.597
2017-03-05,47.392,45.639,107.5,17.5,10389,474.16,61.842,121.6,12,26.405,65.474,144.28,65.837,59.871,234.13,61.401,54.667,50.316,82.024,55.400,45.437
2017-03-12,40.481,39.616,94.12,21.97,10953,433.92,65.197,148,29,24.846,63.593,127.93,51.573,62.981,191.57,51.217,91.153,70.914,82.260,53.000,43.502
2017-03-19,36.738,34.023,107.97,14.94,13335,453.69,79.373,155,0,20.129,88.933,140.93,49.434,70.271,210.69,45.735,79.867,55.818,79.066,57.630,46.255
2017-03-26,33.171,29.920,91.46,13.86,17658,528.34,105.11,196.5,31,18.405,121.68,176.56,43.420,91.048,240.50,43.041,108.20,72.020,74.429,53.400,39.259
2017-04-02,32.760,27.438,104.74,14.92,16629,456.28,98.985,246.9,0,18.486,126.48,182.51,41.923,73.902,184.06,43.905,98.960,66.396,74.853,31.800,23.313
2017-04-09,37.560,37.836,105,14.88,24641,932.30,146.67,272,4,19.319,146.40,224.45,48.792,147.57,455.40,50.265,150.38,114.16,96.623,137.72,138.29
2017-04-16,35.622,37.074,94.18,14.97,21661,803.07,128.94,217,25.9,20.532,123.70,200.22,46.003,137.61,415.66,45.655,126.03,89.985,78.445,121.90,97.204
2017-04-23,38.227,37.797,92.05,14.96,18170,686.79,108.16,215,5.9,22.060,109.19,188.39,50.006,114.58,367.14,49.181,78.927,57.546,79.714,103.79,73.713
2017-04-30,46.665,43.649,98.88,17.97,16127,703.94,95.996,236,6,25.803,95.373,192.49,61.548,102.44,367.21,65.713,97.560,88.961,94.794,58.750,55.285
2017-05-07,43.498,42.070,101.06,17.96,15645,658.19,93.127,176,0,25.392,103.51,213.54,54.674,81.692,284.66,63.235,88.333,81.741,91.252,87.130,78.245
2017-05-14,48.798,41.957,100.08,17.98,13632,571.97,81.145,217,21,27.771,111.38,254.24,63.521,53.071,211.46,72.272,57.100,62.569,92.626,46.390,43.701
2017-05-21,51.439,42.187,98.58,18,15953,672.99,94.956,234,21,29.940,136.00,327.28,67.482,60.958,254.32,73.021,50.567,54.012,93.735,39.840,37.375
2017-05-28,50.724,43.351,94.17,17.94,13814,598.84,82.224,193.8,19,29.433,111.00,263.63,66.286,56.582,232.60,72.949,64.913,70.793,93.369,34.060,31.813
2017-06-04,54.531,49.397,127.76,24.96,14010,692.06,83.393,185,0,32.909,97.433,252.40,68.291,72.412,294.12,77.048,87.813,100.95,103.54,38.008,44.589
2017-06-11,54.086,44.597,130.98,26.14,20403,909.90,121.44,242,17,31.731,168.47,428.90,65.149,75.574,271.32,78.256,108.59,126.01,108.58,54.640,83.678
2017-06-18,52.837,45.828,131.97,25.08,22341,1023.8,132.98,249,20.6,30.633,168.55,413.21,63.008,100.96,353.88,78.785,127.27,149.58,108.14,68.313,107.17
2017-06-25,54.876,47.441,135.02,24.99,22211,1053.7,132.21,286,0.3,31.334,173.40,439.11,63.724,89.154,316.25,89.022,123.88,161.78,114.24,81.687,136.58
2017-07-02,56.398,50.552,135.07,21.97,25129,1270.3,149.58,324,10,31.848,191.63,501.90,65.304,101.22,376.78,96.419,150.39,213.22,115.11,105.45,178.43
2017-07-09,46.884,39.625,136.01,20.97,24159,957.28,143.80,325,0,27.774,194.39,442.50,53.842,112.05,340.71,72.983,89.813,98.331,97.537,45.280,75.737
2017-07-16,47.384,40.107,114.93,24.99,28283,1134.3,168.35,334,32,29.529,230.24,544.43,56.394,125.13,403.50,68.513,105.99,108.31,88.442,60.740,78.093
2017-07-23,51.036,44.855,114.99,24.95,27055,1213.6,161.04,348,18,30.652,206.88,508.86,64.110,132.65,496.33,70.996,125.58,133.69,91.469,56.893,74.702
2017-07-30,53.452,46.617,122.08,24.17,29540,1377.1,175.83,352,0,30.597,221.28,549.57,66.050,148.53,563.05,87.059,128.79,161.82,95.390,81.233,102.61
2017-08-06,54.486,50.871,115.1,24.2,35285,1795.0,210.03,396.9,27,31.079,242.16,612.01,67.383,182.76,706.82,89.704,187.74,252.67,96.658,162.47,223.50
2017-08-13,53.432,49.597,115.06,28.14,38220,1895.6,227.50,393,29,30.415,259.72,642.07,67.318,217.99,842.47,83.401,161.73,202.61,94.985,155.46,208.47
2017-08-20,53.276,48.221,110.05,26.09,37228,1795.1,221.59,398,50,29.640,260.15,625.28,67.011,211.58,811.91,88.260,125.93,166.73,93.733,147.10,191.23
2017-08-27,48.370,43.860,107.72,26.02,35383,1551.9,210.61,345,0,28.781,255.53,596.69,62.714,214.61,779.64,61.847,59.133,54.878,86.164,104.34,120.68
2017-09-03,51.520,47.288,110.08,26.07,31041,1467.8,184.77,353,0,30.162,214.04,522.07,65.748,178.62,680.59,76.960,118.90,138.62,88.887,111.44,126.56
2017-09-10,48.510,42.870,87.95,28.64,32991,1414.3,196.38,411.9,0,31.275,263.20,666.81,62.303,127.97,493.11,64.862,139.20,134.21,78.061,164.95,120.19
2017-09-17,49.939,48.052,88.31,28.03,39386,1892.6,234.44,398.7,28,30.227,253.28,622.00,64.966,227.10,915.22,69.386,221.80,229.12,87.273,146.36,126.22
2017-09-24,48.127,45.952,87.93,27.92,38093,1750.4,226.74,383,28,29.264,248.75,590.22,62.843,221.99,863.50,65.248,186.05,181.31,83.988,138.96,115.41
2017-10-01,48.570,46.666,85.32,27.93,43971,2051.9,261.73,490,129.8,29.665,283.00,680.39,63.295,260.49,1018.5,65.484,208.07,202.03,85.031,177.65,151.02
2017-10-08,48.796,47.958,85.08,28.47,44764,2146.8,266.45,455,133.5,29.664,272.10,654.37,63.386,279.51,1095.3,67.675,225.74,226.44,84.981,200.79,170.62
2017-10-15,48.798,46.276,87.85,28.38,43913,2032.1,261.39,480,84.3,29.757,289.20,697.24,63.149,255.39,997.43,67.597,217.05,217.28,85.850,139.82,120.17
2017-10-22,48.925,44.590,87.47,28.81,40089,1787.5,238.62,494,60.1,29.968,288.46,701.56,63.083,207.97,812.31,68.288,200.61,203.39,85.660,82.010,70.276
2017-10-29,47.597,45.283,85.82,27.09,39034,1767.6,232.35,436,77.6,28.528,255.60,593.08,61.913,226.17,867.92,66.163,208.41,205.55,85.445,118.17,101.04
2017-11-05,47.565,45.970,85.74,24.98,37416,1720.0,222.72,390,110.3,27.888,237.17,537.10,62.134,221.43,852.44,68.293,196.38,199.59,85.522,153.09,130.92
2017-11-12,48.269,45.143,86.48,27.08,40676,1836.2,242.12,452,55.4,28.122,276.85,633.34,63.266,224.24,878.16,69.878,192.54,199.03,86.059,145.98,125.71
2017-11-19,48.444,46.387,87,27.08,45591,2114.8,271.38,440,107.3,28.067,291.26,663.39,63.674,273.76,1078.0,70.403,230.83,238.88,86.142,156.31,134.57
2017-11-26,48.128,44.657,86.74,27.09,45459,2030.0,270.59,458,56,28.445,314.67,726.57,62.879,248.52,968.42,68.216,205.91,208.16,85.979,147.35,126.90
2017-12-03,47.489,42.772,86.25,26.64,40979,1752.7,243.92,405,58,28.615,301.02,698.57,61.912,213.68,817.13,65.482,153.08,148.51,83.954,105.21,88.536
2017-12-10,47.220,42.006,85.76,24.95,34322,1441.7,204.30,375,34.6,28.440,260.43,602.95,61.749,164.85,633.14,63.981,154.37,147.67,84.119,69.070,57.973
2017-12-17,49.160,42.488,87.86,27.91,43009,1827.4,256.01,468.6,10,30.047,343.89,836.51,64.101,193.94,772.40,66.008,168.01,165.94,86.077,60.980,52.506
2017-12-24,50.587,45.034,88.99,29.81,33835,1523.7,201.40,372.5,20,31.105,255.90,643.97,65.646,164.54,670.67,68.708,157.07,160.88,87.846,54.900,48.191
2017-12-31,43.650,42.062,88.99,29.95,31135,1309.6,185.33,272.3,19,31.264,219.70,556.58,53.794,169.18,586.89,52.096,129.99,110.08,68.416,90.040,56.035
2018-01-07,47.430,43.327,88.79,29.96,32946,1427.4,196.11,301.6,22.8,31.530,238.88,610.65,61.870,164.39,618.23,59.109,164.87,142.37,69.170,93.170,56.195
2018-01-14,51.157,45.206,88.97,31.05,37425,1691.8,222.77,396.3,65.5,31.690,291.19,746.00,68.152,166.57,699.61,68.373,160.56,164.27,77.645,110.34,81.947
2018-01-21,51.275,42.426,91.07,31.22,38385,1628.5,228.48,447.6,10,31.764,332.93,854.98,68.220,142.71,594.42,68.645,107.07,109.30,78.198,96.330,69.818
2018-01-28,51.515,42.307,91.73,31.52,29049,1229.0,172.91,414.7,10,32.333,256.81,670.55,67.875,99.706,413.31,68.625,101.36,103.55,79.786,54.510,41.560
2018-02-04,52.135,45.925,94.95,27.15,26793,1230.5,159.48,294.6,10,31.911,212.42,555.29,69.673,116.49,502.26,68.561,74.980,77.972,82.579,124.00,94.962
2018-02-11,50.598,45.807,95.66,25.95,20606,943.87,122.65,312.1,12,30.355,157.49,398.18,68.139,86.211,367.57,65.934,84.233,83.485,82.816,124.00,94.632
2018-02-18,45.057,43.846,95.01,22.95,17961,787.51,106.91,225,35,25.544,115.64,238.76,61.473,91.676,349.37,61.445,98.087,90.206,76.753,143.86,109.17
2018-02-25,48.261,48.213,94.95,23.9,33128,1597.2,197.19,369,44,30.252,206.92,522.10,63.419,190.04,757.57,62.615,200.14,194.05,78.631,158.32,123.49
2018-03-04,48.604,55.160,95.95,20.97,26207,1445.6,155.99,345,30,24.765,111.91,234.67,68.374,195.22,833.04,72.224,225.49,245.27,83.689,165.55,132.57
2018-03-11,44.721,50.527,95.95,19.93,21292,1075.8,126.74,235.2,47,25.475,98.754,211.11,59.446,149.19,581.96,62.535,163.73,156.52,82.606,158.77,126.25
2018-03-18,41.762,41.143,94.94,19.96,16876,694.33,100.45,174,52,23.984,102.50,199.95,54.554,93.740,308.23,58.087,104.38,89.611,81.968,119.61,96.543
2018-03-25,37.145,38.339,94.96,21.4,16360,627.25,97.384,210,35,25.547,88.775,185.78,44.399,95.990,263.14,40.227,132.80,79.826,81.504,122.63,98.503
2018-04-01,39.996,43.302,94.96,19.04,20362,881.72,121.20,292,30,21.401,106.42,192.10,55.155,129.69,460.72,53.539,172.20,140.41,76.325,111.80,88.495
2018-04-08,37.697,39.336,94.94,19.09,25679,1010.1,152.85,270,32,21.134,151.98,264.63,50.024,146.03,472.30,48.557,184.72,141.52,79.137,154.40,131.64
2018-04-15,40.336,43.773,95.96,18.99,28831,1262.0,171.61,264,67,20.804,139.32,238.83,53.052,195.56,643.39,56.339,236.87,200.97,95.698,186.85,178.81
2018-04-22,41.320,50.144,96.94,17.9,22328,1119.6,132.90,275,3,20.234,73.209,126.42,55.476,181.46,622.19,59.733,226.07,201.08,96.730,175.64,169.93
2018-04-29,31.734,37.567,96.42,14.93,13351,501.56,79.470,213,4,17.523,56.519,81.170,38.590,91.934,221.94,40.459,113.27,70.148,91.243,137.41,128.30
2018-05-06,23.944,26.741,80,12.52,11504,307.63,68.476,158,25,14.148,54.284,62.276,30.673,85.032,166.83,26.375,69.533,29.935,57.924,79.200,48.593
2018-05-13,20.866,20.908,85.71,10.97,14830,310.06,88.271,140,30,12.090,79.914,77.428,25.161,101.00,156.43,22.796,90.667,31.253,62.417,73.460,44.948
2018-05-20,31.504,31.239,94.15,10.03,14154,442.14,84.248,159,41,17.405,71.580,99.817,37.035,98.013,206.57,52.173,100.62,77.199,80.417,76.960,58.564
2018-05-27,44.242,45.890,95.92,14.1,15877,728.59,94.505,192,23,22.834,87.535,164.50,57.963,95.321,345.83,69.740,137.86,141.65,94.338,80.880,76.614
2018-06-03,43.306,39.402,96.06,19.98,16877,664.98,100.46,206,25,23.236,121.57,231.51,56.370,74.295,254.73,62.918,112.87,104.80,91.909,73.127,73.948
2018-06-10,47.514,42.375,119.98,19.98,18035,764.25,107.35,253,20,23.925,126.49,245.71,59.950,91.972,309.93,76.571,109.57,124.77,98.585,60.233,83.840
2018-06-17,52.384,47.086,131.03,21.99,25483,1199.9,151.68,277,20,24.158,182.77,354.50,66.823,119.16,464.75,87.937,123.09,158.90,114.39,136.00,221.74
2018-06-24,56.697,58.718,142.28,23.4,26246,1541.1,156.23,318.6,20,25.183,153.69,311.17,69.477,149.36,608.45,114.35,120.28,203.96,120.66,231.97,417.54
2018-07-01,60.445,62.951,148.03,24.68,30682,1931.5,182.63,300,78.3,25.757,175.90,365.86,71.209,174.51,709.68,139.07,192.39,399.88,128.24,240.08,456.07
2018-07-08,58.237,58.409,149.93,24.96,33596,1962.3,199.98,478.2,23,29.143,183.16,444.86,65.801,208.75,733.93,121.99,189.03,310.63,122.85,268.39,472.86
2018-07-15,65.200,61.431,150.98,24.96,29883,1835.8,177.88,373.7,40,29.840,195.65,476.79,75.474,166.26,717.79,148.61,154.21,343.38,133.69,149.71,297.80
2018-07-22,66.889,62.496,159.12,25.83,31494,1968.2,187.46,385,84.9,30.587,208.83,522.66,77.914,172.55,764.12,151.99,154.22,352.05,135.93,161.97,329.42
2018-07-29,68.960,65.440,160,26.74,40291,2636.7,239.83,410,87.1,30.947,262.75,672.94,81.283,221.24,1033.1,156.22,216.09,507.78,140.15,210.43,422.85
2018-08-05,65.571,65.465,160.55,24.96,34993,2290.8,208.29,444.2,43,27.656,207.24,467.23,76.892,214.15,961.24,155.12,197.79,462.82,137.74,202.18,399.51
2018-08-12,58.947,55.169,153.66,23.98,31264,1724.8,186.09,363,47,27.800,216.00,491.38,61.741,153.24,547.79,145.94,150.11,330.77,129.54,185.45,354.86
2018-08-19,58.389,56.964,159.92,23.95,33861,1928.9,201.56,361,78,26.477,216.33,468.06,60.845,183.79,645.02,148.16,191.47,421.08,131.61,199.35,394.73
2018-08-26,56.396,57.828,143.71,23.97,40957,2368.5,243.79,418,157,26.685,246.62,537.68,60.736,229.68,813.70,136.13,252.00,515.84,120.60,273.93,501.24
2018-09-02,56.814,63.381,149.28,23.96,38945,2468.4,231.81,470,100.6,26.469,225.45,486.78,59.482,195.26,666.03,143.17,353.73,763.57,124.18,283.17,551.99
2018-09-09,47.141,47.411,89.93,24.97,48538,2301.2,288.92,462,118,27.182,299.27,662.73,59.415,262.21,975.76,76.525,303.03,352.71,88.629,349.50,310.03
2018-09-16,47.825,49.536,89.97,25.01,51991,2575.4,309.47,517.8,215,27.982,295.01,671.49,60.040,301.00,1129.1,76.811,370.69,429.05,89.353,387.29,345.82
2018-09-23,48.412,46.519,89.94,25.07,52964,2463.8,315.26,492.4,160.4,28.818,339.77,792.50,60.621,299.66,1122.0,76.140,292.72,327.21,89.842,247.27,222.11
2018-09-30,49.129,46.210,90.04,27.06,45271,2092.0,269.47,557,110,29.447,315.57,753.75,61.580,230.35,891.65,76.696,232.27,271.57,89.998,194.45,175.00
2018-10-07,50.203,42.494,90.89,29.73,64819,2754.4,385.83,807.9,50.5,30.667,551.07,1367.1,62.826,230.84,909.68,76.893,270.84,314.92,90.156,180.70,162.70
2018-10-14,51.129,45.983,107.69,29.08,73672,3387.6,438.52,777.9,59.1,30.578,512.30,1267.5,63.038,416.28,1615.7,77.251,373.43,424.34,104.57,76.420,80.030
2018-10-21,52.764,43.904,130.01,29.96,58337,2561.2,347.24,615,20,31.448,469.29,1193.5,64.366,264.97,1046.8,78.947,225.21,260.76,114.21,51.820,60.101
2018-10-28,53.065,46.887,130,30.05,65334,3063.3,388.89,665,70,31.083,461.88,1163.4,65.055,357.95,1427.2,79.585,323.39,369.59,117.01,87.810,103.14
2018-11-04,52.656,47.388,130,29.95,67229,3185.9,400.17,591,13.8,31.137,445.07,1119.9,64.760,416.97,1645.6,79.221,316.20,354.00,112.08,58.360,66.321
2018-11-11,53.671,48.440,140.04,29.08,48055,2327.8,286.04,561,57,31.844,320.18,814.57,65.929,281.67,1127.6,79.759,259.92,297.65,115.33,75.820,87.976
2018-11-18,55.704,46.204,140.04,28.29,44854,2072.4,266.99,555.6,59,32.703,361.19,939.42,68.689,193.54,810.82,81.316,181.83,214.30,123.09,87.090,107.88
2018-11-25,59.211,48.795,171.8,29.92,41771,2038.2,248.64,459.8,40,34.309,329.61,891.30,70.917,183.10,786.51,82.921,190.59,230.07,152.77,86.210,130.35
2018-12-02,60.850,47.519,176.2,26.84,35699,1696.4,212.49,434,35,32.969,293.56,758.42,73.375,149.76,674.59,84.175,141.55,174.38,174.05,51.200,88.999
2018-12-09,62.288,49.118,180.19,26.14,37267,1830.5,221.82,464,18,33.095,298.29,759.40,76.388,156.14,718.12,85.979,180.05,226.72,175.78,72.400,126.22
2018-12-16,59.393,42.471,220.8,24.98,35996,1528.8,214.26,460,0,32.388,341.88,866.33,71.972,98.287,444.32,83.369,116.25,144.60,164.18,46.600,73.560
2018-12-23,46.483,40.603,220.13,22.53,35928,1458.8,213.86,487,0,27.317,272.46,593.90,59.546,176.62,657.98,59.760,127.42,119.24,100.82,99.760,87.666
2018-12-30,34.299,32.584,78.24,21.92,32741,1066.8,194.88,382,10,26.007,259.93,540.55,41.923,148.59,410.77,33.840,97.740,54.161,54.894,100.79,61.347
2019-01-06,36.397,32.817,72.91,23.2,35037,1149.8,208.55,428,60.5,26.795,279.61,596.91,45.899,146.22,404.40,35.106,120.90,60.686,57.201,150.93,87.813
2019-01-13,42.722,40.974,133.4,21.95,27689,1134.5,164.81,381,16,25.552,188.87,397.02,56.615,145.51,533.57,48.026,140.31,100.40,87.702,126.45,103.52
2019-01-20,41.116,36.608,135,20.95,16645,609.35,99.080,242,0,22.767,114.62,211.60,55.896,89.424,305.59,49.705,108.93,77.330,85.233,18.290,14.832
2019-01-27,44.969,34.545,97.99,20.99,29422,1016.4,175.13,410,0,24.739,259.93,518.28,63.455,103.95,398.45,53.853,114.52,83.984,80.892,20.590,15.676
2019-02-03,46.998,36.690,120.05,21.56,38255,1403.6,227.71,486,8,26.498,336.16,710.32,63.988,137.48,534.28,55.111,138.60,118.71,95.535,42.420,40.279
2019-02-10,54.437,40.882,170.08,21.78,40937,1673.6,243.67,483,0,27.062,344.25,734.37,73.424,163.36,714.49,69.903,171.99,179.90,135.26,34.400,44.817
2019-02-17,53.691,38.802,183.24,19.98,34802,1350.4,207.16,549,13,25.533,294.00,547.54,70.063,128.64,556.00,70.057,172.65,181.58,155.71,42.300,65.261
2019-02-24,43.869,34.693,145.53,19.91,24829,861.39,147.79,449,10,22.817,208.16,391.04,62.478,95.397,363.25,48.074,114.00,81.091,92.708,34.290,26.009
2019-03-03,40.060,37.047,94.99,16.92,18504,685.50,110.14,286,14,19.474,119.45,192.18,58.610,107.35,384.19,46.937,124.40,84.757,81.478,30.600,24.363
2019-03-10,42.277,39.324,120.47,16.91,26897,1057.7,160.10,344,22,24.674,181.71,370.67,57.820,142.08,503.60,43.761,158.00,100.41,86.264,99.980,82.997
2019-03-17,56.136,39.336,175.36,18.97,21656,851.84,128.90,342.3,0,30.111,193.76,435.12,71.847,69.105,294.76,69.730,104.89,107.61,149.13,10.300,14.335
2019-03-24,46.235,43.753,175,17.93,13789,603.31,82.079,332,0,22.352,85.567,158.69,64.742,79.498,307.38,65.377,82.400,81.180,96.240,69.340,56.061
2019-03-31,52.717,45.647,156.73,17.94,20577,939.27,122.48,320,15,26.437,155.22,348.57,72.101,91.142,399.00,76.009,136.85,162.11,110.47,30.060,29.595
2019-04-07,53.480,54.171,97.98,21.95,23603,1278.6,140.49,233,53.1,28.102,137.57,321.46,72.067,143.14,638.74,84.039,161.20,204.07,97.956,116.68,114.29
2019-04-14,55.599,54.302,99.96,24.23,26395,1433.3,157.11,291,51.8,31.614,172.18,454.25,72.724,138.29,627.89,85.039,169.06,218.23,99.550,133.82,132.92
2019-04-21,52.716,54.592,153.64,24.94,26982,1473.0,160.60,408,30,29.771,173.10,431.00,68.615,141.88,648.69,79.387,194.33,259.55,99.984,124.90,133.74
2019-04-28,57.049,54.186,162.32,29.96,36990,2004.4,220.18,421,30,33.455,270.63,744.58,74.243,181.39,893.26,81.396,179.57,239.60,105.04,112.95,126.93
2019-05-05,62.616,56.636,163.04,32.98,34721,1966.4,206.67,438,29,41.797,229.70,694.53,76.174,192.65,878.49,79.914,204.15,259.75,121.23,110.86,133.67
2019-05-12,69.238,56.235,162.21,34.95,35990,2023.9,214.23,422,23,40.369,296.53,938.44,87.293,143.28,754.28,99.540,153.90,221.45,145.68,77.870,109.72
2019-05-19,68.551,54.753,164.27,25.08,29934,1639.0,178.18,396.4,21,41.094,256.39,801.45,87.038,105.58,562.53,93.137,127.61,180.61,139.45,70.620,94.397
2019-05-26,71.493,57.658,164.02,36.43,27389,1579.2,163.03,376.8,24,42.268,231.90,739.93,90.995,101.44,569.94,99.841,102.21,156.04,144.77,78.260,113.28
2019-06-02,74.179,59.918,163.56,36.6,27662,1657.5,164.66,435.2,33,42.541,232.73,750.40,96.836,102.80,614.97,101.28,105.53,163.93,149.32,85.480,128.19
2019-06-09,87.924,68.391,194.52,36.97,22706,1552.8,135.15,300.5,5,43.172,182.75,611.55,104.30,104.68,609.64,173.33,86.967,220.67,181.94,42.067,110.98
2019-06-16,90.775,81.288,189.71,38.08,23879,1941.0,142.13,330,0,45.592,170.52,584.61,104.31,114.26,689.01,187.20,129.59,365.25,186.91,107.33,302.17
2019-06-23,95.418,79.988,200.45,42.46,39530,3161.9,235.30,671.2,45,50.866,320.64,1245.4,107.45,145.70,904.23,193.43,196.29,569.11,192.26,153.93,443.12
2019-06-30,100.71,76.044,211.97,46.75,49023,3728.0,291.81,835.4,23,53.976,446.83,1865.3,112.19,145.65,931.26,207.21,180.87,561.91,202.97,121.00,369.46
2019-07-07,98.503,75.357,214.07,46.98,48741,3673.0,290.13,828.3,40,52.661,453.14,1881.7,108.62,125.94,782.62,213.18,190.53,609.27,192.93,133.35,399.43
2019-07-14,97.976,86.424,219.22,47.07,38157,3297.7,227.13,668.9,40,54.847,305.63,1277.1,105.54,132.94,797.47,214.73,247.08,795.75,185.37,141.17,427.36
2019-07-21,108.82,91.857,400,53.1,39278,3607.9,233.79,529,60,70.341,310.44,1557.9,112.13,164.67,1055.6,221.02,182.69,605.31,191.85,133.67,389.18
2019-07-28,100.65,88.587,229.51,53.95,41477,3674.4,246.89,431.5,60,56.275,324.40,1454.7,108.74,168.60,1049.5,218.56,219.33,719.21,191.67,153.39,450.96
2019-08-04,98.977,80.719,230.51,52.29,47460,3830.9,282.50,606.4,60,55.527,413.87,1830.2,105.44,153.98,929.00,212.48,189.97,605.73,195.56,153.97,465.97
2019-08-11,97.876,78.476,232.92,50.24,45608,3579.1,271.47,731.1,8.3,55.939,413.59,1808.0,105.26,120.64,711.00,205.47,214.61,660.87,188.70,134.07,399.28
2019-08-18,94.734,76.273,232.93,49.77,37068,2827.2,220.64,499,5,52.631,328.09,1382.4,101.86,117.75,676.65,201.59,157.38,476.21,188.17,94.640,291.98
2019-08-25,97.042,76.543,230.98,48.92,36955,2828.6,219.97,525.6,0,51.853,312.98,1298.1,102.45,147.37,852.45,206.29,145.65,449.25,211.28,67.927,228.79
2019-09-01,96.390,70.169,249.62,38.09,47182,3310.7,280.84,572.4,0,49.381,420.95,1672.9,101.41,178.62,1022.0,204.19,134.07,409.93,223.37,59.520,205.90
2019-09-08,74.037,62.007,238.61,29.98,50971,3160.6,303.40,642.3,0,39.159,388.68,1235.2,87.228,235.95,1266.4,121.06,248.91,429.78,204.23,112.55,229.14
2019-09-15,70.985,58.752,205.42,29.98,54578,3206.6,324.87,614.2,72.4,38.367,434.27,1353.6,87.071,230.32,1240.1,98.483,268.33,398.05,194.22,109.75,214.84
2019-09-22,66.490,54.471,179.99,35.26,54404,2963.4,323.83,867,54,38.732,457.33,1415.6,80.867,197.86,997.34,93.210,269.77,379.51,162.11,104.58,170.99
2019-09-29,64.739,50.959,188.72,29.94,42922,2187.2,255.49,705,58,33.524,369.35,1040.2,79.405,152.79,743.15,93.949,178.26,247.77,182.84,85.730,156.08
2019-10-06,63.634,58.336,184.08,30.94,28577,1667.0,170.10,355,35,35.170,197.03,552.82,78.271,141.90,691.59,90.857,176.89,238.06,162.60,116.63,184.57
2019-10-13,63.455,54.188,186.65,31,54220,2938.1,322.74,563,50.1,36.173,415.47,1206.9,78.201,252.26,1215.0,88.292,248.40,333.70,155.76,120.03,182.53
2019-10-20,61.560,56.214,152.25,30.99,59309,3334.0,353.03,567.8,67.2,35.944,393.53,1126.2,76.877,346.46,1645.9,81.168,315.92,386.00,144.67,121.37,175.82
2019-10-27,57.627,52.551,143.92,27.98,60228,3165.0,358.50,535,60,31.714,397.58,1007.3,75.161,362.89,1688.3,69.821,298.41,322.53,140.52,104.82,146.95
2019-11-03,58.211,53.174,139.92,26.99,53323,2835.4,317.40,547.3,58,34.392,345.17,922.20,74.187,307.88,1410.2,68.495,325.13,311.87,136.67,139.84,191.13
2019-11-10,80.638,57.139,234,31.75,28821,1646.8,171.55,479.6,0,38.690,237.80,694.92,108.12,112.77,657.12,106.34,140.26,197.52,211.46,46.300,97.212
2019-11-17,68.154,54.929,224.99,29.97,47015,2582.5,279.85,481,27,35.335,340.55,962.62,81.495,261.57,1263.8,87.179,174.24,222.49,222.74,60.000,133.65
2019-11-24,66.353,59.358,219.93,29.97,49538,2940.5,294.87,488.1,60,33.855,316.32,851.26,80.333,313.18,1545.4,85.781,212.13,263.57,213.76,131.74,280.24
2019-12-01,88.843,72.549,275,29.99,25597,1857.0,152.36,400,0,54.062,182.25,758.33,105.93,129.98,765.78,99.349,150.50,211.44,248.90,51.890,121.50
2019-12-08,96.857,80.167,275.6,40.75,31022,2487.0,184.66,395.8,12,60.480,216.77,1029.1,116.01,157.32,1004.0,103.76,212.61,318.09,262.39,52.100,135.72
2019-12-15,94.902,85.608,239.92,43.97,35449,3034.7,211.00,387.2,38,61.550,213.92,1025.1,114.93,209.73,1396.1,100.71,289.88,434.55,232.15,76.980,178.95
2019-12-22,85.245,71.544,235.18,35.97,25219,1804.2,150.11,359,40,49.563,194.15,751.98,106.24,111.73,708.23,97.945,124.03,184.76,225.04,70.440,159.28
2019-12-29,64.079,62.668,276.85,29.98,29376,1840.9,174.86,362,23,44.659,156.16,537.24,78.991,198.53,953.21,70.918,254.87,278.46,118.68,59.500,71.995
2020-01-05,75.227,61.666,277.33,31.93,29015,1789.2,172.71,394,14,43.584,173.37,533.48,87.759,174.33,866.85,78.369,250.80,294.42,249.13,40.130,94.467
2020-01-12,78.437,63.066,280.63,31.96,31824,2007.0,189.43,375,2,49.320,213.43,812.49,83.907,164.20,778.98,78.783,263.62,302.86,279.86,40.200,112.67
2020-01-19,79.004,64.671,281.31,39.96,29380,1900.0,174.88,364,11,50.510,182.60,661.59,83.136,167.56,788.60,81.746,242.03,290.22,280.08,57.000,159.64
2020-01-26,77.174,64.417,281.9,39.95,28499,1835.8,169.63,312.2,1,53.675,151.99,544.48,75.703,195.05,861.05,81.481,239.63,294.83,270.17,50.000,135.44
2020-02-02,77.119,67.287,282,37.91,27107,1824.0,161.35,342,0,56.677,106.26,376.69,74.298,226.38,998.58,79.809,262.67,314.13,256.17,52.500,134.56
2020-02-09,77.925,72.457,282,34.98,15398,1115.7,91.652,316,0,59.112,41.309,136.88,73.011,140.61,628.94,81.625,192.27,235.10,255.22,45.000,114.75
2020-02-16,72.203,69.519,282,34.03,19736,1372.0,117.47,232,0,48.025,64.028,210.07,74.151,182.28,807.33,81.539,179.86,221.54,241.96,55.000,133.05
2020-02-23,71.791,68.957,282,30.57,16892,1164.8,100.55,216,0,44.852,55.925,173.44,75.447,151.75,668.69,81.544,164.27,200.47,252.70,49.000,122.25
2020-03-01,81.527,76.676,364.15,32.18,15827,1213.6,94.211,216.3,0,51.065,46.575,164.79,91.292,149.37,751.02,81.612,160.94,198.49,267.60,38.000,99.289
2020-03-08,87.227,71.656,282,33.25,14209,1018.2,84.580,239.5,0,59.120,47.269,160.95,93.485,133.78,611.94,100.09,115.93,158.61,256.81,34.710,86.697
2020-03-15,89.734,78.480,273.13,29.99,13361,1048.6,79.530,210,10,45.791,55.768,178.71,112.27,112.65,622.77,121.80,98.400,149.70,257.87,38.380,97.378
2020-03-22,98.100,91.009,240.26,30.02,12903,1174.3,76.805,130,9,56.748,76.202,292.08,117.12,79.297,558.99,154.77,83.267,193.39,230.10,56.550,129.85
2020-03-29,74.407,67.330,244,29.95,13407,902.66,79.801,152,20,35.661,90.210,254.84,95.836,68.419,401.01,106.78,87.173,132.40,206.83,55.000,114.42
2020-04-05,61.876,57.522,220.09,19.99,12824,737.67,76.335,143,20,28.715,82.957,191.35,86.220,69.868,361.33,85.271,79.533,100.62,144.45,58.000,84.371
2020-04-12,39.389,30.764,179.42,19.96,19469,598.95,115.89,210,40,22.108,149.52,261.07,51.892,80.226,216.70,44.288,116.60,63.668,94.489,63.500,57.519
2020-04-19,36.325,30.725,271,19.94,17091,525.12,101.73,198,40,21.465,116.26,199.38,45.541,80.258,194.73,38.039,138.14,75.178,96.980,62.600,55.832
2020-04-26,37.784,33.816,91.6,19.95,24494,828.29,145.80,262,40,21.030,166.23,281.84,50.728,124.24,382.90,40.682,181.80,110.22,88.887,60.000,53.332
2020-05-03,39.329,36.439,86.97,19.88,23647,861.69,140.76,273,40,30.745,120.38,251.93,46.022,160.24,439.98,35.731,206.41,114.15,72.761,86.550,55.626
2020-05-10,43.946,39.143,270.5,19.97,14747,577.24,87.780,183,40,24.697,93.802,179.87,55.737,82.050,270.67,50.706,104.46,69.754,116.61,49.500,56.954
2020-05-17,49.868,40.970,296,20.92,19153,784.71,114.01,193.1,5,33.747,115.76,246.61,54.510,112.09,362.73,42.104,153.19,97.028,163.32,53.010,78.345
2020-05-24,48.213,37.094,298.35,19.96,19509,723.65,116.12,212.4,32.4,22.662,149.31,270.34,54.804,75.777,245.29,42.553,142.35,90.686,222.80,58.090,117.34
2020-05-31,36.992,34.987,119.91,19.78,22052,771.51,131.26,273,40,21.693,140.06,248.74,47.265,111.85,326.90,40.496,188.80,111.85,91.962,93.950,84.016
2020-06-07,39.575,42.439,185.44,19.93,22958,974.34,136.66,286,52,21.200,113.93,195.48,44.835,149.49,382.93,42.179,191.97,125.03,116.21,155.35,270.90
2020-06-14,46.337,47.533,220.04,19.92,26728,1270.5,159.10,327,55,21.056,135.46,231.32,54.734,166.99,515.77,48.287,260.99,185.92,149.00,154.87,337.46
2020-06-21,50.432,50.879,220.96,19.92,22175,1128.3,132.00,293,50,21.276,118.60,206.84,58.062,123.06,403.41,53.256,253.53,202.77,176.06,116.73,315.25
2020-06-28,51.132,45.469,233.01,19.35,25798,1173.0,153.56,302,56,20.644,163.24,272.56,57.493,126.81,409.93,53.615,254.11,199.39,189.12,102.40,291.11
2020-07-05,51.047,39.216,231.54,18.97,27887,1093.6,165.99,337,60,20.316,212.41,350.41,58.306,116.53,381.07,54.278,196.50,155.18,186.17,72.807,206.94
2020-07-12,51.773,43.791,214.92,18.95,24502,1073.0,145.84,314,60,20.563,169.39,285.54,59.717,123.74,417.60,57.112,167.12,135.74,184.78,81.400,234.07
2020-07-19,50.358,48.569,209.97,18.94,18113,879.74,107.82,272,55,19.969,108.92,179.38,57.349,105.10,344.72,55.965,134.87,112.85,182.28,85.093,242.79
2020-07-26,52.536,44.990,209.96,19.96,23420,1053.7,139.41,306,60,21.459,170.68,298.53,59.579,112.46,374.89,63.862,120.80,116.84,182.27,91.560,263.42
2020-08-02,51.929,44.743,209.92,19.95,22213,993.89,132.22,252,60,22.170,153.91,281.86,58.928,116.46,382.61,56.899,125.60,108.66,181.06,81.620,220.75
2020-08-09,50.278,47.966,208,19.29,17994,863.09,107.10,249.4,41,21.146,99.620,173.60,57.221,107.99,336.17,58.281,164.42,145.72,173.21,86.853,207.59
2020-08-16,51.362,47.112,225.07,19.95,23152,1090.7,137.81,247.5,61.8,21.120,138.89,240.15,56.688,136.01,426.26,57.681,180.60,158.15,188.10,96.027,266.18
2020-08-23,54.008,46.740,221.58,19.94,25658,1199.2,152.72,308,64,22.029,175.23,317.36,58.264,131.09,422.17,77.248,171.33,190.25,187.28,94.773,269.46
2020-08-30,60.464,51.277,299.52,19.83,19942,1022.5,118.70,260,29,21.660,118.85,211.59,59.185,118.79,400.87,60.113,173.61,158.65,275.22,62.667,251.44
2020-09-06,57.163,48.378,296.94,20.91,19659,951.07,117.02,227,45,22.402,128.59,234.94,74.993,104.29,434.15,57.457,116.29,97.481,213.85,103.45,184.50
2020-09-13,53.343,46.215,289.95,21,23231,1073.6,138.28,275,49,24.708,157.81,311.89,73.818,128.49,554.07,58.765,104.75,89.540,150.22,91.100,118.11
2020-09-20,46.854,45.027,90,24.92,15083,679.14,89.780,183,40,26.539,95.412,205.97,63.753,79.718,310.73,57.955,108.20,91.429,89.988,78.910,71.009
2020-09-27,45.670,44.465,90,21.96,21480,955.13,127.86,237,60,25.523,130.56,267.69,62.240,128.61,495.36,56.420,144.96,123.97,89.989,75.680,68.103
2020-10-04,48.659,43.323,100.08,24.94,20835,902.64,124.02,230,40,28.128,156.35,356.40,66.177,91.550,376.81,56.898,119.25,103.29,93.999,70.590,66.141
2020-10-11,49.518,49.364,124.91,24.98,20956,1034.5,124.74,288,51.4,27.298,118.38,263.31,68.202,136.07,567.08,59.122,155.19,144.24,99.244,60.330,59.843
2020-10-18,50.967,45.760,197.42,29.97,13040,596.71,77.618,227,0,32.411,104.17,270.71,65.343,51.355,219.48,58.753,54.540,46.252,100.45,60.000,60.272
2020-10-25,60.415,47.580,299.43,29.98,21381,1017.3,127.27,257.3,5,31.377,169.19,429.57,60.196,92.387,343.76,59.016,93.927,82.510,299.08,54.000,161.49
2020-11-01,79.082,70.202,299.95,28.5,17158,1204.5,102.13,183,0,34.662,110.38,309.79,103.19,95.524,618.74,72.577,121.27,133.66,299.19,47.600,142.33
2020-11-08,101.17,90.402,299.05,33.96,18249,1649.8,108.63,187.4,40,39.121,119.78,383.67,149.39,97.405,888.08,106.28,127.38,200.54,297.21,59.710,177.46
2020-11-15,109.17,93.426,296.92,37.96,20007,1869.2,119.09,282,30,46.483,141.41,502.47,152.59,98.690,934.46,144.51,122.27,255.42,294.74,60.000,176.84
2020-11-22,111.60,92.586,300.01,42.91,19825,1835.5,118.00,304.6,30,54.341,150.89,600.68,148.54,87.156,821.66,146.34,107.58,241.14,294.26,58.480,172.00
2020-11-29,105.80,86.210,299.35,43.61,19461,1677.8,115.84,276,26,47.608,156.14,602.07,141.17,78.198,692.01,146.74,95.193,224.39,296.42,53.800,159.30
2020-12-06,104.29,86.995,299.01,44.97,18939,1647.6,112.73,258.3,40,49.500,144.61,581.26,135.84,81.613,682.72,142.87,104.41,207.02,294.63,59.940,176.60
2020-12-13,97.733,88.069,290.15,44.94,17589,1549.0,104.69,198,17,49.755,117.09,463.99,122.98,95.726,714.45,130.29,104.60,201.98,280.98,60.000,168.59
2020-12-20,91.264,88.785,270.18,44.04,17254,1531.9,102.70,252,55,49.729,97.644,389.47,114.04,113.53,807.22,111.84,113.73,181.83,255.64,60.000,153.39
2020-12-27,73.556,64.216,225.03,44.12,24950,1602.2,148.51,263,30,48.771,177.34,692.96,88.266,120.40,630.56,84.477,154.18,167.78,166.74,80.810,110.88
2021-01-03,63.037,60.553,180.06,50.01,16278,985.69,96.893,230,29,50.368,118.18,482.77,66.310,76.661,320.95,82.169,87.667,108.85,116.67,63.740,73.113
2021-01-10,69.770,64.834,299.2,46.33,15032,974.57,89.475,190,11,50.510,104.72,426.67,74.485,77.779,354.59,84.569,81.000,106.09,174.34,51.200,87.217
2021-01-17,63.997,60.388,170.08,44.7,16473,994.79,98.056,240,30,49.378,114.38,454.68,72.477,87.194,377.29,83.029,76.167,96.471,101.30,65.990,66.357
2021-01-24,63.703,60.682,170.07,42.04,18145,1101.1,108.00,212,30,49.332,106.91,426.84,72.780,124.42,520.49,81.735,81.933,101.18,96.778,54.160,52.541
2021-01-31,63.763,60.161,172.18,42.04,21339,1283.8,127.02,341,30,46.948,128.44,494.13,72.309,144.86,602.17,81.728,87.560,108.23,120.04,64.010,79.219
2021-02-07,105.17,99.634,299.29,46.98,14320,1426.8,85.239,199,39,89.455,92.491,607.93,126.04,79.087,621.90,87.936,92.340,125.09,128.99,53.990,71.854
2021-02-14,88.323,87.328,299.55,42.13,14952,1305.8,89.001,162,29,51.237,85.111,343.99,122.38,98.713,737.45,105.71,88.533,131.39,151.47,61.000,92.922
2021-02-21,80.663,81.353,299.01,42.13,16290,1325.2,96.965,170,29,46.307,91.833,348.78,105.60,104.68,683.33,86.804,105.40,139.01,195.09,78.030,154.13
2021-02-28,65.497,64.077,204.07,42.13,16750,1073.3,99.702,187,29,46.248,97.827,371.97,75.273,107.11,483.80,81.806,105.91,131.24,136.33,59.660,86.283
2021-03-07,67.314,66.521,204.05,40.1,17532,1166.2,104.35,193,20,45.092,85.063,316.60,78.401,133.43,613.38,82.027,115.95,137.32,156.50,62.930,98.914
2021-03-14,67.145,64.128,170.05,42.13,20047,1285.6,119.33,212,60,49.074,118.06,481.12,73.176,131.86,563.37,82.274,97.360,114.41,153.44,84.840,126.70
2021-03-21,56.747,51.253,165.33,25.06,18827,964.92,112.06,210,55,34.957,132.33,368.88,68.909,94.027,385.86,81.617,95.400,111.52,120.53,84.690,98.666
2021-03-28,52.508,49.102,147.19,25.09,20017,982.87,119.15,248,46,35.304,135.49,381.10,61.436,102.32,385.32,67.769,115.63,107.56,113.61,96.390,108.89
2021-04-04,50.388,43.582,150,25.32,29370,1280.0,174.82,377,35,34.193,202.30,537.94,59.925,160.12,557.99,59.934,152.75,111.51,108.11,76.550,72.572
2021-04-11,77.551,54.286,299.92,36.02,14408,782.12,85.759,226,0,39.060,92.500,293.82,92.139,92.226,364.84,94.571,69.133,80.820,273.36,16.000,42.648
2021-04-18,86.780,65.158,299.92,27.08,19518,1271.7,116.18,221,5,40.385,134.77,436.82,103.13,105.08,537.32,128.08,110.03,167.01,299.27,43.650,130.60
2021-04-25,84.527,67.314,299.77,27.05,17962,1209.1,106.92,193,14,38.675,123.18,380.38,99.608,96.168,515.93,126.72,100.12,157.09,299.13,52.050,155.70
2021-05-02,83.701,68.149,299.33,30.06,16173,1102.2,96.267,225.5,20,38.532,114.23,349.87,98.163,78.861,437.12,124.95,98.460,150.18,298.03,55.380,165.00
2021-05-09,85.570,70.747,299.42,30.58,17066,1207.3,101.58,219,35,39.625,122.20,383.62,106.28,83.806,512.10,107.53,92.093,136.77,296.40,59.000,174.85
2021-05-16,85.471,67.911,299.33,29.91,17172,1166.2,102.21,216,40,38.054,129.27,387.95,105.75,79.613,492.52,116.60,83.880,134.98,297.11,50.730,150.73
2021-05-23,92.217,71.481,299.66,26.98,17511,1251.7,104.23,215,17,38.382,131.65,402.82,124.65,81.619,585.01,112.19,91.800,142.32,297.24,40.960,121.55
2021-05-30,79.596,62.885,299.57,27.09,20151,1267.2,119.95,286,38,36.155,149.00,423.78,100.21,95.306,550.02,103.97,109.07,151.49,267.12,53.740,141.92
2021-06-06,122.56,107.00,299.69,36.1,14265,1526.4,84.914,198,0,73.959,92.625,437.52,133.83,69.543,522.55,183.73,139.79,383.49,291.48,45.186,182.83
2021-06-13,121.34,105.83,299.15,35.08,17165,1816.7,102.18,201,0,57.476,125.29,574.79,143.91,67.733,534.58,202.71,163.63,497.41,299.09,46.780,209.87
2021-06-20,116.32,101.37,299.1,35.07,16971,1720.4,101.02,215,32,56.902,119.14,543.22,133.85,78.782,561.79,192.67,140.40,403.35,294.20,48.313,212.01
2021-06-27,114.77,101.93,299.18,35.1,17592,1793.2,104.72,203,33,57.192,112.02,504.12,131.96,97.202,671.16,184.62,147.81,399.31,290.46,50.727,218.59
2021-07-04,109.57,101.55,297.75,35.02,21239,2156.8,126.42,270,45,50.264,140.57,579.51,129.66,101.92,719.92,186.63,188.15,520.35,276.47,81.407,337.03
2021-07-11,111.53,98.976,290.8,35.08,20159,1995.2,119.99,222,43,51.657,141.38,576.53,133.37,93.289,691.17,181.50,148.70,400.75,281.92,77.293,326.80
2021-07-18,117.74,104.06,299.9,35.09,21870,2275.7,130.18,211,11,58.982,142.46,656.28,137.52,124.97,924.98,188.77,147.46,408.46,288.84,66.360,285.94
2021-07-25,109.77,99.583,299.57,34.95,25078,2497.4,149.27,277,39.6,46.655,164.45,609.49,129.95,133.88,972.86,189.39,187.93,532.20,294.24,87.133,382.80
2021-08-01,110.21,100.65,299.46,34.94,27223,2740.1,162.04,342,41,48.755,176.94,668.37,128.12,144.22,1057.5,189.31,220.23,610.02,294.90,91.087,404.15
2021-08-08,114.21,98.683,303.23,35.07,27978,2761.0,166.54,306,57,51.944,196.81,808.11,130.70,142.05,1022.5,201.25,167.06,499.53,300.72,95.607,430.90
2021-08-15,111.90,102.82,299.08,35.02,26588,2733.7,158.26,332,63.5,47.403,167.09,635.89,130.27,152.54,1054.5,203.41,181.32,553.36,298.91,109.27,489.94
2021-08-22,102.93,96.496,299.08,35.07,25552,2465.6,152.09,330,42.3,43.444,156.89,555.75,111.46,154.64,972.48,203.10,180.69,550.48,291.59,87.907,386.92
2021-08-29,98.727,84.410,289.12,36.08,30621,2584.7,182.27,375,54.1,44.056,236.03,832.74,103.55,123.49,733.04,205.06,190.25,583.42,269.30,107.33,435.54
2021-09-05,94.115,85.997,270.46,32.08,30829,2651.2,183.51,325,60,42.299,218.80,748.20,107.25,143.54,925.32,194.84,179.05,525.80,252.28,150.67,451.89
2021-09-12,98.460,86.091,290.03,32.04,27884,2400.6,165.98,320,55,43.067,194.77,667.30,120.05,137.08,978.39,188.21,183.71,517.69,278.63,85.330,237.21
2021-09-19,97.742,88.547,283.46,32.07,27502,2435.2,163.70,310,56,42.347,186.16,639.57,120.06,141.16,1044.3,183.46,190.87,525.76,279.49,80.730,225.58
2021-09-26,100.22,83.028,304.25,32.06,25239,2095.5,150.23,245,15,44.656,175.53,635.23,121.01,132.53,897.21,188.99,158.03,439.58,288.20,43.360,123.52
2021-10-03,104.96,85.381,304.75,41.94,23972,2046.7,142.69,248,5,53.064,171.27,697.38,121.78,124.88,881.71,184.28,137.71,379.98,302.10,29.110,87.671
2021-10-10,106.88,84.411,310.89,32.07,16259,1372.4,96.780,234,0,56.422,116.07,444.39,125.09,89.997,690.83,171.21,75.147,191.77,306.15,15.000,45.457
2021-10-17,130.23,87.970,312.38,30.24,12184,1071.9,72.526,251,0,69.995,108.11,525.95,159.52,37.552,314.70,214.05,69.940,215.67,310.86,5.0000,15.540
2021-10-24,120.98,93.429,318.5,32.09,18095,1690.6,107.71,256,0,58.130,162.60,746.47,148.59,53.773,552.09,218.73,78.273,262.47,312.24,41.600,129.55
2021-10-31,144.69,120.07,320,45.46,17036,2045.6,101.41,244,0,79.932,122.16,699.30,184.16,79.195,825.76,216.93,123.35,400.23,316.19,38.100,120.29
2021-11-07,111.80,77.253,318.6,30.04,24170,1867.2,143.87,316,14,43.794,196.37,659.02,142.55,107.17,814.94,220.71,79.100,260.10,308.63,43.340,133.14
2021-11-14,105.57,73.582,306.45,29.03,32017,2355.8,190.57,375,40,39.917,274.70,895.27,135.84,121.84,934.46,203.78,96.987,296.80,302.40,75.650,229.29
2021-11-21,100.12,61.889,300.02,29.07,31728,1963.6,188.86,402,46.7,41.135,299.37,998.43,122.56,96.061,618.97,194.09,68.940,200.62,297.79,48.890,145.59
2021-11-28,103.65,66.762,318.98,32.06,26407,1763.0,157.18,371.6,10,45.497,247.19,900.99,129.87,79.960,554.34,184.41,66.187,183.16,290.93,43.400,124.47
2021-12-05,120.49,80.192,320,26.09,20266,1625.2,120.63,316.4,0,61.441,174.09,714.47,154.76,73.400,591.30,182.61,89.427,245.04,293.20,27.300,74.381
2021-12-12,118.19,82.018,319.91,27.55,20449,1677.2,121.72,255,1,54.752,169.38,645.75,156.52,74.527,601.71,185.80,111.74,309.10,292.91,43.200,120.62
2021-12-19,107.07,77.826,319.9,26.06,18651,1451.5,111.02,246,1,44.155,147.17,543.06,140.78,79.450,545.13,180.90,95.667,259.99,296.85,36.900,103.33
2021-12-26,87.802,70.237,319.2,26.02,19578,1375.1,116.53,220,8,36.756,144.72,457.84,110.07,97.044,565.18,168.38,86.647,222.33,242.38,53.900,129.74
2022-01-02,65.718,51.375,260.05,25.63,21851,1122.6,130.07,249,45,32.393,154.49,384.04,86.729,118.00,528.37,90.949,92.560,121.04,167.54,63.330,89.158
2022-01-09,62.398,50.797,258.95,25.65,20678,1050.4,123.09,297.6,45,27.106,151.24,328.21,72.524,102.54,461.39,80.089,102.61,123.28,258.94,53.110,137.52
2022-01-16,63.236,49.677,258.95,25.6,22704,1127.9,135.14,308.8,22,28.828,171.96,391.35,72.540,108.40,484.37,80.111,104.35,125.39,258.94,48.960,126.78
2022-01-23,64.513,50.755,258.97,26.51,25269,1282.5,150.41,355,10,31.300,192.55,467.47,72.766,112.18,489.14,80.133,140.78,169.22,258.95,60.520,156.72
2022-01-30,66.799,54.370,258.96,26.53,25499,1386.4,151.78,312,55,35.956,184.62,509.05,72.874,126.41,561.99,80.138,143.82,172.89,258.95,55.000,142.42
2022-02-06,72.775,58.478,320,27.31,30159,1763.6,179.52,428,0,47.475,210.42,662.04,74.019,160.83,722.85,80.142,162.22,195.02,258.94,70.950,183.72
2022-02-13,65.219,52.785,283.67,25.56,28237,1490.5,168.08,312,53,34.746,220.86,600.46,72.899,125.46,569.06,80.115,125.53,150.86,242.10,68.600,170.11
2022-02-20,115.80,82.506,320,25.6,13320,1099.0,79.284,198.4,0,66.900,106.19,444.20,148.23,49.027,412.82,111.74,89.247,134.36,316.96,34.000,107.58
2022-02-27,115.55,78.027,370.57,44.96,16696,1302.7,99.378,265,0,67.905,152.24,699.67,134.23,49.398,392.28,160.31,76.747,163.13,318.50,15.000,47.615
2022-03-06,128.65,96.802,326.59,45.07,15016,1453.6,89.379,257,5,96.323,132.65,885.76,138.05,42.994,327.31,135.94,94.380,179.81,321.33,19.000,60.677
2022-03-13,125.60,89.324,320,44.96,14715,1314.4,87.586,214,0,82.704,120.38,676.03,153.61,53.781,454.72,112.25,105.20,167.33,319.43,5.1000,16.277
2022-03-20,117.80,79.140,320,44.95,11309,895.00,67.315,181,0,74.339,94.842,485.43,143.01,40.329,296.24,113.89,70.960,93.613,319.31,6.2000,19.711
2022-03-27,79.187,55.768,319.44,25.45,20158,1124.2,119.99,264,5,41.707,165.04,513.48,93.189,81.174,425.65,80.477,101.25,122.13,294.04,23.840,62.919
2022-04-03,68.189,56.008,255.52,25.45,21346,1195.5,127.06,270,35,40.265,144.70,406.29,75.200,115.55,522.64,78.053,128.85,150.67,236.11,52.840,115.95
2022-04-10,65.293,58.218,246.11,25.46,26460,1540.4,157.50,310,54,37.136,143.51,376.79,84.615,170.04,788.98,76.734,200.24,230.40,156.40,128.97,144.29
2022-04-17,50.505,47.552,200.04,25.4,22245,1057.8,132.41,287,52,29.201,115.24,267.06,65.855,140.34,504.51,61.747,193.15,176.02,111.03,131.21,110.20
2022-04-24,61.351,51.626,314.13,19.97,20993,1083.8,124.96,238,7,36.352,115.46,279.81,77.080,138.75,555.56,64.393,162.76,157.98,161.76,59.660,90.420
2022-05-01,59.486,52.152,247.5,17.97,18851,983.13,112.21,198,20,27.597,109.84,228.55,79.717,116.28,504.99,68.206,144.93,149.11,179.28,57.090,100.48
2022-05-08,47.574,43.360,249.96,15.01,19403,841.33,115.50,219,26,23.034,104.83,190.23,60.781,127.43,423.32,60.879,154.37,142.34,144.51,69.600,85.430
2022-05-15,53.168,49.785,275,15.08,20315,1011.4,120.92,236,5,25.480,117.86,245.65,65.942,121.79,480.05,68.961,171.78,178.00,174.55,64.000,107.65
2022-05-22,55.307,49.493,250,15.1,26299,1301.6,156.54,384.1,46,25.763,154.83,309.78,63.601,153.71,592.27,66.111,230.32,228.16,226.99,77.320,171.40
2022-05-29,53.215,51.684,199.97,20.17,27619,1427.5,164.40,339.3,47,26.681,159.83,348.59,61.525,157.97,606.20,65.094,250.32,248.52,198.80,112.38,224.15
2022-06-05,52.505,52.150,204.99,15.06,23667,1234.3,140.88,365,20,25.164,143.32,297.68,61.093,118.58,423.68,64.931,214.25,211.14,169.55,142.20,301.76
2022-06-12,62.734,55.525,242.9,14.97,22469,1247.6,133.75,258,39,19.236,142.12,226.33,70.592,130.99,459.17,119.35,126.91,224.96,211.15,105.83,337.16
2022-06-19,68.631,54.211,252.22,14.98,19994,1083.9,119.01,272,34,20.581,142.89,222.46,77.329,94.009,320.30,148.13,119.87,268.63,215.55,84.200,272.49
2022-06-26,72.986,62.206,243.04,14.05,23347,1452.3,138.97,298.8,55,20.832,168.23,278.39,83.272,103.64,429.07,171.50,138.87,363.81,217.02,115.31,381.03
2022-07-03,91.357,80.248,313.92,14.1,19661,1577.8,117.03,209,13,33.763,125.07,314.17,96.209,113.78,578.22,199.14,125.42,370.33,276.15,77.607,315.07
2022-07-10,99.989,104.85,300.05,26.43,23420,2455.6,139.40,263.9,45,42.195,125.85,434.67,100.09,145.34,785.62,228.87,195.85,666.61,282.80,133.58,568.68
2022-07-17,109.02,106.29,300.08,25.09,24315,2584.5,144.73,206,25,45.143,140.75,473.10,114.96,149.72,943.40,243.89,159.84,580.21,296.44,132.17,587.74
2022-07-24,105.31,101.07,300.23,25.83,21441,2167.1,127.62,216,58,38.848,134.26,434.89,113.18,122.33,761.33,240.34,117.87,424.49,299.24,121.64,546.39
2022-07-31,107.69,108.49,301.06,25.07,30234,3279.9,179.96,316.9,84,36.373,173.17,494.21,119.42,186.15,1237.2,256.56,198.78,766.11,299.30,174.31,782.46
2022-08-07,98.957,84.692,300.04,25,27530,2331.6,163.87,320,58.3,33.230,184.50,472.71,106.43,143.49,733.21,240.70,164.47,589.72,283.73,129.31,535.92
2022-08-14,116.14,66.907,314.6,25.01,22291,1491.5,132.69,324,0,40.261,175.31,461.71,143.36,108.32,528.71,248.04,67.073,241.17,290.61,60.693,259.86
2022-08-21,93.120,71.846,282.06,24.03,26806,1925.9,159.56,383,64,34.082,197.86,498.53,100.31,128.87,615.30,234.31,127.01,445.19,243.41,101.91,366.87
2022-08-28,87.733,80.429,260.04,24.05,38911,3129.6,231.61,438,76,32.874,256.16,635.23,91.854,205.15,1025.3,223.26,235.37,787.90,232.78,195.85,681.08
2022-09-04,88.412,85.031,280.02,23,27894,2371.9,166.04,330,50,30.640,172.70,417.59,102.18,154.99,858.28,214.97,195.44,646.24,239.84,140.77,449.77
2022-09-11,81.031,62.683,222.02,0,37326,2339.7,222.18,542,60,33.288,262.31,714.83,94.787,210.36,1013.5,199.41,126.01,376.20,204.89,114.67,235.17
2022-09-18,79.898,69.988,209.95,24.08,40060,2803.7,238.45,434,52,30.108,295.21,715.37,95.812,171.46,974.12,199.67,223.07,668.63,204.88,217.12,445.59
2022-09-25,110.31,93.262,310.41,25.98,29057,2709.9,172.96,388,67,50.742,214.53,848.43,140.44,128.91,1038.7,217.58,178.32,575.16,245.10,101.30,247.59
2022-10-02,125.72,123.22,299.99,39.9,33945,4182.7,202.05,367,73,61.653,207.78,1026.7,154.77,195.29,1868.6,248.31,244.87,910.56,280.72,133.35,376.84
2022-10-09,135.42,136.02,308.55,25.94,31019,4219.2,184.64,265,22,64.043,178.95,934.14,173.43,188.29,2007.4,249.87,245.76,921.22,306.30,116.40,356.45
2022-10-16,125.21,124.54,312.55,25.96,32923,4100.1,195.97,362,71,54.408,181.91,818.98,159.66,222.91,2108.8,247.08,175.16,650.53,302.36,174.00,521.79
2022-10-23,111.65,99.160,290.67,25.95,45343,4496.3,269.90,505.7,99,46.563,321.60,1149.4,142.07,225.01,2020.7,224.41,204.51,685.93,281.11,227.51,640.16
2022-10-30,109.54,97.540,309.92,25.03,55262,5390.3,328.94,522,71,43.049,371.03,1210.7,140.98,290.90,2510.9,210.23,360.57,1137.1,302.14,176.40,531.58
2022-11-06,184.29,162.02,312.36,56.91,25707,4165.1,153.02,297,70,136.64,161.06,1415.8,211.96,141.21,1756.5,243.19,198.20,703.17,310.31,93.300,289.56
2022-11-13,174.42,176.11,317.97,57.15,19302,3399.3,114.89,314,80,108.60,106.98,876.62,221.28,112.89,1559.1,244.02,168.53,616.91,312.55,111.00,346.67
2022-11-20,199.19,207.22,326.1,76.14,17206,3565.5,102.42,205,80,143.65,87.778,1030.6,238.54,107.42,1590.9,255.98,157.73,601.75,319.86,107.00,342.25
2022-11-27,192.48,182.73,327.55,49.95,18978,3467.9,112.96,246,80,144.36,125.19,1362.1,219.38,93.963,1274.4,263.57,143.07,563.74,308.88,86.600,267.69
2022-12-04,183.40,162.37,332.92,49.97,18585,3017.6,110.63,261,0,145.66,131.07,1308.9,200.27,84.177,1014.0,235.80,141.20,505.30,305.90,63.100,189.49
2022-12-11,143.09,154.80,326.5,49.31,27104,4195.7,161.33,405,0,81.035,147.09,965.43,171.89,149.78,1651.1,265.88,294.07,1167.8,282.98,149.20,411.38
2022-12-18,114.17,86.851,270.05,42.9,20456,1776.6,121.76,346.4,40,65.130,178.39,868.28,135.49,69.392,534.34,199.59,73.480,220.01,251.04,60.200,154.01
2022-12-25,78.960,59.538,274.5,20.07,16635,990.42,99.020,285,26,36.524,143.90,437.19,100.66,59.148,339.22,165.07,57.720,142.99,158.96,44.630,71.022
2023-01-01,42.065,35.317,311.5,11.07,22374,790.18,133.18,266,11,26.172,150.58,330.34,52.085,121.34,312.96,66.245,111.73,89.471,72.403,97.800,57.418
2023-01-08,46.489,38.761,274,10.98,29113,1128.4,173.29,342,60,33.956,208.48,473.26,48.682,144.15,429.58,53.843,158.60,117.20,123.38,91.000,108.39
2023-01-15,69.089,54.983,297.5,15.06,30520,1678.1,181.67,333,55,39.158,223.78,639.00,78.531,141.67,645.76,77.208,192.25,220.17,240.82,72.700,173.18
2023-01-22,67.816,61.065,214.91,15.08,24777,1513.0,147.48,304,54,40.693,173.24,542.78,85.397,127.42,674.77,90.499,142.80,194.01,144.49,70.300,101.45
2023-01-29,73.163,65.686,197,25.86,23395,1536.7,139.26,219,46,43.576,155.17,502.66,97.194,126.81,735.75,86.010,149.47,193.37,144.56,72.150,104.95
2023-02-05,80.043,73.197,312.7,20.09,16000,1171.1,95.236,189,4,53.637,74.390,266.62,90.097,114.85,600.10,69.727,147.27,154.65,247.07,64.430,149.77
2023-02-12,77.507,70.065,314.5,20.09,13977,979.31,83.198,141.5,4,48.149,75.456,233.72,94.176,90.697,497.05,63.567,107.55,102.31,232.88,62.880,146.24
2023-02-19,77.570,65.128,314.02,20.08,15305,996.77,91.100,137,2,45.032,83.801,216.98,93.987,102.14,544.80,63.314,111.07,105.52,260.73,51.800,129.47
2023-02-26,89.333,68.855,311.58,20.08,14053,967.62,83.649,170,0,38.381,86.853,223.91,120.23,82.855,497.71,105.52,95.267,120.12,286.22,45.200,125.87
2023-03-05,86.785,70.394,311.2,24.91,14904,1049.1,88.713,182,10,40.430,96.183,314.00,114.84,84.274,516.76,92.451,98.733,108.91,279.80,40.700,109.47
2023-03-12,91.853,88.377,279.33,49.93,18632,1646.6,110.91,257,14,74.557,99.794,525.90,97.498,117.95,721.16,58.140,142.47,124.49,247.52,109.89,275.09
2023-03-19,94.702,89.466,250.08,29.8,18757,1678.1,111.65,262.1,15,64.882,125.55,656.54,106.24,99.166,640.81,120.81,98.300,159.33,225.52,96.480,221.46
2023-03-26,74.731,67.819,229.9,35.05,19842,1345.7,118.11,277,40,50.372,154.18,651.97,88.801,84.921,461.10,101.61,92.787,133.95,144.49,69.660,98.630
2023-04-02,48.320,45.778,120,28.1,19624,898.34,116.81,201,30,33.517,136.00,373.86,54.905,98.177,330.90,59.936,109.33,96.899,109.97,88.100,96.686
2023-04-09,79.869,56.109,294.75,28.1,21460,1204.1,127.74,333,1,67.628,142.36,541.37,80.315,111.23,418.72,54.028,159.27,121.61,215.02,64.300,122.39
2023-04-16,108.53,69.659,307.75,29.99,14127,984.10,84.092,324,0,80.902,77.522,346.50,122.45,87.937,440.39,81.738,149.27,156.35,286.17,15.700,40.863
2023-04-23,97.157,69.917,310,29.93,16488,1152.8,98.140,260,0,61.355,111.20,378.25,109.85,88.716,483.36,101.44,102.40,157.38,302.04,44.390,133.76
2023-04-30,87.066,70.500,300.07,29.96,16013,1128.9,95.315,188,20,54.693,97.630,332.14,91.867,96.671,462.20,100.12,99.933,150.89,299.94,61.230,183.68
2023-05-07,61.907,53.177,300.03,15.98,19005,1010.6,113.13,184,20,44.650,117.06,366.04,59.480,117.91,405.87,71.004,106.47,112.93,203.09,61.590,125.80
2023-05-14,65.731,51.176,298.11,14.94,22505,1151.7,133.96,267,0,47.629,129.72,329.81,71.853,135.02,453.21,80.579,132.13,99.852,152.13,164.40,268.82
2023-05-21,54.884,43.945,294.83,15.08,20694,909.39,123.18,243,8,37.702,123.99,299.68,59.539,133.87,417.72,57.719,117.58,99.263,160.94,58.700,92.732
2023-05-28,44.669,38.863,292.61,15.38,25738,1000.3,153.20,270,51,25.592,162.42,305.72,48.242,148.74,413.17,54.582,155.13,126.23,162.16,103.31,155.16
2023-06-04,37.267,35.407,150.09,15.1,23217,822.05,138.20,222,56,21.513,126.32,202.18,39.838,155.86,357.52,51.064,158.60,121.55,113.51,104.52,140.80
2023-06-11,38.649,34.934,160.03,11.06,24406,852.60,145.27,244,51,20.959,138.54,215.17,38.716,158.87,334.41,50.543,183.27,139.70,122.02,91.960,163.32
2023-06-18,37.576,33.254,175.04,14.99,24613,818.49,146.51,250,51,20.420,154.40,225.65,38.286,141.12,295.42,42.144,161.40,103.23,122.95,109.47,194.19
2023-06-25,38.956,32.750,175.07,15.09,27104,887.68,161.34,329,63,21.150,192.33,287.56,37.592,130.26,269.28,48.419,162.40,119.08,130.83,111.00,211.75
2023-07-02,65.563,45.573,302.04,15.94,19582,892.41,116.56,269,0,50.092,133.74,319.33,66.345,93.386,250.80,56.797,133.87,112.12,154.89,94.533,210.17
2023-07-09,77.567,53.651,302.1,26.34,18465,990.64,109.91,200,0,41.673,141.22,380.68,80.308,91.326,349.31,96.805,72.000,103.99,241.74,49.333,156.67
2023-07-16,54.767,40.865,256.25,24.92,25464,1040.6,151.57,336,15,30.890,223.21,504.62,48.689,79.772,180.01,70.573,102.07,106.95,190.99,87.027,249.00
2023-07-23,34.303,30.499,182.21,20.29,40225,1226.8,239.44,402,60,25.590,305.15,628.91,27.371,189.58,269.23,34.094,172.33,87.498,107.91,141.15,241.18
2023-07-30,33.336,28.558,176.37,15.01,39360,1124.0,234.28,420,71,19.613,258.21,403.48,25.608,234.30,324.87,44.777,201.47,131.34,125.36,137.80,264.36
2023-08-06,40.949,32.584,256.92,14.94,26922,877.22,160.25,431,37,19.951,164.90,265.67,30.235,169.22,264.02,50.981,168.08,122.11,185.02,93.200,225.42
2023-08-13,46.649,43.913,255.58,12.08,20302,891.50,120.84,300.9,53,20.364,102.72,171.41,41.068,140.15,276.65,66.471,163.85,160.33,189.98,102.33,283.10
2023-08-20,70.864,56.017,290.64,12.07,22229,1245.2,132.31,255.9,42,52.266,129.07,458.04,53.422,146.59,350.37,109.03,134.13,174.76,199.41,93.733,262.02
2023-08-27,66.555,57.613,232.55,20.09,22535,1298.3,134.14,221,60,43.935,151.63,481.43,67.465,122.15,426.58,78.423,119.60,137.22,173.38,99.733,253.08
2023-09-03,106.16,86.317,292.06,25.1,20110,1735.8,119.70,254,24,74.125,133.54,705.63,110.37,107.78,541.25,145.27,122.64,227.69,232.20,85.857,261.25
2023-09-10,139.68,106.25,294.68,39.25,15842,1683.2,94.298,266,0,109.44,117.70,812.29,154.28,70.016,534.28,157.53,94.333,190.13,267.23,55.200,146.50
2023-09-17,132.56,99.580,298.38,30.01,21131,2104.2,125.78,280,0,99.747,156.00,1033.1,140.91,103.80,714.95,167.34,128.63,318.02,294.39,13.000,38.176
2023-09-24,115.03,89.236,297.51,26.15,21756,1941.4,129.50,304,11,99.290,151.92,1066.3,114.75,114.71,620.27,83.811,135.79,166.96,291.14,30.200,87.928
2023-10-01,97.059,71.285,300.01,17.97,26620,1897.6,158.45,309,26.6,78.426,179.28,918.37,100.62,148.63,724.49,57.231,163.16,132.73,285.62,43.650,122.05
2023-10-08,100.24,67.923,298.01,25.42,19257,1308.0,114.62,342,0,91.021,123.97,620.08,91.538,107.79,470.05,55.693,147.07,121.42,295.65,32.640,96.450
2023-10-15,205.23,196.83,299.72,42.01,10035,1975.2,59.731,184,1.3,192.72,53.885,767.35,212.77,62.279,823.54,183.72,89.160,246.91,292.18,47.140,137.39
2023-10-22,178.87,158.76,300.1,25.83,18690,2967.2,111.25,280.9,5,123.42,127.36,1099.5,224.28,95.665,1308.9,210.55,129.09,407.39,298.99,50.640,151.41
2023-10-29,157.48,156.85,297.86,30.03,14338,2249.0,85.345,229,9.5,120.40,90.325,821.27,185.40,76.710,968.88,150.00,98.107,223.76,295.93,79.400,235.05
2023-11-05,169.17,175.91,300.09,98.98,13180,2318.5,78.449,186.5,4.5,147.52,72.832,860.29,182.50,76.279,936.92,144.41,102.84,220.01,298.99,100.82,301.25
2023-11-12,192.98,196.87,300.08,98.98,12837,2527.2,76.412,185.4,15,167.82,64.810,852.01,211.54,80.587,1097.0,180.70,110.21,296.68,300.06,93.820,281.52
2023-11-19,213.23,216.21,301.37,141.38,5825.6,1259.6,34.676,115.5,1.4,187.89,27.969,403.69,230.50,35.566,522.35,220.78,57.280,184.69,300.17,49.580,148.83
2023-11-26,228.86,245.04,300.09,149.94,5033.8,1233.5,29.963,140.4,2.3,207.09,14.793,244.04,245.94,41.631,649.55,228.37,34.473,118.63,300.07,73.740,221.27
2023-12-03,225.75,235.62,300.07,165.02,5874.1,1384.1,34.965,119.8,3.2,195.18,32.907,540.11,251.27,34.671,560.49,235.77,35.213,124.18,300.02,53.080,159.27
2023-12-10,169.92,136.17,300.06,49.92,11971,1630.1,71.257,215,12.6,123.39,87.323,619.62,206.90,52.439,620.17,195.11,60.980,178.11,279.75,73.200,212.25
2023-12-17,80.414,77.794,213.4,28.25,19593,1524.2,116.62,273.2,10,66.633,99.243,495.01,86.666,144.45,760.94,88.878,137.69,192.93,140.58,53.300,75.332
2023-12-24,54.646,47.902,206.8,29.06,25482,1220.6,151.68,243,13,49.189,154.21,541.23,56.187,152.88,474.78,43.289,178.65,118.37,106.33,83.210,86.231
2023-12-31,51.788,43.489,204.34,18.99,29484,1282.2,175.50,290,13,49.193,162.72,490.55,51.596,189.60,535.55,40.454,210.19,130.95,91.004,139.57,125.19
2024-01-07,64.714,56.267,234.23,10.67,44912,2527.0,143.49,353,10,56.673,130.42,963.12,64.106,165.15,1116.1,47.740,164.90,212.79,163.23,87.872,235.02
2024-01-14,58.074,45.414,246.26,14.98,47460,2155.4,141.25,295,11.8,42.804,156.88,902.76,62.923,130.18,853.47,43.387,160.39,222.78,173.73,54.620,176.35
2024-01-21,60.410,50.743,245.54,18.98,60827,3086.6,181.03,331,13,46.450,187.39,1171.9,67.642,177.18,1316.2,55.921,223.56,375.76,135.38,89.650,222.65
2024-01-28,84.595,63.265,243.83,18.99,31294,1979.8,144.88,367,13,63.285,173.86,870.55,93.438,126.45,797.49,68.736,155.67,208.14,202.97,38.429,103.62
2024-02-04,111.36,87.099,204.25,39.06,26524,2310.2,157.88,382,10,82.273,218.31,1193.0,128.57,106.21,788.37,137.32,117.00,228.26,201.34,50.100,100.61
2024-02-11,112.65,90.779,202.04,26.06,28888,2622.4,171.95,405,40,85.350,221.02,1275.5,134.55,131.08,996.27,110.43,157.07,249.69,201.31,50.200,100.95
2024-02-18,82.559,69.506,194.92,32.39,46580,3237.6,277.26,485,25,56.812,335.78,1365.6,99.923,230.98,1388.3,88.239,298.87,386.69,174.94,57.800,96.973
2024-02-25,85.372,76.855,187.71,30.07,37373,2872.3,222.46,465,65,71.594,233.20,1195.5,94.512,215.19,1206.1,81.857,277.93,328.88,145.59,97.300,141.88
2024-03-03,124.73,109.31,197.25,62.53,18863,2062.0,112.28,275,5,112.86,115.17,893.45,131.79,110.31,824.41,122.73,134.73,225.29,180.12,67.400,118.86
2024-03-10,147.10,132.97,197.25,101.16,9956.0,1323.9,59.262,145,0,131.79,73.580,728.03,151.31,49.823,434.47,179.38,52.533,137.99,196.56,11.900,23.380
2024-03-17,146.11,132.39,196.99,100.04,14144,1872.5,84.190,195,10,134.32,84.543,832.58,148.97,95.726,823.75,164.63,80.333,185.66,196.10,15.600,30.548
2024-03-24,128.62,112.71,197.08,86.32,22404,2525.1,133.36,285,4,120.92,155.17,1372.7,130.20,119.50,863.73,120.09,144.13,237.73,194.01,26.400,50.887
2024-03-31,104.34,98.110,196.46,40.08,28652,2811.0,170.55,306,15,97.527,202.75,1572.5,105.86,161.94,1001.3,96.199,118.27,175.95,162.22,41.500,61.308
2024-04-07,100.66,97.081,188.5,36.73,21437,2081.1,127.60,263,26,90.455,149.74,1097.2,109.57,115.44,760.21,98.399,104.13,152.58,131.43,58.900,71.116
2024-04-14,91.835,83.934,185.93,30.55,22635,1899.8,134.73,297,6,80.555,190.46,1221.6,97.561,93.161,530.88,89.353,78.400,107.18,151.43,25.600,40.173
2024-04-21,73.312,69.524,153.13,29.94,22904,1592.4,136.33,277,9,68.389,184.62,1016.8,75.379,100.35,439.73,77.544,89.733,104.88,94.019,38.200,31.006
2024-04-28,87.161,70.241,194.84,29.96,16550,1162.5,98.512,275,0,79.730,132.00,713.80,91.731,70.790,330.52,95.473,67.400,79.495,106.55,45.800,38.673
2024-05-05,37.998,37.309,154.65,15.01,18199,678.99,108.33,260,6,29.493,115.25,291.36,42.503,114.90,298.83,39.935,82.067,58.226,76.057,50.900,30.568
2024-05-12,47.274,41.720,185.29,14.98,20649,861.48,122.91,255,26,37.034,115.69,290.90,54.025,144.76,446.90,37.901,117.27,68.676,102.43,54.400,55.007
2024-05-19,65.895,58.729,186.58,30.04,18586,1091.5,110.63,225,15,55.731,145.86,614.45,69.416,70.968,295.62,58.763,116.87,100.53,137.08,61.800,80.936
2024-05-26,74.412,55.970,198.33,33.94,15567,871.29,92.661,233,3,53.308,124.04,486.44,81.880,63.226,253.91,105.67,81.400,77.680,152.16,37.900,53.259
2024-06-02,83.634,76.068,185.62,32.99,15931,1211.8,94.827,201,3,65.269,126.74,657.74,93.857,50.710,303.27,75.859,123.80,130.30,180.66,66.400,120.54
2024-06-09,132.30,137.37,275.07,65.09,17518,2406.5,104.27,252,13,111.37,100.60,905.53,139.13,107.96,914.47,135.11,131.53,314.29,216.52,82.800,272.20
2024-06-16,154.13,156.19,258.35,100.92,15886,2481.3,94.560,252,0,123.59,88.494,912.87,161.12,96.421,873.75,194.05,143.13,423.13,252.60,71.667,271.53
2024-06-23,175.94,166.09,297.34,112.06,13634,2264.4,81.155,187,2,133.20,101.43,1121.1,193.78,61.860,678.17,248.45,74.667,260.38,266.45,51.467,204.75
2024-06-30,183.53,178.82,312.8,109.95,11974,2141.2,71.274,219,8,129.36,82.494,866.93,204.80,56.193,676.35,279.19,78.333,323.57,299.57,60.933,274.30
2024-07-07,163.52,156.73,311.41,75.04,26279,4118.7,156.42,353,13,118.58,157.16,1451.8,168.64,159.09,1451.9,265.77,187.40,742.10,284.48,111.29,472.94
2024-07-14,152.98,142.69,311.44,70.01,24328,3471.4,144.81,295,15,103.35,164.78,1334.8,155.12,126.18,1076.7,267.70,159.82,649.29,298.15,92.733,410.57
2024-07-21,157.01,147.83,313.12,70.04,28924,4275.8,172.17,331,35,108.10,190.50,1625.7,161.28,155.86,1409.3,249.82,219.00,827.46,312.09,88.333,413.35
2024-07-28,176.07,171.55,314.23,91.15,23353,4006.3,139.01,305,15,110.55,142.16,1245.8,200.68,133.35,1475.5,299.33,200.15,898.82,313.07,82.333,386.17
2024-08-04,147.12,127.41,314.24,60,25456,3243.2,151.52,367,10,98.160,175.02,1304.4,140.46,141.17,1013.2,271.35,144.07,590.96,312.53,71.380,334.58
2024-08-11,128.42,109.44,314.29,59.67,27791,3041.5,165.42,382,40,93.181,175.05,1167.6,122.38,162.45,956.99,176.36,198.73,521.87,293.69,91.420,395.02
2024-08-18,138.30,120.44,313.36,74.95,41215,4963.8,245.33,450,24.5,104.19,271.25,2148.4,136.42,235.21,1571.9,165.49,260.47,666.29,302.47,128.66,577.18
2024-08-25,146.65,135.63,319.93,76.5,45362,6152.3,270.01,485,70,100.62,271.53,2024.6,141.39,270.37,1990.4,250.47,357.34,1329.6,311.30,173.17,807.71
2024-09-01,157.86,139.65,314.95,69.41,24104,3366.2,143.48,275,5,124.98,134.08,1081.2,141.82,160.22,1188.5,248.83,183.53,684.79,305.38,90.533,411.69
2024-09-08,133.54,117.00,366.84,36.34,9611.3,1124.5,57.210,140,0,91.766,64.562,452.89,141.68,50.702,399.45,188.68,70.087,208.79,338.83,18.700,63.355
2024-09-15,171.26,149.28,366.8,79.1,13679,2042.0,81.423,195,0,121.35,77.933,683.07,186.41,94.942,958.67,251.78,85.600,329.43,360.94,19.600,70.791
2024-09-22,192.30,164.78,371.44,87.45,21745,3583.1,129.43,285,4,128.77,167.07,1692.1,216.95,98.000,1189.6,317.68,126.67,614.88,366.01,23.600,86.526
2024-09-29,226.98,197.29,375.8,114.61,24406,4814.9,145.27,300,14.5,160.54,177.91,2099.8,268.74,126.39,1999.9,315.26,126.17,615.64,373.85,26.600,99.526
2024-10-06,257.11,258.15,373.67,115.95,5030.7,1298.7,209.61,305.7,50,150.54,225.29,281.31,281.63,203.31,646.69,373.67,233.00,261.20,373.67,146.50,109.49