date,year,month,meanDailyCapFactor,specificYield,energyMWh,meanDailyEnergyMWh,p90DailyEnergyMWh,p10DailyEnergyMWh,stdevDailyEnergyMWh,coefVarDailyEnergy
757375200000,1994,1,0.3240696693548386,241.10783399999997,6027.69585,194.44180161290322,234.3221,146.40169,36.569343326424125,0.18807346477496006
760053600000,1994,2,0.33502236285714293,225.13502784000002,5628.375696,201.0134177142857,265.478645,133.7586,54.30998882150521,0.27018091348857
762472800000,1994,3,0.3963388329569893,294.87609172,7371.902293000004,237.80329977419368,266.0168,192.2033,29.004207461480107,0.12196722034143798
765151200000,1994,4,0.3818989532777778,274.96724636,6874.181159000001,229.1393719666667,247.94055949999998,192.0196851,25.555535929526794,0.11152834936304357
767743200000,1994,5,0.3591416032258064,267.20135280000005,6680.033820000001,215.48496193548388,239.91601999999997,181.31160000000003,24.44352431291968,0.11343494271418375
770421600000,1994,6,0.3536579833333333,254.633748,6365.843699999999,212.19478999999998,220.85057,202.67352999999997,10.739594317848576,0.05061196044374406
773013600000,1994,7,0.3638927335322581,270.736193748,6768.404843699998,218.3356401193548,227.82999999999998,209.0205,9.661107423887964,0.044248879471105354
775692000000,1994,8,0.3986459851290323,296.59261293599997,7414.8153234,239.18759107741937,251.59539999999998,231.58618790000003,8.824730213076384,0.036894598809768635
778370400000,1994,9,0.4161154352777777,299.60311340000004,7490.077835,249.66926116666667,256.72489729999995,238.63970000000003,12.800229300534307,0.05126874345973057
780962400000,1994,10,0.36778310725806457,273.6306318,6840.765794999999,220.6698643548387,261.62898,171.8298,52.10692995240382,0.23613070187334465
783640800000,1994,11,0.34571830700000006,248.91718104000003,6222.929526000001,207.43098420000004,254.623657,140.99599899999998,48.41494160220197,0.23340265095363685
786232800000,1994,12,0.36326035381720423,270.26570324,6756.642581000002,217.95621229032264,281.4895,149.26205000000002,50.45765609538407,0.231503638116877
788911200000,1995,1,0.3850316294086021,286.4635322800001,7161.588307,231.0189776451613,277.32050000000004,164.14740999999998,50.657597877536716,0.21927894579875326
791589600000,1995,2,0.3079504502380952,206.94270256,5173.567563999999,184.7702701428571,265.62178,129.247205,54.40209290982922,0.2944309864772491
794008800000,1995,3,0.37156244209677425,276.44245692,6911.061423,222.93746525806452,262.6974,156.56944000000001,44.067186962552945,0.19766613436437133
796687200000,1995,4,0.3578778588611112,257.67205838,6441.8014594999995,214.72671531666666,249.2904974,155.98823860000002,35.5076754009856,0.16536216906508774
799279200000,1995,5,0.2948981832795699,219.40424835999997,5485.106209,176.93890996774192,231.3152,108.12163399999997,53.11216414731563,0.3001723259004965
801957600000,1995,6,0.3542366666666667,255.05040000000002,6376.2599999999975,212.54199999999992,219.00786,207.24489,6.72396306196135,0.03163592636731259
804549600000,1995,7,0.36398018544086025,270.80125796799996,6770.0314492,218.3881112645161,225.68058159999998,211.3365,6.692537214275288,0.03064515360073402
807228000000,1995,8,0.37870028800537636,281.75301427600004,7043.825356899999,227.22017280322578,241.956152,209.54319999999998,16.563742363323747,0.07289732315126818
809906400000,1995,9,0.39810945788888874,286.63880968,7165.970242,238.86567473333335,257.56599,214.29079000000002,22.685203236210555,0.09497054468598735
812498400000,1995,10,0.36637005209677403,272.57931876000004,6814.482969,219.8220312580645,258.38492,128.68327,50.28973398972143,0.22877476703271285
815176800000,1995,11,0.35553529461111105,255.98541211999995,6399.635302999999,213.32117676666664,268.957849,85.68888799999999,64.97439663662976,0.30458484066820785
817768800000,1995,12,0.3551547526881719,264.235136,6605.8784,213.09285161290322,268.1474,157.3927,52.54013986115721,0.24655984216964597
820447200000,1996,1,0.3166094241935485,235.55741160000002,5888.935290000001,189.96565451612906,250.2809,121.74640000000001,50.70167675971554,0.26689917653199097
823125600000,1996,2,0.32029112192528736,222.92262085999997,5573.065521500001,192.17467315517243,247.10356000000002,103.377898,56.786635850367276,0.2954949001240898
825631200000,1996,3,0.3565786217741936,265.2944946,6632.362365000001,213.94717306451616,249.9069,159.05723000000003,36.96348346841511,0.17276920717839403
828309600000,1996,4,0.37693969736111105,271.3965821,6784.9145525,226.1638184166667,247.43677849999997,207.33313825,30.850653888834284,0.13640844103541544
830901600000,1996,5,0.34592471747311826,257.36798980000003,6434.199745,207.55483048387097,239.69331999999997,162.85638999999998,28.202611302844172,0.13588029359324302
833580000000,1996,6,0.33293624666666666,239.71409760000003,5992.852439999999,199.76174799999995,219.33456999999999,129.375096,33.15473287203371,0.16597137942562318
836172000000,1996,7,0.3621060274193548,269.4068844,6735.17211,217.2636164516129,228.45281,210.75929999999997,18.534437868560342,0.08530852137724668
838850400000,1996,8,0.39162844853225803,291.371565708,7284.289142699999,234.97706911935478,249.90039800000002,214.39390000000003,14.159340999733182,0.06025839479911571
841528800000,1996,9,0.4001070585555556,288.07708216,7201.927054,240.0642351333333,256.16889110000005,198.106132,22.316882148452233,0.09296212797402864
844120800000,1996,10,0.4009299891935484,298.29191195999994,7457.297799000001,240.55799351612907,265.286,204.19541999999998,31.197880025812324,0.1296896418606042
846799200000,1996,11,0.31792576950000007,228.90655404000003,5722.663851,190.7554617,254.670471,121.3230696,52.69889575737141,0.27626415143095956
849391200000,1996,12,0.3529881127419354,262.62315588,6565.578896999999,211.79286764516127,265.8184,129.8023,54.34480332964376,0.2565941144944186
852069600000,1997,1,0.2937407462365591,218.54311520000005,5463.57788,176.2444477419355,256.8634,91.59074,56.9416868640438,0.3230835784819741
854748000000,1997,2,0.3375577833095238,226.838830384,5670.970759600001,202.53466998571432,273.35843,124.489001,60.66381041779437,0.29952309114322634
857167200000,1997,3,0.34222612537634417,254.61623727999998,6365.405932,205.33567522580645,263.3671,134.24806,53.38069014634773,0.2599679285523341
859845600000,1997,4,0.37285473217222215,268.455407164,6711.385179100002,223.7128393033334,252.98521989999998,176.74261199999998,32.02172990296632,0.1431376491518571
862437600000,1997,5,0.364700838172043,271.3374235999999,6783.43559,218.82050290322582,236.24978,192.27359999999993,21.580270746580883,0.0986208808601671
865116000000,1997,6,0.3472599166666667,250.02713999999995,6250.6785,208.35595,217.40828999999997,201.24957000000003,15.24248371492741,0.07315598001846076
867708000000,1997,7,0.34108309805913983,253.76582495600005,6344.1456239,204.64985883548385,225.78871649999996,153.99419999999998,36.67847027538367,0.17922548534406346
870386400000,1997,8,0.3827477252688172,284.7643076,7119.107690000002,229.64863516129037,243.749235,211.5818702,21.264318671176554,0.09259501436288471
873064800000,1997,9,0.33842759627777774,243.66786932,6091.696733000001,203.05655776666669,255.408941,141.06054750000004,58.76383207735189,0.28939637667293516
875656800000,1997,10,0.36695466822580647,273.01427316,6825.356829000002,220.17280093548393,260.03152,169.7291,49.76333190997012,0.22601943427404553
878335200000,1997,11,0.34135776944444446,245.777594,6144.439850000001,204.8146616666667,264.37038000000007,123.704227,57.51570004385286,0.28081827529251274
880927200000,1997,12,0.3707555112903226,275.8421004,6896.052509999999,222.4533067741935,274.7311,144.8099,48.93846467069678,0.21999432321486204
883605600000,1998,1,0.28735143419354836,213.78946704000003,5344.7366759999995,172.41086051612902,247.26959999999997,97.75538,60.27347834613789,0.3495921206222349
886284000000,1998,2,0.38890554702380953,261.3445276,6533.613189999999,233.3433282142857,275.82886,170.80193400000002,47.63000864445091,0.20411986496014553
888703200000,1998,3,0.3806096722580645,283.17359616,7079.339904,228.36580335483873,263.7123,162.16919,42.10286108007583,0.18436587466931587
891381600000,1998,4,0.38941447283333336,280.37842044000007,7009.460510999998,233.64868369999994,248.55426119999998,185.53056499999997,27.652818347803642,0.11835212554978176
893973600000,1998,5,0.3866184758064517,287.644146,7191.10365,231.97108548387098,240.95712999999998,222.94480000000001,6.669260512154681,0.028750395758347203
896652000000,1998,6,0.3586202777777778,258.2066,6455.165,215.17216666666667,223.74720000000002,209.61808,16.89457581931882,0.07851654831124605
899244000000,1998,7,0.3635376588548387,270.472018188,6761.800454700001,218.12259531290326,229.41190000000003,214.01380000000003,15.409754664686355,0.07064721856339831
901922400000,1998,8,0.38052454925806456,283.11026464800005,7077.7566162,228.31472955483872,249.68081099999998,210.71715039999998,30.471150191859152,0.1334611667467574
904600800000,1998,9,0.38147473744444443,274.66181095999997,6866.545274,228.88484246666667,249.80801420000003,183.633558,30.26719897267419,0.13223767308698964
907192800000,1998,10,0.37274198397849456,277.3200360800001,6933.000902000002,223.64519038709682,255.51791999999998,157.57559500000002,36.066133297137576,0.1612649627506517
909871200000,1998,11,0.3189229937555555,229.624555504,5740.6138876,191.35379625333334,263.72018099999997,111.51981850000001,62.17372942835154,0.324915056015088
912463200000,1998,12,0.2903628537634408,216.02996320000003,5400.74908,174.2177122580645,237.4727,94.96300000000001,52.26219748241329,0.29998211321360113
915141600000,1999,1,0.33947584247311835,252.57002680000002,6314.250669999999,203.68550548387094,277.5047,129.4513,55.83942802028246,0.2741453197056487
917820000000,1999,2,0.36818988809523806,247.42360479999996,6185.590120000001,220.9139328571429,271.44946,159.578885,50.65906549300441,0.22931584639237676
920239200000,1999,3,0.3649890108279569,271.551824056,6788.7956014,218.99340649677418,264.929,137.62075,47.21081270426127,0.21558097779969781
922917600000,1999,4,0.3980047932222223,286.56345112,7164.086278000001,238.80287593333335,252.80620000000002,227.31851269999999,16.18586868593128,0.06777920333945178
925509600000,1999,5,0.35636034720430115,265.13209831999995,6628.302458000001,213.81620832258068,235.00932000000003,182.28970000000004,32.59422884988489,0.15244040246336502
928188000000,1999,6,0.339236088888889,244.24998399999998,6106.249599999999,203.5416533333333,218.95001000000002,178.74395999999996,15.708769794997627,0.0771771749798647
930780000000,1999,7,0.32301035867204303,240.319706852,6007.9926712999995,193.8062152032258,227.8456,143.66149999999996,40.1546155632363,0.20718951412951356
933458400000,1999,8,0.37528250405913977,279.21018302000004,6980.254575499999,225.16950243548385,241.689603,201.40779830000002,18.563160408537666,0.08244082883229904
936136800000,1999,9,0.3784130446000001,272.4573921119999,6811.4348028,227.04782676000002,250.30249450000002,208.83731,37.43985205434343,0.16489852639690347
938728800000,1999,10,0.33619270752688174,250.12737439999998,6253.18436,201.71562451612903,262.83142,126.82826,54.95755975864565,0.27245068343355466
941407200000,1999,11,0.35459654983333344,255.3095158799999,6382.737897,212.7579299,271.574774,119.76594400000002,57.90644878640791,0.2721705781477803
943999200000,1999,12,0.35376229537634407,263.19914776,6579.978693999999,212.25737722580644,272.0872,146.30980000000002,49.6398415218307,0.23386627202607044
946677600000,2000,1,0.318775505376344,237.168976,5929.2244,191.26530322580646,261.0212,126.44380999999998,53.97763470359352,0.2822134166167499
949356000000,2000,2,0.31193360620689653,217.10578992,5427.644748000001,187.16016372413796,260.40335999999996,121.10568399999998,57.8624818700233,0.30916024392513825
951861600000,2000,3,0.31235984795698923,232.39572687999998,5809.893171999998,187.4159087741935,242.49691,116.68625000000002,56.291469837070196,0.30035587803217123
954540000000,2000,4,0.3843820748555556,276.75509389599995,6918.8773474,230.62924491333334,247.42377459999997,212.4233696,19.283751579982308,0.08361364399917635
957132000000,2000,5,0.32730116854838703,243.5120694,6087.801735000001,196.38070112903227,225.09934,158.6788,44.390129829275146,0.226041202491219
959810400000,2000,6,0.29333911500000004,211.20416279999995,5280.104069999999,176.00346899999997,215.92157,113.53262000000001,43.15624920207448,0.2452011284054548
962402400000,2000,7,0.33525370537634414,249.4287568,6235.718919999998,201.1522232258064,224.1044,157.21549999999996,33.620485338266455,0.1671395165268707
965080800000,2000,8,0.37450082000537627,278.62861008400006,6965.715252099999,224.70049200322578,247.216633,196.0487,22.870570224817598,0.10178246616606995
967759200000,2000,9,0.3514981842722222,253.07869267600006,6326.967316900001,210.89891056333335,254.6928926,153.83104000000003,46.00881883275299,0.21815579184291925
970351200000,2000,10,0.39023932341397843,290.33805662000003,7258.4514155000015,234.14359404838714,260.270812,198.78870000000003,29.76333446844591,0.12711573250342753
973029600000,2000,11,0.3853662244444445,277.46368160000003,6936.5920399999995,231.21973466666665,272.447416,183.2534718,37.67736977023139,0.1629504930647387
975621600000,2000,12,0.322202768655914,239.71885987999997,5992.971496999999,193.32166119354835,248.9049,128.73351,46.93039291427127,0.2427580676915757
978300000000,2001,1,0.39268180161290317,292.1552604,7303.881509999997,235.60908096774185,271.66690000000006,182.16129999999998,33.09434863618081,0.14046295881401907
980978400000,2001,2,0.25198467113095235,169.33369899999997,4233.342475,151.19080267857143,201.00911000000002,93.4058445,44.408826951857755,0.29372704003873845
983397600000,2001,3,0.331910533548387,246.94143696000003,6173.535924000001,199.1463201290323,243.47797,139.15568,46.13163533343969,0.2316469383092279
986076000000,2001,4,0.3523326112833333,253.679480124,6341.987003100001,211.39956677000004,247.18290290000002,153.08908500000004,34.577750926275364,0.1635658551935232
988668000000,2001,5,0.343627083548387,255.65855016,6391.463754000001,206.1762501290323,238.32048999999998,166.4711,31.911742765786602,0.15477894639084336
991346400000,2001,6,0.31963959333333336,230.14050719999997,5753.51268,191.78375599999998,218.32769,146.204675,37.06378495060649,0.19325820770037735
993938400000,2001,7,0.351407011,261.44681618400006,6536.1704046,210.8442066,233.36497,197.3158,27.777582642990115,0.1317445856868524
996616800000,2001,8,0.34795863054838716,258.88122112800005,6472.0305282,208.77517832903226,232.44343659999998,170.0134738,26.58509746427494,0.12733840141846986
999295200000,2001,9,0.3355410958722222,241.58958902800003,6039.739725699999,201.32465752333331,238.46337390000002,146.75188699999998,35.8118638345223,0.1778811610811842
1001887200000,2001,10,0.3527869212903226,262.47346944,6561.836736000001,211.6721527741936,263.94768,129.72063,65.42320838681411,0.3090780129996878
1004565600000,2001,11,0.2961026528055556,213.19391001999998,5329.8477505,177.66159168333334,231.6484004,130.517622,41.39024026470259,0.2329723598248358
1007157600000,2001,12,0.35608275967741926,264.9255732,6623.13933,213.64965580645162,272.2095,118.72412,56.3662179267679,0.26382545627796794
1009836000000,2002,1,0.35659701774193536,265.3081812,6632.704529999999,213.95821064516127,268.84169999999995,143.56040999999996,47.13629331862749,0.22030607367903546
1012514400000,2002,2,0.35871410523809527,241.05587872,6026.396968,215.22846314285715,259.36049,170.815421,36.129161902735085,0.1678642377274909
1014933600000,2002,3,0.34210952016129026,254.529483,6363.237075000001,205.26571209677422,253.6206,163.28235000000004,35.1257478269184,0.1711233087499683
1017612000000,2002,4,0.32942130762777777,237.18334149199998,5929.5835373,197.65278457666668,252.77973,105.00310240000002,66.2043323717351,0.33495269248815157
1020204000000,2002,5,0.36288444102150547,269.98602411999997,6749.650603,217.73066461290324,239.78842,185.64030000000002,21.62541729130776,0.0993218724140439
1022882400000,2002,6,0.31592403333333335,227.46530399999997,5686.632599999999,189.55441999999996,211.08202,147.45177,28.74235564822829,0.1516311550436455
1025474400000,2002,7,0.3327625725806452,247.57535399999995,6189.383849999998,199.65754354838705,221.5309,174.3742,22.350239385678265,0.11194287472670261
1028152800000,2002,8,0.340217625655914,253.12191348800005,6328.047837200002,204.13057539354844,236.208544,161.3809,43.09687782369965,0.21112406968241823
1030831200000,2002,9,0.35144103700000007,253.03754664,6325.938665999999,210.86462219999996,257.835475,145.336937,50.28109699918233,0.2384520289586175
1033423200000,2002,10,0.35425397500000005,263.56495739999997,6589.123935,212.552385,265.54194,162.326615,55.09563068133451,0.25920965639286764
1036101600000,2002,11,0.34117682322222215,245.64731271999995,6141.182817999999,204.7060939333333,272.30194,137.5555042,50.139178798601684,0.2449325168352366
1038693600000,2002,12,0.34173746182795706,254.25267159999996,6356.316790000001,205.0424770967742,245.08180000000002,153.4313,42.42582568765793,0.206912373905989
1041372000000,2003,1,0.35610759247311824,264.94404879999996,6623.6012200000005,213.66455548387097,271.6845,153.66609,51.07941519122642,0.23906358766689442
1044050400000,2003,2,0.31010604821428567,208.3912644,5209.78161,186.06362892857143,256.00744000000003,95.768341,62.88629755495778,0.33798275308872644
1046469600000,2003,3,0.36342680376344083,270.389542,6759.738549999999,218.0560822580645,262.7983,148.12328000000002,51.870567698529236,0.237877188113201
1049148000000,2003,4,0.36652528509999993,263.8982052720001,6597.455131799999,219.91517105999998,250.3132439,130.19147450000003,48.57740766487864,0.22089157119417266
1051740000000,2003,5,0.3706203827956989,275.7415648,6893.53912,222.37222967741937,238.76588999999998,202.52259999999998,22.733464367324732,0.10223157990681957
1054418400000,2003,6,0.30660209777777775,220.75351039999998,5518.837760000002,183.96125866666674,212.38904,147.461206,27.719506384502857,0.15068121725960745
1057010400000,2003,7,0.36762230629569903,273.510995884,6837.7748971,220.57338377741937,231.68712809999997,213.2165,13.116337272943365,0.05946473254533314
1059688800000,2003,8,0.38434321717204295,285.951353576,7148.783839400001,230.60593030322585,243.30274,215.9044468,15.899439981599466,0.06894636213688497
1062367200000,2003,9,0.40047930094999984,288.34509668400005,7208.6274171000005,240.28758057000002,255.5008893,224.81860636,23.12126639465337,0.09622331016778346
1064959200000,2003,10,0.37075485279569886,275.84161048,6896.040262,222.45291167741937,256.7949,176.88192000000004,36.27035003882692,0.1630473153411578
1067637600000,2003,11,0.33546885288888895,241.53757407999993,6038.439352,201.28131173333335,270.982578,110.40426200000002,69.07742454085003,0.3431884656652424
1070229600000,2003,12,0.34537855161290326,256.96164239999996,6424.04106,207.2271309677419,266.6961,135.68402000000003,51.5342984419042,0.24868509350701914
1072908000000,2004,1,0.30042863064516123,223.51890119999996,5587.97253,180.2571783870968,245.92300000000003,91.95355,58.14941763102218,0.322591411622721
1075586400000,2004,2,0.32944845718390803,229.29612620000003,5732.403155,197.66907431034483,273.65966000000003,133.031689,57.351664911657565,0.29013979607965473
1078092000000,2004,3,0.279443211655914,207.905749472,5197.6437368,167.66592699354837,243.48713,91.24653,54.740992270188805,0.3264884717590545
1080770400000,2004,4,0.36688314673333333,264.15586564800014,6603.896641200001,220.12988804000003,244.5548699,173.87364671,32.51802559106928,0.14772199214111442
1083362400000,2004,5,0.3666938711290321,272.82024011999994,6820.506003,220.01632267741937,241.13358999999997,178.70310899999998,24.855167246860134,0.11296965127129206
1086040800000,2004,6,0.3122264688888889,224.8030576,5620.07644,187.33588133333333,216.76390999999998,121.02974,40.13199427393497,0.21422481367852164
1088632800000,2004,7,0.3596941303225806,267.61243296,6690.310824,215.8164781935484,233.79189999999997,198.17399999999995,20.10284530626964,0.09314787023927347
1091311200000,2004,8,0.3709818243602151,276.010477324,6900.261933100001,222.58909461612907,241.07919900000002,193.6196,22.72571155086282,0.10209714716731719
1093989600000,2004,9,0.38467069447777774,276.962900024,6924.0725006,230.80241668666667,255.0520148,186.44692396999997,31.664248633236035,0.13719201509151815
1096581600000,2004,10,0.39292822548387096,292.3385997600001,7308.464994000001,235.75693529032262,267.52521,199.9176,36.1444473955199,0.15331233989366996
1099260000000,2004,11,0.3862360936666667,278.0899874400001,6952.249685999999,231.74165619999997,274.9813185,171.2514859,42.227929054366705,0.18221984664648613
1101852000000,2004,12,0.3503996295161291,260.69732436000004,6517.433108999999,210.23977770967738,276.218128,142.69839999999996,56.86982091844314,0.27049981472571455
1104530400000,2005,1,0.3604927510752689,268.2066068,6705.165170000002,216.29565064516134,277.43289999999996,137.07089000000002,59.368716964261914,0.2744794765275139
1107208800000,2005,2,0.3848037039285715,258.58808903999994,6464.702226,230.88222235714287,269.2695,166.6535668,40.787859587125084,0.17666089303329688
1109628000000,2005,3,0.290693275483871,216.27579695999998,5406.894924,174.4159652903226,247.39036999999996,113.03219800000001,58.203897923107554,0.3337073978647812
1112306400000,2005,4,0.3508166935555555,252.58801936,6314.700484,210.49001613333334,248.814836,154.55247080000004,35.45148185610319,0.1684235789770034
1114898400000,2005,5,0.347852594623656,258.80233039999996,6470.0582600000025,208.71155677419364,225.84799999999998,188.14000000000001,19.202445266502625,0.09200470526544859
1117576800000,2005,6,0.33583972777777776,241.80460400000004,6045.115100000002,201.50383666666673,213.54463,189.91713999999996,12.672786889684831,0.06289104514991696
1120168800000,2005,7,0.3595607903225807,267.5132279999999,6687.8307,215.7364741935484,224.85139999999998,207.7547,9.633335779848613,0.04465325492992922
1122847200000,2005,8,0.3542219870430106,263.54115836000005,6588.528959,212.53319222580646,230.7046,196.98360000000002,15.747929339432073,0.0740963290228128
1125525600000,2005,9,0.39925754277777764,287.4654308000001,7186.635769999999,239.55452566666662,254.38152,220.518563,14.520896351410666,0.0606162472238829
1128117600000,2005,10,0.4205439789784945,312.88472036,7822.118009,252.32638738709676,262.48379,236.38299999999998,11.887813243041297,0.04711284208577071
1130796000000,2005,11,0.3167044162777778,228.02717971999996,5700.679493,190.02264976666666,261.619502,123.87064699999999,52.86041995986775,0.27817957503895624
1133388000000,2005,12,0.317053734032258,235.88797812000004,5897.199453000002,190.2322404193549,272.5314,106.26071999999999,63.51864120575362,0.33390050532828086
1136066400000,2006,1,0.32599191016129025,242.53798116000002,6063.449529,195.59514609677422,253.6466,145.25273000000004,50.13621849687442,0.2563264963235265
1138744800000,2006,2,0.31652236000000006,212.70302591999996,5317.575647999999,189.91341599999996,240.611565,148.873534,39.88915408630461,0.21003863195375633
1141164000000,2006,3,0.3176715434408603,236.34762831999998,5908.690707999999,190.6029260645161,256.61942999999997,83.77067000000001,70.2830709436255,0.36874077641303254
1143842400000,2006,4,0.3827080978888889,275.54983047999997,6888.745762000002,229.6248587333334,249.85121209999997,209.97499829999998,26.707212307803566,0.11630801845726568
1146434400000,2006,5,0.3570060712795699,265.612517032,6640.312925799998,214.20364276774188,231.68330000000003,183.62290000000002,18.756949746179313,0.08756596995186128
1149112800000,2006,6,0.33996828888888897,244.77716800000002,6119.4292000000005,203.98097333333334,219.89332000000002,175.03629,19.132299489136777,0.09379452983525054
1151704800000,2006,7,0.3561830913978495,265.00022,6625.005500000001,213.7098548387097,220.9143,194.0653,12.422632067852037,0.0581284942485577
1154383200000,2006,8,0.37065948903225815,275.77065983999995,6894.266495999999,222.3956934193548,241.0717,191.34230000000002,22.33041921038965,0.10040850552030636
1157061600000,2006,9,0.38770568572222225,279.14809371999996,6978.702343000001,232.62341143333336,251.41837,192.76157700000002,28.237807798600905,0.12138850352426143
1159653600000,2006,10,0.3479178576881721,258.85088612,6471.272153000002,208.7507146129033,253.83790000000002,145.87142,54.82961712259977,0.26265594934260716
1162332000000,2006,11,0.31462852799999996,226.53254015999997,5663.313504,188.7771168,278.49863,85.21716399999998,71.12674728072528,0.376776319537079
1164924000000,2006,12,0.30740134821505377,228.70660307199998,5717.665076799999,184.44080892903222,252.58360000000002,100.90470000000002,59.685007111670636,0.323599790405581
1167602400000,2007,1,0.3370970153763441,250.80017943999994,6270.004485999998,202.25820922580638,275.2229,112.13831600000002,61.48810108207949,0.30400793776154
1170280800000,2007,2,0.35029338857142855,235.39715712,5884.928928,210.17603314285716,271.56198,164.3696979,56.66959773702209,0.26962920980863514
1172700000000,2007,3,0.36083148155913985,268.45862228000004,6711.465557,216.49888893548388,259.19921999999997,164.251413,41.452352852037336,0.1914668156305875
1175378400000,2007,4,0.3793831063888888,273.15583660000004,6828.895915000001,227.62986383333336,247.73658,202.898887,21.142555296571484,0.0928812895659934
1177970400000,2007,5,0.3620337031021505,269.353075108,6733.8268777,217.22022186129033,239.58562,197.9294,17.47869712473281,0.08046533133500863
1180648800000,2007,6,0.3400177611111112,244.81278799999995,6120.3197,204.01065666666668,213.71198,191.11538000000004,10.959593827884095,0.053720692864544776
1183240800000,2007,7,0.3553959784946237,264.414608,6610.365200000001,213.23758709677423,224.8638,190.0677,14.17944815599305,0.06649600733644556
1185919200000,2007,8,0.38521527221505386,286.600162528,7165.004063200001,231.12916332903228,240.88860000000003,224.42360000000002,6.736508435661378,0.029146077191788116
1188597600000,2007,9,0.3697404216666667,266.21310359999995,6655.327589999999,221.84425299999995,248.32191,199.353842,35.20463108602842,0.1586907508756985
1191189600000,2007,10,0.33291076172043016,247.68560671999998,6192.140168000002,199.74645703225812,253.26,130.6807,50.463768677703214,0.25263911774692227
1193868000000,2007,11,0.36743315019444445,264.55186813999995,6613.7967035,220.45989011666668,272.249564,150.70261399999998,51.082293876471866,0.23170788051032445
1196460000000,2007,12,0.27760999247311824,206.54183439999997,5163.54586,166.56599548387098,220.9723,78.42625000000002,55.04490152719957,0.33046902140677153
1199138400000,2008,1,0.2562711804301075,190.66575824,4766.643956,153.76270825806452,217.3743,87.79701,51.63021267979603,0.3357785074463147
1201816800000,2008,2,0.3478601189655172,242.11064280000005,6052.766070000001,208.71607137931036,268.83336,158.905348,52.07333815288387,0.2494936676833493
1204322400000,2008,3,0.37781270322580657,281.0926511999999,7027.316280000001,226.6876219354839,257.99114000000003,169.48846999999998,35.95745902507105,0.1586211841566924
1207000800000,2008,4,0.37987155828333335,273.507521964,6837.688049100001,227.92293497000003,248.56207600000002,203.29737500000002,20.67636909459866,0.09071649194636841
1209592800000,2008,5,0.3517423939784946,261.69634112,6542.408527999999,211.04543638709674,232.647424,193.08759999999998,31.925612814346984,0.15127364685483863
1212271200000,2008,6,0.33608673055555555,241.98244600000004,6049.561149999999,201.65203833333328,217.89813000000004,182.78098,25.044384191759008,0.12419603788165204
1214863200000,2008,7,0.3419737903225805,254.42850000000004,6360.712499999999,205.18427419354833,224.8617,182.8098,16.64836555150821,0.08113860390589178
1217541600000,2008,8,0.37908837924731187,282.04175416,7051.043853999999,227.45302754838704,239.953486,214.157431,10.251832686955872,0.04507230700534402
1220220000000,2008,9,0.389875484,280.71034848,7017.758712,233.9252904,257.55498,215.880503,19.00926883838531,0.08126213632515089
1222812000000,2008,10,0.38915814274193555,289.53365819999993,7238.341454999999,233.49488564516125,264.85269999999997,175.305275,43.322182733944985,0.18553803700771876
1225490400000,2008,11,0.291100791,209.59256951999998,5239.814237999999,174.66047459999996,241.15275200000002,116.3078278,45.67008504494737,0.2614792221854376
1228082400000,2008,12,0.3247176230107527,241.58991152,6039.747788000001,194.83057380645164,266.056,95.03239,68.17152638029789,0.34990158396813414
1230760800000,2009,1,0.34689244836021504,258.08798157999996,6452.1995395,208.13546901612904,267.6666,147.6343,47.09737929798397,0.2262823319860694
1233439200000,2009,2,0.3713286436309523,249.53284851999993,6238.321213,222.79718617857142,271.94109,146.9972163,45.92422070206063,0.20612567640442495
1235858400000,2009,3,0.3399124228494623,252.89484260000003,6322.371064999998,203.94745370967738,260.05276,107.6779,60.24389197350674,0.2953892822769189
1238536800000,2009,4,0.384934025,277.152498,6928.812449999999,230.96041499999998,249.539644,207.2216238,20.357986908719106,0.08814491829138386
1241128800000,2009,5,0.3602802866129032,268.0485332399999,6701.213331,216.16817196774193,229.6863,203.05149999999998,11.612441974510462,0.053719480850508136
1243807200000,2009,6,0.3353941666666667,241.4838,6037.094999999998,201.23649999999995,215.45051999999998,184.58678999999998,29.363447708238933,0.14591511832216789
1246399200000,2009,7,0.3465079569892473,257.80192,6445.048000000001,207.9047741935484,225.22360000000003,185.39139999999998,16.30841611072778,0.07844175860793606
1249077600000,2009,8,0.38917397280107524,289.54543576400005,7238.635894100002,233.50438368064522,243.0327,221.16049999999998,10.17405900854699,0.04357116919253067
1251756000000,2009,9,0.35573399388888893,256.1284756,6403.21189,213.44039633333333,241.573396,190.439691,26.28801045257067,0.12316323856293941
1254348000000,2009,10,0.34810831050537633,258.992583016,6474.8145754,208.8649863032258,258.74019999999996,145.94760999999997,48.751842135130275,0.23341318714067935
1257026400000,2009,11,0.3311642999888889,238.438295992,5960.957399800001,198.69857999333337,253.14653088,133.974641,46.724991378348335,0.2351551348777431
1259618400000,2009,12,0.36928546451612904,274.74838559999995,6868.709640000001,221.57127870967744,269.37140000000005,180.65408,43.54717798347396,0.1965380090644933
1262296800000,2010,1,0.3356012483870969,249.68732879999996,6242.183219999999,201.36074903225804,254.05439999999996,137.85136,49.76146932921041,0.24712596456044478
1264975200000,2010,2,0.30771319226190474,206.7832652,5169.58163,184.62791535714285,259.985982,103.12868,61.240188655789765,0.331695174791565
1267394400000,2010,3,0.32958258908602145,245.20944627999998,6130.236157,197.7495534516129,261.8351,110.40554999999999,55.543624571570525,0.2808786346269117
1270072800000,2010,4,0.31671967416666663,228.0381654,5700.954134999999,190.03180449999996,241.65473,108.13912130000001,49.57929686195962,0.26089999509508227
1272664800000,2010,5,0.3307879152688173,246.10620895999998,6152.655224,198.47274916129032,224.35070000000002,169.42030000000003,32.536680554800945,0.16393525404517764
1275343200000,2010,6,0.33374669888888886,240.2976232,6007.440579999999,200.24801933333327,216.45559000000003,175.70599,23.48389654375304,0.11727405155834124
1277935200000,2010,7,0.2816768387096774,209.56756799999997,5239.189200000001,169.00610322580647,213.4312,109.32579000000001,42.72496851506125,0.2528013349788739
1280613600000,2010,8,0.38844837080645156,289.00558788,7225.139696999999,233.06902248387092,244.43900000000002,219.95669999999998,12.61532076821309,0.05412697334793219
1283292000000,2010,9,0.3844688255555555,276.81755440000006,6920.43886,230.68129533333334,252.08894999999998,211.27851000000004,15.26465726832223,0.06617206326271437
1285884000000,2010,10,0.3660965659677419,272.37584508000003,6809.396127000001,219.65793958064518,258.289031,159.79216,48.22674998604151,0.21955386669888866
1288562400000,2010,11,0.3563195098333332,256.55004708000007,6413.751177,213.7917059,265.059576,140.0967947,49.09808580220466,0.22965383804538253
1291154400000,2010,12,0.34547507908602154,257.03345884,6425.8364710000005,207.2850474516129,276.8418,152.00892999999996,50.52895449820546,0.2437655543388896
1293832800000,2011,1,0.29467210105913977,219.236043188,5480.901079700002,176.80326063548392,259.03788,116.87077,50.96939259181851,0.28828310297343634
1296511200000,2011,2,0.3821721963690477,256.81971596000005,6420.492899000002,229.30331782142864,273.51679,161.508422,52.908189100213285,0.23073451183735535
1298930400000,2011,3,0.3364803423655915,250.34137472000003,6258.534368000001,201.88820541935488,256.64162,131.20742000000004,51.109669346575515,0.25315827262128743
1301608800000,2011,4,0.34748944349999994,250.19239932,6254.809983000001,208.49366610000004,246.47706300000002,149.82506999999998,36.96260192771182,0.17728405192886487
1304200800000,2011,5,0.3571852060215054,265.74579328,6643.644831999999,214.3111236129032,233.523237,199.7443,24.366114466047,0.11369505257252999
1306879200000,2011,6,0.3391696388888889,244.20214000000007,6105.053500000001,203.50178333333335,218.98624999999998,188.73754,20.306512008357682,0.09978542534487707
1309471200000,2011,7,0.34066263440860206,253.45300000000003,6336.325000000001,204.39758064516133,224.55730000000003,174.4871,23.030518082816673,0.1126751011930917
1312149600000,2011,8,0.38342963430107524,285.27164792,7131.791198,230.05778058064516,241.4816,217.7638,13.17412154988337,0.05726440338871857
1314828000000,2011,9,0.38603632055555553,277.9461508,6948.653769999997,231.62179233333325,254.15216999999998,210.385842,27.081250601072966,0.11692013229091847
1317420000000,2011,10,0.38269850145161277,284.7276850799999,7118.192127,229.61910087096774,259.51595299999997,194.03407,35.77780200830876,0.15581370135411232
1320098400000,2011,11,0.3323495872944445,239.291702852,5982.2925712999995,199.40975237666666,259.96161200000006,117.96239299999999,55.84693438759591,0.2800611992241292
1322690400000,2011,12,0.32579915844086016,242.39457388000005,6059.864347000001,195.47949506451616,254.62609999999998,110.10276,52.96625575051553,0.2709555584489029
1325368800000,2012,1,0.34077946612903215,253.5399228,6338.4980700000015,204.4676796774194,269.618,120.37887000000002,55.62244731289967,0.2720354013927923
1328047200000,2012,2,0.3295256866666666,229.34987791999998,5733.746948,197.715412,250.96450199999995,130.028056,46.64206371734927,0.23590504779338733
1330552800000,2012,3,0.3485355029569893,259.3104142,6482.760355,209.12130177419357,261.80411999999995,149.959777,42.445776159664014,0.2029720348886141
1333231200000,2012,4,0.3947634907222223,284.2297133199999,7105.742833000002,236.8580944333334,252.56982600000003,213.71729689999998,19.015767141632015,0.08028337468105501
1335823200000,2012,5,0.36096434821505374,268.55747507200005,6713.9368768,216.57860892903227,238.797081,179.33550000000002,21.43337463149877,0.0989634883033254
1338501600000,2012,6,0.3352798333333333,241.40148000000002,6035.036999999999,201.16789999999997,214.51169,187.28441999999998,15.157484756474553,0.07534743245057762
1341093600000,2012,7,0.3512769462365592,261.350048,6533.751200000001,210.7661677419355,227.0042,192.5823,13.419280216921392,0.06366904309496252
1343772000000,2012,8,0.3698586943548387,275.1748686,6879.371715000001,221.91521661290327,237.7088,211.2839,14.861970990610873,0.06697139212645918
1346450400000,2012,9,0.37609808277777773,270.7906196,6769.765490000001,225.6588496666667,251.71039000000002,184.07323800000003,28.1765771968911,0.12486360379179587
1349042400000,2012,10,0.3546557987634408,263.8639142800001,6596.597856999999,212.79347925806448,256.24273000000005,154.47500999999997,48.71685634067948,0.22893961088722223
1351720800000,2012,11,0.338565647238889,243.76726601200005,6094.181650300001,203.13938834333337,262.963036,129.15714558000002,57.224839413411644,0.28170233198051103
1354312800000,2012,12,0.32092404408602143,238.76748880000002,5969.187219999999,192.55442645161287,236.7576,127.07742,44.02519644802671,0.22863767538000396
1356991200000,2013,1,0.34479731688172044,256.52920376000003,6413.230093999999,206.87839012903223,275.83820000000003,143.43346,59.749674628222394,0.2888154465575447
1359669600000,2013,2,0.3331438499404763,223.87266716,5596.816679,199.8863099642857,270.39279,104.66800599999999,71.66505835046604,0.3585290976819306
1362088800000,2013,3,0.3988340492903227,296.732532672,7418.313316800001,239.3004295741936,261.00684,211.76169000000002,35.35364953338718,0.1477375096914567
1364767200000,2013,4,0.39298825638888885,282.9515446,7073.788615,235.79295383333334,251.841527,209.39017,23.35094062951219,0.09903154547195438
1367359200000,2013,5,0.35992995717741944,267.78788814000006,6694.697203500001,215.95797430645163,238.63777200000004,188.5927,22.582691605368467,0.10456984363690533
1370037600000,2013,6,0.3511765666666666,252.84712800000003,6321.1782,210.70594,214.5098,205.6281,3.3572182530101955,0.015933192263161616
1372629600000,2013,7,0.3532768279569893,262.83796,6570.949,211.96609677419355,223.31929999999997,195.30359999999996,13.32658480140313,0.06287130349718086
1375308000000,2013,8,0.3604790468279569,268.19641083999994,6704.910271000002,216.28742809677425,237.1651,179.57930000000002,23.755394125438404,0.10983252394498604
1377986400000,2013,9,0.3688016937666667,265.537219512,6638.430487799999,221.28101625999997,249.577552,188.990572,38.340217451253224,0.17326482903623497
1380578400000,2013,10,0.38315128349462374,285.06455492000003,7126.613872999998,229.89077009677413,263.326071,193.64880000000002,36.92893276340599,0.16063686570739877
1383256800000,2013,11,0.34904487216666674,251.31230796,6282.807698999998,209.42692329999994,263.57764000000003,127.58037390000001,51.33080714578481,0.24510128085229252
1385848800000,2013,12,0.31011503677419355,230.72558736000002,5768.139684,186.06902206451613,261.57370000000003,109.9049,60.93511252064338,0.3274866060161009
1388527200000,2014,1,0.3548368145161291,263.99859,6599.96475,212.90208870967743,276.50600000000003,133.87359,58.49043231854641,0.27472925546684757
1391205600000,2014,2,0.32543532892857135,218.69254104000004,5467.313525999998,195.26119735714278,265.33308000000005,108.49820000000001,56.89568234943647,0.29138243091571
1393624800000,2014,3,0.3366393762043011,250.45969589600003,6261.4923974,201.98362572258065,256.63057,123.80316140000002,57.13072057265726,0.28284827727137074
1396303200000,2014,4,0.3190437779444445,229.71152011999996,5742.788003,191.42626676666666,243.61934969999996,129.7120852,57.36368131222677,0.2996646295262526
1398895200000,2014,5,0.3573263433333333,265.85079943999995,6646.269985999999,214.39580599999996,238.810909,190.5023,23.011464702835962,0.10733169240650149
1401573600000,2014,6,0.3271142833333333,235.52228399999998,5888.0571,196.26857,212.85997,173.37796999999998,20.03347774753033,0.10207175681531856
1404165600000,2014,7,0.3510266774193549,261.163848,6529.096199999999,210.61600645161286,222.95379999999997,197.6486,16.782380107619524,0.07968235838464217
1406844000000,2014,8,0.37662545317204293,280.20933716,7005.233429000003,225.9752719032259,245.62907,200.78880000000004,17.261990655968212,0.0763888478176527
1409522400000,2014,9,0.37980192016666675,273.45738251999995,6836.434563,227.88115209999998,253.14923199999998,188.624325,34.536756123467455,0.15155600103474928
1412114400000,2014,10,0.39157338446236556,291.33059804,7283.264951,234.94403067741936,267.25124,205.5099,34.08622586930447,0.14508232352625813
1414792800000,2014,11,0.3221020976833334,231.91351033199996,5797.837758299999,193.26125860999997,262.91979,116.61559940000004,61.42096793660708,0.31781314257377474
1417384800000,2014,12,0.3104093737634409,230.94457408000005,5773.614352000001,186.24562425806457,230.86339999999998,137.01832299999998,40.895917673073555,0.21958055570963425
1420063200000,2015,1,0.3700567610752688,275.32223024,6883.055756000001,222.03405664516131,278.13280000000003,133.07108,65.35640437866947,0.2943530617157408
1422741600000,2015,2,0.3825921050595237,257.10189460000004,6427.547364999999,229.55526303571426,272.63416,151.40232400000002,49.880535193422766,0.21729205653482378
1425160800000,2015,3,0.36249670453763444,269.69754817600005,6742.438704399999,217.4980227225806,262.18019999999996,131.198992,56.324421813764644,0.25896521314865756
1427839200000,2015,4,0.3295675171666667,237.28861235999995,5932.215309000001,197.74051030000004,236.71457599999997,131.583997,45.14477626405189,0.22830312410725018
1430431200000,2015,5,0.3674319424731183,273.36936519999995,6834.234130000001,220.459165483871,232.2243,204.04460000000003,12.5480219669053,0.056917669716133094
1433109600000,2015,6,0.3368189722222221,242.50966000000005,6062.741500000001,202.09138333333337,212.70058,181.8013,13.273838019489453,0.06568235518283
1435701600000,2015,7,0.3480324623655913,258.93615200000005,6473.4038,208.81947741935485,218.31230000000002,199.23610000000002,10.573432625617517,0.050634321837630926
1438380000000,2015,8,0.3879161794623657,288.60963752,7215.240938000002,232.74970767741942,238.38464,224.74750000000003,5.424119558401395,0.023304517167939815
1441058400000,2015,9,0.37678083538888885,271.28220148,6782.055037,226.06850123333334,256.68376,189.9075611,29.205888157001002,0.12919043563197052
1443650400000,2015,10,0.38946494317204305,289.76191772000004,7244.0479430000005,233.67896590322582,267.89336000000003,188.96989999999997,33.78513573382575,0.14457927611600818
1446328800000,2015,11,0.3659725057777778,263.50020416,6587.505104,219.58350346666666,277.11275,143.05428,60.37531149559482,0.2749537672112056
1448920800000,2015,12,0.35764134784946233,266.0851628,6652.129069999999,214.5848087096774,275.1174,156.05634,44.07959224632018,0.20541804665193092
1451599200000,2016,1,0.3522742489784946,262.09204123999996,6552.301030999998,211.3645493870967,268.02139999999997,150.79857,51.64686109484772,0.24434968515113084
1454277600000,2016,2,0.3269031381609195,227.52458416,5688.114604000001,196.14188289655178,254.41994,91.547298,61.71620747617536,0.3146508362455429
1456783200000,2016,3,0.2966667669946238,220.72007464399996,5518.001866099999,178.00006019677414,223.04569999999995,137.69362,37.464742785299464,0.21047601188383436
1459461600000,2016,4,0.3683428365944445,265.20684234799995,6630.171058699999,221.00570195666663,247.437566,175.622557,28.100461796026863,0.12714813032985284
1462053600000,2016,5,0.36475842026881716,271.38026468,6784.506616999999,218.8550521612903,232.90009999999998,209.87499999999997,17.83204718186908,0.08147880072116105
1464732000000,2016,6,0.33863656666666664,243.818328,6095.458200000002,203.18194000000005,213.17326000000003,188.70328,10.987818965645225,0.054078718638306246
1467324000000,2016,7,0.34622554838709685,257.59180800000007,6439.7952,207.73532903225805,223.93609999999998,192.818,17.078654418624314,0.08221352861925699
1470002400000,2016,8,0.3811195030107527,283.55291024,7088.8227560000005,228.67170180645164,244.20709,206.8172,18.804393014896956,0.08223314413784809
1472680800000,2016,9,0.3882647322222222,279.5506072,6988.76518,232.95883933333334,247.29682999999997,214.76582400000004,16.987976436076455,0.07292265227922476
1475272800000,2016,10,0.3916438707096774,291.38303980800004,7284.5759952,234.98632242580643,264.06759999999997,174.05032500000002,35.39523126925565,0.15062677224727064
1477951200000,2016,11,0.3308980599444445,238.24660316,5956.1650789999985,198.53883596666662,264.477998,119.794904,53.32514519234746,0.26858798145316215
1480543200000,2016,12,0.35626869107526876,265.06390616000004,6626.597653999999,213.76121464516126,271.6487,145.15237000000002,48.52973687486819,0.22702779339753681
1483221600000,2017,1,0.28041119618279575,208.62592996,5215.648249000002,168.24671770967748,229.4022,99.35089000000002,53.52178299316829,0.31811487155145696
1485900000000,2017,2,0.3212795036309524,215.89982643999997,5397.495661000001,192.76770217857145,262.10302,137.5115815,45.765246088342145,0.23741137945373883
1488319200000,2017,3,0.3418233646774193,254.31658331999998,6357.914583,205.0940188064516,258.95518,119.25232999999999,57.05244604699548,0.2781770349960142
1490997600000,2017,4,0.34171954550000005,246.03807276,6150.951819,205.0317273,253.96834599999997,133.7925,51.23140146075362,0.24987060361537333
1493589600000,2017,5,0.3510842081290322,261.206650848,6530.1662712,210.65052487741934,225.36929999999998,198.184,18.474699051261002,0.08770307627769597
1496268000000,2017,6,0.32089854999999995,231.04695599999997,5776.173900000001,192.53913000000003,212.74833999999998,165.39817,19.543861904800103,0.10150592196401895
1498860000000,2017,7,0.34758963978494617,258.606692,6465.167299999999,208.55378387096772,222.92050000000003,178.80679999999998,18.449632509368072,0.08846462608792974
1501538400000,2017,8,0.367369013172043,273.32254580000006,6833.063644999999,220.42140790322577,241.80846,200.2419,39.769080159581286,0.18042294774308662
1504216800000,2017,9,0.38830566499999997,279.5800788,6989.501969999999,232.983399,249.46699,211.873844,16.03594606532641,0.06882870682698904
1506808800000,2017,10,0.33241119978494627,247.31393264,6182.8483160000005,199.44671987096777,260.4874,121.4191,73.52344272410919,0.3686370112863989
1509487200000,2017,11,0.371059033888889,267.1625044,6679.062609999999,222.63542033333331,275.051371,149.16248299999998,51.93616335355779,0.23327897814192428
1512079200000,2017,12,0.3586038311290322,266.80125036,6670.031259000001,215.1622986774194,268.5491,158.47481000000002,48.85577123891348,0.22706473921883577
1514757600000,2018,1,0.3774391940860215,280.8147604,7020.3690099999985,226.46351645161286,279.2389,173.76121,44.19857841063907,0.195168648368501
1517436000000,2018,2,0.26341255501785726,177.013236972,4425.3309243,158.0475330107143,233.685837,69.1128405,60.04542899179901,0.37992006485623814
1519855200000,2018,3,0.30130686924731187,224.17231071999998,5604.307768,180.78412154838708,235.31379,122.58689,45.7180317154633,0.2528874290722862
1522533600000,2018,4,0.3568957213888889,256.9649194,6424.122985,214.13743283333332,243.675913,172.87830450000004,45.13289858275248,0.210766039293467
1525125600000,2018,5,0.34015333580645174,253.07408184,6326.852045999999,204.09200148387094,230.27011600000003,176.92890000000003,22.072400502858898,0.10814926769485987
1527804000000,2018,6,0.3331561888888889,239.872456,5996.8114,199.89371333333332,220.71791,170.04978,25.071947055578814,0.125426391042974
1530396000000,2018,7,0.313708014516129,233.3987628,5834.969070000001,188.22480870967746,227.59749999999997,119.52740000000001,44.972409078717185,0.23892923248010164
1533074400000,2018,8,0.3695740570430107,274.96309843999995,6874.077461,221.74443422580646,236.53730000000002,203.3951,13.308518039469678,0.06001737128570888
1535752800000,2018,9,0.3895845404999999,280.5008691600001,7012.521729,233.7507243,254.42791,208.31249,18.81314180001003,0.0804837797031375
1538344800000,2018,10,0.39918498564516125,296.9936293200001,7424.840732999999,239.51099138709674,268.39945,195.07828,31.495436908389202,0.13149892088871362
1541023200000,2018,11,0.37227045255555546,268.03472584,6700.868145999999,223.36227153333328,278.528849,134.53048400000003,61.2038644350026,0.274011649392941
1543615200000,2018,12,0.40447271129032264,300.92769719999995,7523.192430000002,242.6836267741936,279.0857,196.69173000000004,44.32751313873732,0.1826555574759978
1546293600000,2019,1,0.36878409327956996,274.37536539999996,6859.384135000001,221.27045596774198,273.0584,164.14239999999998,43.02337813577251,0.19443796935115773
1548972000000,2019,2,0.34296527916666664,230.47266760000002,5761.8166900000015,205.77916750000006,272.21756999999997,101.09396380000001,73.5288436588747,0.35731918129601087
1551391200000,2019,3,0.4053971231182795,301.61545960000007,7540.38649,243.23827387096773,261.90802,220.51274999999998,17.2636867466411,0.07097438438409197
1554069600000,2019,4,0.33015091226111104,237.70865682800002,5942.7164207,198.09054735666666,246.68588300000002,141.96009499999997,47.84917324686226,0.24155202701675968
1556661600000,2019,5,0.35610391838709676,264.94131528,6623.532882000001,213.6623510322581,230.3204,197.88709999999998,17.172572457535175,0.08037247729686599
1559340000000,2019,6,0.3418861333333333,246.15801600000006,6153.950399999999,205.13167999999996,213.77894000000003,201.34781999999998,16.8238143330836,0.08201470554467064
1561932000000,2019,7,0.3680888602150538,273.858112,6846.4528,220.85331612903227,229.3193,209.44389999999999,7.4717995620910935,0.033831502705287606
1564610400000,2019,8,0.35788872419354845,266.26921079999994,6656.730270000002,214.7332345161291,239.90600000000003,169.90339999999998,28.415072000138842,0.1323273133018658
1567288800000,2019,9,0.4008807836111111,288.6341642,7215.854105,240.52847016666666,256.89194150000003,222.975584,15.698433883181732,0.06526642718138104
1569880800000,2019,10,0.38140663962365584,283.76653988000004,7094.163496999999,228.8439837741935,267.50819,177.36096,34.12327045141704,0.14911150334232684
1572559200000,2019,11,0.33496764488888897,241.17670431999997,6029.417608,200.9805869333333,241.002814,146.43845829999998,39.258507557412486,0.19533482390732002
1575151200000,2019,12,0.379931812903226,282.6692688,7066.73172,227.95908774193546,272.2425,171.41993,42.79282527648848,0.1877215148576693
1577829600000,2020,1,0.3503716059139787,260.6764748,6516.911870000001,210.22296354838713,258.4768,155.76409999999998,45.61153940779611,0.2169674456011447
1580508000000,2020,2,0.3365590959195402,234.24513076,5856.128269000001,201.93545755172417,264.82796,135.21913800000002,53.651748590017014,0.2656876075182316
1583013600000,2020,3,0.29992542632795705,223.14451718800007,5578.6129297,179.9552557967742,249.96753,104.17685999999999,55.77500988099771,0.30993821010698985
1585692000000,2020,4,0.3688914077777777,265.6018136,6640.045340000001,221.3348446666667,246.047737,196.19853300000003,27.211646736858597,0.12294334756843057
1588284000000,2020,5,0.3605316141397849,268.23552091999994,6705.888023,216.31896848387098,230.92860000000002,206.2585,28.02681663080969,0.1295624550507202
1590962400000,2020,6,0.33353021111111114,240.14175200000008,6003.5438,200.11812666666668,212.16056,167.75911000000002,17.07688226153816,0.08533401019680155
1593554400000,2020,7,0.3597931451612903,267.68610000000007,6692.152499999999,215.87588709677416,228.6529,198.02269999999996,14.13784455497,0.06549061474676049
1596232800000,2020,8,0.3531512556451613,262.74453420000003,6568.613354999998,211.8907533870967,234.78769999999997,203.071,53.99130738535118,0.25480728404753045
1598911200000,2020,9,0.3712294195555554,267.28518208,6682.129552,222.73765173333334,254.18591000000004,188.15852780000003,35.89592155975467,0.1611578522105014
1601503200000,2020,10,0.4019291363978495,299.0352774800001,7475.881937000001,241.1574818387097,266.43303999999995,210.98579999999998,29.569166900775336,0.12261351659224783
1604181600000,2020,11,0.31571378977777775,227.31392864,5682.848216,189.42827386666667,246.763337,122.218746,55.44810991373311,0.2927129555789623
1606773600000,2020,12,0.31593457258064506,235.055322,5876.383049999999,189.56074354838705,252.45119999999997,132.2488,55.10525148628388,0.2906997010813992
1609452000000,2021,1,0.30597161505376347,227.64288159999998,5691.072039999999,183.58296903225803,250.65190000000004,102.68609999999998,51.36569366536622,0.2797955275270691
1612130400000,2021,2,0.2993580154761904,201.16858639999998,5029.21466,179.61480928571427,253.675537,102.33009099999998,58.12188563279546,0.3235918344591545
1614549600000,2021,3,0.374779085483871,278.8356396,6970.890990000001,224.8674512903226,263.7107,174.52632,52.46488959829227,0.23331473406774075
1617228000000,2021,4,0.3721796127055555,267.96932114800006,6699.2330286999995,223.30776762333332,249.717453,163.3069097,33.64904789125426,0.15068462798845467
1619820000000,2021,5,0.3602571174086023,268.03129535200003,6700.782383799999,216.15427044516125,232.34838600000003,192.20050000000003,22.794724803604456,0.1054558152224317
1622498400000,2021,6,0.33718545555555557,242.773528,6069.3382,202.31127333333333,215.86186,171.93592,19.18341809992436,0.09482130077999786
1625090400000,2021,7,0.3533797451612904,262.9145304,6572.86326,212.0278470967742,232.5624,191.1782,20.965234427818224,0.09887962696828793
1627768800000,2021,8,0.3817476255913979,284.0202334399999,7100.505836000001,229.04857535483876,238.14530000000002,215.82944,9.719424742336273,0.0424339017489154
1630447200000,2021,9,0.38144674066666673,274.64165328,6866.041331999999,228.86804439999997,246.89962,208.68298399999998,21.456210944208717,0.0937492649987825
1633039200000,2021,10,0.35198241,261.8749130399999,6546.872825999998,211.18944599999995,261.502933,172.39829999999998,38.65747733766118,0.18304644512236273
1635717600000,2021,11,0.36632506777777774,263.7540488,6593.8512200000005,219.7950406666667,269.47246,170.88154,43.830236471083474,0.19941412844503095
1638309600000,2021,12,0.33048205650537626,245.87865004000003,6146.966250999999,198.28923390322578,243.51520100000002,140.0294,44.22227540506318,0.22301904412342263