start_date,year,month,year_month,water_month,water_year,water_year_name,water_year_month,level_mean,level_min,level_max,outflow,vicfalls_flow,capacity_mw,outflow_generation_max,is_spill,outflow_generation,outflow_spill,power_mw,level_start,level_end
01/10/1960,1960,10,1960_10,1,1960,1960/61,1960_1,461.02,460.93,461.13,300,254,0,0,TRUE,0,300,0,461.13,460.93
01/11/1960,1960,11,1960_11,2,1960,1960/61,1960_2,460.85,460.83,460.9,300,252,0,0,TRUE,0,300,0,460.9,460.86
01/12/1960,1960,12,1960_12,3,1960,1960/61,1960_3,460.87,460.8,460.98,300,399,0,0,TRUE,0,300,0,460.84,460.98
01/01/1961,1961,1,1961_1,4,1960,1960/61,1960_4,461.34,461.01,461.99,300,557,0,0,TRUE,0,300,0,461.01,461.99
01/02/1961,1961,2,1961_2,5,1960,1960/61,1960_5,462.53,462.05,462.98,300,867,0,0,TRUE,0,300,0,462.05,462.92
01/03/1961,1961,3,1961_3,6,1960,1960/61,1960_6,463.58,462.95,464.35,300,1518,0,0,TRUE,0,300,0,462.95,464.35
01/04/1961,1961,4,1961_4,7,1960,1960/61,1960_7,466.14,464.41,467.9,300,5159,0,0,TRUE,0,300,0,464.41,467.9
01/05/1961,1961,5,1961_5,8,1960,1960/61,1960_8,469.37,467.97,470.4,300,4182,0,0,TRUE,0,300,0,467.97,470.4
01/06/1961,1961,6,1961_6,9,1960,1960/61,1960_9,471.07,470.49,471.53,300,2253,0,0,TRUE,0,300,0,470.49,471.53
01/07/1961,1961,7,1961_7,10,1960,1960/61,1960_10,471.83,471.54,472.01,300,1294,0,0,TRUE,0,300,0,471.54,472.01
01/08/1961,1961,8,1961_8,11,1960,1960/61,1960_11,472.07,472.03,472.09,300,703,0,0,TRUE,0,300,0,472.03,472.06
01/09/1961,1961,9,1961_9,12,1960,1960/61,1960_12,472,471.91,472.06,300,457,0,0,TRUE,0,300,0,472.06,471.91
01/10/1961,1961,10,1961_10,1,1961,1961/62,1961_1,471.82,471.75,471.91,355,323,666,360,FALSE,355,0,333,471.89,471.75
01/11/1961,1961,11,1961_11,2,1961,1961/62,1961_2,471.72,471.69,471.74,359,313,666,360,FALSE,359,0,337,471.72,471.72
01/12/1961,1961,12,1961_12,3,1961,1961/62,1961_3,471.71,471.68,471.74,351,489,666,360,FALSE,351,0,330,471.71,471.74
01/01/1962,1962,1,1962_1,4,1961,1961/62,1961_4,472.11,471.72,472.53,702,755,666,360,TRUE,360,342,338,471.74,472.53
01/02/1962,1962,2,1962_2,5,1961,1961/62,1961_5,473.1,472.57,473.77,372,1512,666,380,FALSE,372,0,349,472.57,473.77
01/03/1962,1962,3,1962_3,6,1961,1961/62,1961_6,474.61,473.81,475.69,377,3556,666,380,FALSE,377,0,354,473.81,475.69
01/04/1962,1962,4,1962_4,7,1961,1961/62,1961_7,476.26,475.76,476.87,2840,5015,666,380,TRUE,380,2460,357,475.76,476.87
01/05/1962,1962,5,1962_5,8,1961,1961/62,1961_8,477.81,476.94,478.63,758,4094,666,380,TRUE,380,378,357,476.94,478.63
01/06/1962,1962,6,1962_6,9,1961,1961/62,1961_9,479.21,478.68,479.62,413,2366,666,380,TRUE,380,33,357,478.68,479.62
01/07/1962,1962,7,1962_7,10,1961,1961/62,1961_10,479.85,479.64,480.01,396,1281,666,405,FALSE,396,0,372,479.64,480.01
01/08/1962,1962,8,1962_8,11,1961,1961/62,1961_11,480.05,480,480.08,392,735,666,405,FALSE,392,0,368,480.01,480.05
01/09/1962,1962,9,1962_9,12,1961,1961/62,1961_12,480.02,479.97,480.05,394,508,666,405,FALSE,394,0,370,480.05,479.97
01/10/1962,1962,10,1962_10,1,1962,1962/63,1962_1,479.9,479.8,479.97,392,376,666,405,FALSE,392,0,368,479.97,479.8
01/11/1962,1962,11,1962_11,2,1962,1962/63,1962_2,479.74,479.69,479.79,401,334,666,405,FALSE,401,0,377,479.79,479.72
01/12/1962,1962,12,1962_12,3,1962,1962/63,1962_3,480.13,479.72,481.09,385,586,666,405,FALSE,385,0,362,479.72,481.09
01/01/1963,1963,1,1963_1,4,1962,1962/63,1962_4,481.63,481.22,481.83,1923,1296,666,405,TRUE,405,1518,380,481.22,481.53
01/02/1963,1963,2,1963_2,5,1962,1962/63,1962_5,482.09,481.53,483.06,2393,3126,666,405,TRUE,405,1988,380,481.53,483.06
01/03/1963,1963,3,1963_3,6,1962,1962/63,1962_6,483.96,483.15,484.83,3327,5710,666,405,TRUE,405,2922,380,483.15,484.83
01/04/1963,1963,4,1963_4,7,1962,1962/63,1962_7,485.44,484.88,485.88,3908,5894,666,405,TRUE,405,3503,380,484.88,485.88
01/05/1963,1963,5,1963_5,8,1962,1962/63,1962_8,486.04,485.76,486.54,2315,3732,666,450,TRUE,450,1865,423,485.88,486.54
01/06/1963,1963,6,1963_6,9,1962,1962/63,1962_9,486.93,486.56,487.2,417,1976,666,450,FALSE,417,0,392,486.56,487.2
01/07/1963,1963,7,1963_7,10,1962,1962/63,1962_10,487.37,487.22,487.48,399,1107,666,450,FALSE,399,0,375,487.22,487.48
01/08/1963,1963,8,1963_8,11,1962,1962/63,1962_11,487.5,487.46,487.52,411,693,666,450,FALSE,411,0,386,487.46,487.51
01/09/1963,1963,9,1963_9,12,1962,1962/63,1962_12,487.48,487.44,487.51,405,513,666,450,FALSE,405,0,380,487.51,487.44
01/10/1963,1963,10,1963_10,1,1963,1963/64,1963_1,487.12,486.28,487.44,2561,409,666,450,TRUE,450,2111,423,487.43,486.28
01/11/1963,1963,11,1963_11,2,1963,1963/64,1963_2,485.11,484.07,486.2,4799,440,666,450,TRUE,450,4349,423,486.2,484.07
01/12/1963,1963,12,1963_12,3,1963,1963/64,1963_3,483.34,482.5,484.05,4536,776,666,450,TRUE,450,4086,423,484.05,482.5
01/01/1964,1964,1,1964_1,4,1963,1963/64,1963_4,481.77,480.97,482.45,4469,1010,666,450,TRUE,450,4019,423,482.45,480.97
01/02/1964,1964,2,1964_2,5,1963,1963/64,1963_5,480.67,480.41,480.91,3297,1252,666,450,TRUE,450,2847,423,480.91,480.41
01/03/1964,1964,3,1964_3,6,1963,1963/64,1963_6,480.56,480.3,480.93,806,1965,666,450,TRUE,450,356,423,480.38,480.93
01/04/1964,1964,4,1964_4,7,1963,1963/64,1963_7,481.37,480.97,481.74,475,2280,666,450,TRUE,450,25,423,480.97,481.74
01/05/1964,1964,5,1964_5,8,1963,1963/64,1963_8,482.15,481.78,482.45,467,2005,666,500,FALSE,467,0,439,481.78,482.45
01/06/1964,1964,6,1964_6,9,1963,1963/64,1963_9,482.65,482.47,482.74,482,1182,666,500,FALSE,482,0,453,482.47,482.71
01/07/1964,1964,7,1964_7,10,1963,1963/64,1963_10,482.7,482.67,482.74,497,644,666,500,FALSE,497,0,467,482.73,482.67
01/08/1964,1964,8,1964_8,11,1963,1963/64,1963_11,482.6,482.53,482.67,489,486,666,500,FALSE,489,0,459,482.65,482.54
01/09/1964,1964,9,1964_9,12,1963,1963/64,1963_12,482.45,482.38,482.54,478,385,666,500,FALSE,478,0,449,482.53,482.38
01/10/1964,1964,10,1964_10,1,1964,1964/65,1964_1,482.27,482.16,482.39,456,304,666,500,FALSE,456,0,428,482.39,482.16
01/11/1964,1964,11,1964_11,2,1964,1964/65,1964_2,482.06,481.97,482.16,475,318,666,500,FALSE,475,0,446,482.16,481.97
01/12/1964,1964,12,1964_12,3,1964,1964/65,1964_3,482.07,481.92,482.25,467,462,666,500,FALSE,467,0,439,481.97,482.25
01/01/1965,1965,1,1965_1,4,1964,1964/65,1964_4,482.6,482.3,482.93,470,672,666,500,FALSE,470,0,441,482.3,482.93
01/02/1965,1965,2,1965_2,5,1964,1964/65,1964_5,482.88,482.76,483.05,1327,970,666,500,TRUE,500,827,470,482.93,482.86
01/03/1965,1965,3,1965_3,6,1964,1964/65,1964_6,483.08,482.86,483.43,493,1835,666,500,FALSE,493,0,463,482.86,483.43
01/04/1965,1965,4,1965_4,7,1964,1964/65,1964_7,483.93,483.46,484.36,494,2604,666,500,FALSE,494,0,464,483.46,484.36
01/05/1965,1965,5,1965_5,8,1964,1964/65,1964_8,484.61,484.36,484.91,885,2106,666,500,TRUE,500,385,470,484.39,484.91
01/06/1965,1965,6,1965_6,9,1964,1964/65,1964_9,485.07,484.92,485.2,517,1295,666,500,TRUE,500,17,470,484.94,485.17
01/07/1965,1965,7,1965_7,10,1964,1964/65,1964_10,485.18,485.15,485.2,523,681,666,500,TRUE,500,23,470,485.18,485.15
01/08/1965,1965,8,1965_8,11,1964,1964/65,1964_11,485.08,485.01,485.15,534,472,666,500,TRUE,500,34,470,485.13,485.01
01/09/1965,1965,9,1965_9,12,1964,1964/65,1964_12,484.9,484.78,485,532,370,666,500,TRUE,500,32,470,485,484.78
01/10/1965,1965,10,1965_10,1,1965,1965/66,1965_1,484.67,484.54,484.77,519,301,666,500,TRUE,500,19,470,484.77,484.54
01/11/1965,1965,11,1965_11,2,1965,1965/66,1965_2,484.47,484.39,484.54,490,279,666,500,FALSE,490,0,460,484.54,484.4
01/12/1965,1965,12,1965_12,3,1965,1965/66,1965_3,483.9,482.93,484.4,3177,419,666,500,TRUE,500,2677,470,484.39,482.93
01/01/1966,1966,1,1966_1,4,1965,1965/66,1965_4,481.96,481.51,482.85,3342,610,666,500,TRUE,500,2842,470,482.85,481.51
01/02/1966,1966,2,1966_2,5,1965,1965/66,1965_5,481.85,481.48,482.42,558,916,666,550,TRUE,550,8,517,481.48,482.42
01/03/1966,1966,3,1966_3,6,1965,1965/66,1965_6,482.93,482.48,483.35,512,1709,666,550,FALSE,512,0,481,482.48,483.35
01/04/1966,1966,4,1966_4,7,1965,1965/66,1965_7,484.33,483.4,485.26,459,4427,666,550,FALSE,459,0,431,483.4,485.26
01/05/1966,1966,5,1966_5,8,1965,1965/66,1965_8,485.07,484.71,485.32,2572,2728,666,550,TRUE,550,2022,517,485.32,485.32
01/06/1966,1966,6,1966_6,9,1965,1965/66,1965_9,485.62,485.36,485.84,536,1653,666,550,FALSE,536,0,503,485.36,485.84
01/07/1966,1966,7,1966_7,10,1965,1965/66,1965_10,485.22,484.53,485.85,3379,885,666,550,TRUE,550,2829,517,485.85,484.53
01/08/1966,1966,8,1966_8,11,1965,1965/66,1965_11,483.99,483.6,484.46,2139,542,666,550,TRUE,550,1589,517,484.46,483.6
01/09/1966,1966,9,1966_9,12,1965,1965/66,1965_12,483.3,483.18,483.55,976,417,666,550,TRUE,550,426,517,483.55,483.18
01/10/1966,1966,10,1966_10,1,1966,1966/67,1966_1,483.07,482.94,483.18,482,320,666,550,FALSE,482,0,453,483.18,482.94
01/11/1966,1966,11,1966_11,2,1966,1966/67,1966_2,482.85,482.73,482.93,509,291,666,550,FALSE,509,0,478,482.93,482.73
01/12/1966,1966,12,1966_12,3,1966,1966/67,1966_3,482.71,482.67,482.76,530,370,666,600,FALSE,530,0,498,482.71,482.76
01/01/1967,1967,1,1967_1,4,1966,1966/67,1966_4,482.79,482.71,482.89,538,525,666,600,FALSE,538,0,505,482.74,482.89
01/02/1967,1967,2,1967_2,5,1966,1966/67,1966_5,483.06,482.91,483.17,984,769,666,600,TRUE,600,384,563,482.91,483.05
01/03/1967,1967,3,1967_3,6,1966,1966/67,1966_6,482.9,482.71,483.06,1956,1052,666,600,TRUE,600,1356,563,483.02,482.71
01/04/1967,1967,4,1967_4,7,1966,1966/67,1966_7,482.61,482.54,482.71,1906,2021,666,600,TRUE,600,1306,563,482.71,482.65
01/05/1967,1967,5,1967_5,8,1966,1966/67,1966_8,483.01,482.7,483.34,1482,2833,666,600,TRUE,600,882,563,482.7,483.34
01/06/1967,1967,6,1967_6,9,1966,1966/67,1966_9,483.65,483.35,483.9,625,1880,666,650,FALSE,625,0,587,483.35,483.9
01/07/1967,1967,7,1967_7,10,1966,1966/67,1966_10,484.03,483.9,484.08,620,1119,666,650,FALSE,620,0,582,483.9,484.07
01/08/1967,1967,8,1967_8,11,1966,1966/67,1966_11,484,483.92,484.07,627,567,666,650,FALSE,627,0,589,484.07,483.93
01/09/1967,1967,9,1967_9,12,1966,1966/67,1966_12,483.8,483.69,483.92,575,400,666,650,FALSE,575,0,540,483.92,483.7
01/10/1967,1967,10,1967_10,1,1967,1967/68,1967_1,483.56,483.43,483.7,571,296,666,650,FALSE,571,0,536,483.7,483.43
01/11/1967,1967,11,1967_11,2,1967,1967/68,1967_2,483.31,483.23,483.43,583,359,666,650,FALSE,583,0,548,483.43,483.23
01/12/1967,1967,12,1967_12,3,1967,1967/68,1967_3,483.21,483.15,483.28,568,548,666,650,FALSE,568,0,533,483.21,483.2
01/01/1968,1968,1,1968_1,4,1967,1967/68,1967_4,483.14,483.06,483.23,1337,978,666,730,TRUE,730,607,686,483.21,483.06
01/02/1968,1968,2,1968_2,5,1967,1967/68,1967_5,483.18,483.03,483.31,3891,4016,666,730,TRUE,730,3161,686,483.08,483.27
01/03/1968,1968,3,1968_3,6,1967,1967/68,1967_6,483.17,482.96,483.28,4902,4202,666,730,TRUE,730,4172,686,483.26,482.96
01/04/1968,1968,4,1968_4,7,1967,1967/68,1967_7,482.88,482.82,483.09,4360,4776,666,730,TRUE,730,3630,686,482.94,483.09
01/05/1968,1968,5,1968_5,8,1967,1967/68,1967_8,483.84,483.14,484.37,642,3187,666,730,FALSE,642,0,603,483.14,484.37
01/06/1968,1968,6,1968_6,9,1967,1967/68,1967_9,484.66,484.4,484.86,671,1849,666,730,FALSE,671,0,630,484.4,484.86
01/07/1968,1968,7,1968_7,10,1967,1967/68,1967_10,484.96,484.86,485.01,661,1038,666,730,FALSE,661,0,621,484.86,485.01
01/08/1968,1968,8,1968_8,11,1967,1967/68,1967_11,484.97,484.88,485.03,676,659,666,730,FALSE,676,0,635,485.01,484.91
01/09/1968,1968,9,1968_9,12,1967,1967/68,1967_12,484.82,484.71,484.92,590,482,666,730,FALSE,590,0,554,484.91,484.74
01/10/1968,1968,10,1968_10,1,1968,1968/69,1968_1,484.56,484.45,484.72,620,365,666,730,FALSE,620,0,582,484.72,484.45
01/11/1968,1968,11,1968_11,2,1968,1968/69,1968_2,484.33,484.25,484.45,598,330,666,730,FALSE,598,0,562,484.45,484.25
01/12/1968,1968,12,1968_12,3,1968,1968/69,1968_3,484.18,483.84,484.34,1721,546,666,730,TRUE,730,991,686,484.25,483.84
01/01/1969,1969,1,1969_1,4,1968,1968/69,1968_4,483.36,482.83,483.79,3483,777,666,730,TRUE,730,2753,686,483.79,482.83
01/02/1969,1969,2,1969_2,5,1968,1968/69,1968_5,482.43,482.12,482.83,3088,1128,666,730,TRUE,730,2358,686,482.83,482.12
01/03/1969,1969,3,1969_3,6,1968,1968/69,1968_6,483.09,482.1,484.69,2098,4987,666,730,TRUE,730,1368,686,482.13,484.69
01/04/1969,1969,4,1969_4,7,1968,1968/69,1968_7,486.05,484.77,487.1,3021,7610,666,730,TRUE,730,2291,686,484.77,487.1
01/05/1969,1969,5,1969_5,8,1968,1968/69,1968_8,487.54,487.18,487.7,3782,4827,666,730,TRUE,730,3052,686,487.18,487.66
01/06/1969,1969,6,1969_6,9,1968,1968/69,1968_9,487.39,487.16,487.63,2963,2339,666,730,TRUE,730,2233,686,487.63,487.28
01/07/1969,1969,7,1969_7,10,1968,1968/69,1968_10,487.04,486.45,487.42,3095,1324,666,730,TRUE,730,2365,686,487.31,486.45
01/08/1969,1969,8,1969_8,11,1968,1968/69,1968_11,485.79,485.23,486.42,3211,829,666,730,TRUE,730,2481,686,486.42,485.23
01/09/1969,1969,9,1969_9,12,1968,1968/69,1968_12,484.74,484.31,485.17,2184,582,666,730,TRUE,730,1454,686,485.17,484.31
01/10/1969,1969,10,1969_10,1,1969,1969/70,1969_1,483.83,483.4,484.28,2151,477,666,730,TRUE,730,1421,686,484.28,483.4
01/11/1969,1969,11,1969_11,2,1969,1969/70,1969_2,482.93,482.48,483.37,2072,541,666,730,TRUE,730,1342,686,483.37,482.48
01/12/1969,1969,12,1969_12,3,1969,1969/70,1969_3,482.78,482.47,483.5,650,757,666,730,FALSE,650,0,610,482.47,483.5
01/01/1970,1970,1,1970_1,4,1969,1969/70,1969_4,483.66,483.55,483.73,1490,1073,666,730,TRUE,730,760,686,483.55,483.6
01/02/1970,1970,2,1970_2,5,1969,1969/70,1969_5,483.42,483.2,483.63,3055,2018,666,730,TRUE,730,2325,686,483.58,483.28
01/03/1970,1970,3,1970_3,6,1969,1969/70,1969_6,483.52,483.26,483.78,3364,4461,666,730,TRUE,730,2634,686,483.29,483.78
01/04/1970,1970,4,1970_4,7,1969,1969/70,1969_7,483.98,483.81,484.07,3380,3953,666,730,TRUE,730,2650,686,483.81,484.07
01/05/1970,1970,5,1970_5,8,1969,1969/70,1969_8,484.21,484.08,484.25,2173,2458,666,730,TRUE,730,1443,686,484.08,484.24
01/06/1970,1970,6,1970_6,9,1969,1969/70,1969_9,484.37,484.24,484.49,733,1399,666,730,TRUE,730,3,686,484.24,484.49
01/07/1970,1970,7,1970_7,10,1969,1969/70,1969_10,484.48,484.45,484.51,706,814,666,730,FALSE,706,0,663,484.51,484.45
01/08/1970,1970,8,1970_8,11,1969,1969/70,1969_11,484.35,484.25,484.43,732,579,666,730,TRUE,730,2,686,484.43,484.25
01/09/1970,1970,9,1970_9,12,1969,1969/70,1969_12,484.13,483.99,484.24,729,453,666,730,FALSE,729,0,685,484.24,483.99
01/10/1970,1970,10,1970_10,1,1970,1970/71,1970_1,483.81,483.64,484.01,743,364,666,730,TRUE,730,13,686,484.01,483.64
01/11/1970,1970,11,1970_11,2,1970,1970/71,1970_2,483.52,483.44,483.63,710,378,666,730,FALSE,710,0,667,483.63,483.52
01/12/1970,1970,12,1970_12,3,1970,1970/71,1970_3,483.43,483.37,483.52,773,529,666,730,TRUE,730,43,686,483.52,483.38
01/01/1971,1971,1,1971_1,4,1970,1970/71,1970_4,483.78,483.4,484.22,960,823,666,730,TRUE,730,230,686,483.4,484.22
01/02/1971,1971,2,1971_2,5,1970,1970/71,1970_5,484.3,484.19,484.39,2199,1146,666,730,TRUE,730,1469,686,484.22,484.28
01/03/1971,1971,3,1971_3,6,1970,1970/71,1970_6,484.06,483.79,484.3,3259,2294,666,730,TRUE,730,2529,686,484.3,483.79
01/04/1971,1971,4,1971_4,7,1970,1970/71,1970_7,483.69,483.6,483.79,3013,2830,666,730,TRUE,730,2283,686,483.79,483.67
01/05/1971,1971,5,1971_5,8,1970,1970/71,1970_8,483.96,483.67,484.17,780,1972,666,730,TRUE,730,50,686,483.67,484.17
01/06/1971,1971,6,1971_6,9,1970,1970/71,1970_9,484.33,484.19,484.44,733,1347,666,730,TRUE,730,3,686,484.19,484.44
01/07/1971,1971,7,1971_7,10,1970,1970/71,1970_10,484.42,484.35,484.46,743,790,666,730,TRUE,730,13,686,484.44,484.35
01/08/1971,1971,8,1971_8,11,1970,1970/71,1970_11,484.26,484.13,484.36,747,536,666,730,TRUE,730,17,686,484.34,484.13
01/09/1971,1971,9,1971_9,12,1970,1970/71,1970_12,484,483.85,484.13,756,419,666,730,TRUE,730,26,686,484.13,483.85
01/10/1971,1971,10,1971_10,1,1971,1971/72,1971_1,483.66,483.44,483.84,765,334,666,730,TRUE,730,35,686,483.84,483.44
01/11/1971,1971,11,1971_11,2,1971,1971/72,1971_2,483.34,483.26,483.44,756,340,666,730,TRUE,730,26,686,483.44,483.26
01/12/1971,1971,12,1971_12,3,1971,1971/72,1971_3,483.17,483.11,483.26,750,447,666,730,TRUE,730,20,686,483.26,483.11
01/01/1972,1972,1,1972_1,4,1971,1971/72,1971_4,483.27,483.05,483.76,728,685,666,730,FALSE,728,0,684,483.09,483.76
01/02/1972,1972,2,1972_2,5,1971,1971/72,1971_5,484.36,483.82,484.57,2000,903,666,730,TRUE,730,1270,686,483.82,484.12
01/03/1972,1972,3,1972_3,6,1971,1971/72,1971_6,483.62,483.35,484.09,2505,981,666,730,TRUE,730,1775,686,484.09,483.52
01/04/1972,1972,4,1972_4,7,1971,1971/72,1971_7,483.8,483.53,484.03,610,1386,666,730,FALSE,610,0,573,483.53,484.03
01/05/1972,1972,5,1972_5,8,1971,1971/72,1971_8,484.31,484.04,484.57,594,1812,666,730,FALSE,594,0,558,484.04,484.57
01/06/1972,1972,6,1972_6,9,1971,1971/72,1971_9,484.78,484.6,484.89,679,1455,666,730,FALSE,679,0,638,484.6,484.89
01/07/1972,1972,7,1972_7,10,1971,1971/72,1971_10,484.91,484.84,484.95,683,828,666,730,FALSE,683,0,641,484.89,484.84
01/08/1972,1972,8,1972_8,11,1971,1971/72,1971_11,484.74,484.61,484.91,717,512,666,730,FALSE,717,0,673,484.91,484.61
01/09/1972,1972,9,1972_9,12,1971,1971/72,1971_12,484.49,484.34,484.63,725,388,666,730,FALSE,725,0,681,484.63,484.34
01/10/1972,1972,10,1972_10,1,1972,1972/73,1972_1,484.18,483.98,484.34,713,312,666,730,FALSE,713,0,670,484.33,483.98
01/11/1972,1972,11,1972_11,2,1972,1972/73,1972_2,483.81,483.63,483.98,729,323,666,730,FALSE,729,0,685,483.98,483.63
01/12/1972,1972,12,1972_12,3,1972,1972/73,1972_3,483.45,483.29,483.63,736,379,666,730,TRUE,730,6,686,483.63,483.29
01/01/1973,1973,1,1973_1,4,1972,1972/73,1972_4,483.21,483.11,483.28,732,526,666,730,TRUE,730,2,686,483.28,483.15
01/02/1973,1973,2,1973_2,5,1972,1972/73,1972_5,483.2,483.14,483.4,620,723,666,730,FALSE,620,0,582,483.17,483.4
01/03/1973,1973,3,1973_3,6,1972,1972/73,1972_6,483.43,483.4,483.44,627,896,666,730,FALSE,627,0,589,483.41,483.44
01/04/1973,1973,4,1973_4,7,1972,1972/73,1972_7,483.48,483.41,483.57,660,1160,666,730,FALSE,660,0,620,483.43,483.55
01/05/1973,1973,5,1973_5,8,1972,1972/73,1972_8,483.66,483.55,483.78,683,1293,666,730,FALSE,683,0,641,483.55,483.78
01/06/1973,1973,6,1973_6,9,1972,1972/73,1972_9,483.76,483.72,483.81,756,901,666,730,TRUE,730,26,686,483.75,483.72
01/07/1973,1973,7,1973_7,10,1972,1972/73,1972_10,483.56,483.4,483.7,769,501,666,730,TRUE,730,39,686,483.7,483.4
01/08/1973,1973,8,1973_8,11,1972,1972/73,1972_11,483.23,483.05,483.4,769,377,666,730,TRUE,730,39,686,483.4,483.05
01/09/1973,1973,9,1973_9,12,1972,1972/73,1972_12,482.88,482.71,483.03,783,288,666,730,TRUE,730,53,686,483.03,482.73
01/10/1973,1973,10,1973_10,1,1973,1973/74,1973_1,482.49,482.27,482.71,792,240,666,730,TRUE,730,62,686,482.71,482.27
01/11/1973,1973,11,1973_11,2,1973,1973/74,1973_2,482.12,481.95,482.25,791,267,666,730,TRUE,730,61,686,482.25,481.95
01/12/1973,1973,12,1973_12,3,1973,1973/74,1973_3,482.04,481.87,482.8,788,425,666,730,TRUE,730,58,686,481.95,482.8
01/01/1974,1974,1,1974_1,4,1973,1973/74,1973_4,483.9,482.91,484.53,627,913,666,730,FALSE,627,0,589,482.91,484.53
01/02/1974,1974,2,1974_2,5,1973,1973/74,1973_5,485.51,484.61,486.61,674,1299,666,730,FALSE,674,0,633,484.61,486.61
01/03/1974,1974,3,1974_3,6,1973,1973/74,1973_6,487.42,486.71,487.64,2942,2556,666,730,TRUE,730,2212,686,486.71,487.59
01/04/1974,1974,4,1974_4,7,1973,1973/74,1973_7,487.47,487.15,487.67,3654,2290,666,730,TRUE,730,2924,686,487.6,487.15
01/05/1974,1974,5,1974_5,8,1973,1973/74,1973_8,486.68,486.2,487.15,4331,2379,666,730,TRUE,730,3601,686,487.15,486.2
01/06/1974,1974,6,1974_6,9,1973,1973/74,1973_9,486.39,486.15,486.6,691,1727,666,730,FALSE,691,0,649,486.16,486.6
01/07/1974,1974,7,1974_7,10,1973,1973/74,1973_10,486.65,486.61,486.67,638,819,666,730,FALSE,638,0,599,486.62,486.61
01/08/1974,1974,8,1974_8,11,1973,1973/74,1973_11,486.5,486.39,486.61,698,471,666,730,FALSE,698,0,656,486.61,486.41
01/09/1974,1974,9,1974_9,12,1973,1973/74,1973_12,486.25,486.11,486.38,702,355,666,730,FALSE,702,0,659,486.36,486.11
01/10/1974,1974,10,1974_10,1,1974,1974/75,1974_1,485.93,485.74,486.11,732,261,666,730,TRUE,730,2,686,486.11,485.74
01/11/1974,1974,11,1974_11,2,1974,1974/75,1974_2,485.59,485.51,485.72,725,273,666,730,FALSE,725,0,681,485.72,485.53
01/12/1974,1974,12,1974_12,3,1974,1974/75,1974_3,485.78,485.44,486.28,721,459,666,730,FALSE,721,0,677,485.51,486.28
01/01/1975,1975,1,1975_1,4,1974,1974/75,1974_4,486.54,486.29,486.75,1553,786,666,730,TRUE,730,823,686,486.29,486.54
01/02/1975,1975,2,1975_2,5,1974,1974/75,1974_5,485.81,485.46,486.49,6668,1862,666,730,TRUE,730,5938,686,486.49,485.51
01/03/1975,1975,3,1975_3,6,1974,1974/75,1974_6,484.9,484.3,485.48,6396,3321,666,730,TRUE,730,5666,686,485.48,484.3
01/04/1975,1975,4,1975_4,7,1974,1974/75,1974_7,483.91,483.57,484.25,5791,4991,666,730,TRUE,730,5061,686,484.25,483.75
01/05/1975,1975,5,1975_5,8,1974,1974/75,1974_8,484.48,483.81,484.99,694,3407,666,730,FALSE,694,0,652,483.81,484.99
01/06/1975,1975,6,1975_6,9,1974,1974/75,1974_9,485.3,485.01,485.49,702,1909,666,730,FALSE,702,0,659,485.01,485.49
01/07/1975,1975,7,1975_7,10,1974,1974/75,1974_10,485.57,485.49,485.62,687,1026,666,730,FALSE,687,0,645,485.49,485.55
01/08/1975,1975,8,1975_8,11,1974,1974/75,1974_11,485.46,485.34,485.55,709,615,666,730,FALSE,709,0,666,485.55,485.34
01/09/1975,1975,9,1975_9,12,1974,1974/75,1974_12,485.23,485.12,485.36,706,406,666,730,FALSE,706,0,663,485.36,485.12
01/10/1975,1975,10,1975_10,1,1975,1975/76,1975_1,484.93,484.75,485.1,713,309,666,730,FALSE,713,0,670,485.09,484.75
01/11/1975,1975,11,1975_11,2,1975,1975/76,1975_2,484.56,484.4,484.73,710,264,666,730,FALSE,710,0,667,484.72,484.48
01/12/1975,1975,12,1975_12,3,1975,1975/76,1975_3,484.4,484.34,484.48,694,374,666,730,FALSE,694,0,652,484.45,484.48
01/01/1976,1976,1,1976_1,4,1975,1975/76,1975_4,484.5,484.4,484.62,694,580,666,730,FALSE,694,0,652,484.5,484.6
01/02/1976,1976,2,1976_2,5,1975,1975/76,1975_5,484.79,484.58,484.93,794,843,666,730,TRUE,730,64,686,484.6,484.92
01/03/1976,1976,3,1976_3,6,1975,1975/76,1975_6,485.49,484.94,486.6,1094,2239,666,730,TRUE,730,364,686,484.94,486.6
01/04/1976,1976,4,1976_4,7,1975,1975/76,1975_7,487.24,486.67,487.43,4529,4842,666,730,TRUE,730,3799,686,486.67,487.42
01/05/1976,1976,5,1976_5,8,1975,1975/76,1975_8,487.61,487.44,487.74,3693,4224,666,730,TRUE,730,2963,686,487.44,487.72
01/06/1976,1976,6,1976_6,9,1975,1975/76,1975_9,487.5,487.16,487.71,3924,2651,666,730,TRUE,730,3194,686,487.71,487.16
01/07/1976,1976,7,1976_7,10,1975,1975/76,1975_10,486.65,486.26,487.13,3125,1428,666,730,TRUE,730,2395,686,487.13,486.26
01/08/1976,1976,8,1976_8,11,1975,1975/76,1975_11,486.25,486.17,486.3,818,735,666,730,TRUE,730,88,686,486.28,486.17
01/09/1976,1976,9,1976_9,12,1975,1975/76,1975_12,486.05,485.93,486.16,772,488,666,730,TRUE,730,42,686,486.16,485.93
01/10/1976,1976,10,1976_10,1,1976,1976/77,1976_1,485.78,485.61,485.94,736,417,1000,1065,FALSE,736,0,691,485.94,485.61
01/11/1976,1976,11,1976_11,2,1976,1976/77,1976_2,485.46,485.31,485.63,845,415,1000,1065,FALSE,845,0,794,485.58,485.32
01/12/1976,1976,12,1976_12,3,1976,1976/77,1976_3,485.15,485.05,485.29,795,468,1000,1065,FALSE,795,0,747,485.29,485.08
01/01/1977,1977,1,1977_1,4,1976,1976/77,1976_4,485,484.96,485.1,825,671,1000,1065,FALSE,825,0,775,485.08,484.98
01/02/1977,1977,2,1977_2,5,1976,1976/77,1976_5,485.19,484.97,485.47,769,953,1000,1065,FALSE,769,0,722,484.97,485.47
01/03/1977,1977,3,1977_3,6,1976,1976/77,1976_6,486.15,485.51,486.76,818,1746,1000,1065,FALSE,818,0,768,485.51,486.76
01/04/1977,1977,4,1977_4,7,1976,1976/77,1976_7,486.85,486.71,486.93,2569,2445,1000,1065,TRUE,1065,1504,1000,486.81,486.72
01/05/1977,1977,5,1977_5,8,1976,1976/77,1976_8,486.76,486.71,486.82,2352,2681,1000,1065,TRUE,1065,1287,1000,486.72,486.82
01/06/1977,1977,6,1977_6,9,1976,1976/77,1976_9,486.93,486.8,487.13,1296,2069,1000,1065,TRUE,1065,231,1000,486.84,487.13
01/07/1977,1977,7,1977_7,10,1976,1976/77,1976_10,487.18,487.14,487.22,907,1100,1000,1065,FALSE,907,0,852,487.14,487.16
01/08/1977,1977,8,1977_8,11,1976,1976/77,1976_11,487,486.82,487.13,986,626,1000,1065,FALSE,986,0,926,487.13,486.85
01/09/1977,1977,9,1977_9,12,1976,1976/77,1976_12,486.68,486.53,486.83,918,456,1000,1065,FALSE,918,0,862,486.83,486.53
01/10/1977,1977,10,1977_10,1,1977,1977/78,1977_1,486.3,486.08,486.49,904,357,1000,1065,FALSE,904,0,849,486.49,486.08
01/11/1977,1977,11,1977_11,2,1977,1977/78,1977_2,485.83,485.62,486.04,914,309,1000,1065,FALSE,914,0,858,486.04,485.65
01/12/1977,1977,12,1977_12,3,1977,1977/78,1977_3,485.68,485.56,485.91,937,461,1000,1065,FALSE,937,0,880,485.66,485.91
01/01/1978,1978,1,1978_1,4,1977,1977/78,1977_4,486.66,485.97,487.27,1549,914,1000,1065,TRUE,1065,484,1000,485.97,487.22
01/02/1978,1978,2,1978_2,5,1977,1977/78,1977_5,486.88,486.69,487.19,4865,1307,1000,1065,TRUE,1065,3800,1000,487.19,487.05
01/03/1978,1978,3,1978_3,6,1977,1977/78,1977_6,487.27,487.05,487.58,5683,2387,1000,1065,TRUE,1065,4618,1000,487.09,487.37
01/04/1978,1978,4,1978_4,7,1977,1977/78,1977_7,487.54,487.38,487.78,5478,5432,1000,1065,TRUE,1065,4413,1000,487.38,487.78
01/05/1978,1978,5,1978_5,8,1977,1977/78,1977_8,487.84,487.77,487.88,5432,5297,1000,1065,TRUE,1065,4367,1000,487.8,487.77
01/06/1978,1978,6,1978_6,9,1977,1977/78,1977_9,487.66,487.4,487.79,3943,3068,1000,1065,TRUE,1065,2878,1000,487.79,487.4
01/07/1978,1978,7,1978_7,10,1977,1977/78,1977_10,486.88,486.3,487.37,3935,1627,1000,1065,TRUE,1065,2870,1000,487.37,486.3
01/08/1978,1978,8,1978_8,11,1977,1977/78,1977_11,486.19,486.16,486.25,1045,897,1000,1065,FALSE,1045,0,981,486.25,486.16
01/09/1978,1978,9,1978_9,12,1977,1977/78,1977_12,486.02,485.92,486.16,903,610,1000,1065,FALSE,903,0,848,486.16,485.92
01/10/1978,1978,10,1978_10,1,1978,1978/79,1978_1,485.75,485.59,485.9,862,479,1000,1065,FALSE,862,0,810,485.9,485.59
01/11/1978,1978,11,1978_11,2,1978,1978/79,1978_2,485.45,485.32,485.58,883,520,1000,1065,FALSE,883,0,829,485.58,485.32
01/12/1978,1978,12,1978_12,3,1978,1978/79,1978_3,485.62,485.27,485.94,833,716,1000,1065,FALSE,833,0,782,485.29,485.89
01/01/1979,1979,1,1979_1,4,1978,1978/79,1978_4,485.9,485.87,485.97,866,913,1000,1065,FALSE,866,0,813,485.89,485.97
01/02/1979,1979,2,1979_2,5,1978,1978/79,1978_5,486,485.93,486.04,1596,1282,1000,1065,TRUE,1065,531,1000,485.97,485.94
01/03/1979,1979,3,1979_3,6,1978,1978/79,1978_6,486.1,486,486.17,2416,2204,1000,1065,TRUE,1065,1351,1000,486,486.13
01/04/1979,1979,4,1979_4,7,1978,1978/79,1978_7,486.43,486.16,486.84,2388,4050,1000,1065,TRUE,1065,1323,1000,486.16,486.84
01/05/1979,1979,5,1979_5,8,1978,1978/79,1978_8,487.22,486.88,487.41,2498,3819,1000,1065,TRUE,1065,1433,1000,486.88,487.41
01/06/1979,1979,6,1979_6,9,1978,1978/79,1978_9,487.31,487.1,487.44,2531,1993,1000,1065,TRUE,1065,1466,1000,487.42,487.1
01/07/1979,1979,7,1979_7,10,1978,1978/79,1978_10,486.73,486.4,487.08,2278,1065,1000,1065,TRUE,1065,1213,1000,487.08,486.4
01/08/1979,1979,8,1979_8,11,1978,1978/79,1978_11,486.27,486.15,486.39,945,660,1000,1065,FALSE,945,0,887,486.39,486.15
01/09/1979,1979,9,1979_9,12,1978,1978/79,1978_12,485.99,485.82,486.15,922,495,1000,1065,FALSE,922,0,866,486.15,485.82
01/10/1979,1979,10,1979_10,1,1979,1979/80,1979_1,485.64,485.48,485.82,896,375,1000,1065,FALSE,896,0,841,485.82,485.48
01/11/1979,1979,11,1979_11,2,1979,1979/80,1979_2,485.3,485.18,485.48,930,424,1000,1065,FALSE,930,0,873,485.48,485.18
01/12/1979,1979,12,1979_12,3,1979,1979/80,1979_3,485.46,485.12,485.64,1172,681,1000,1065,TRUE,1065,107,1000,485.12,485.57
01/01/1980,1980,1,1980_1,4,1979,1979/80,1979_4,485.04,484.54,485.56,3259,1036,1000,1065,TRUE,1065,2194,1000,485.56,484.54
01/02/1980,1980,2,1980_2,5,1979,1979/80,1979_5,484.67,484.52,485.07,1529,2159,1000,1065,TRUE,1065,464,1000,484.54,485.07
01/03/1980,1980,3,1980_3,6,1979,1979/80,1979_6,485.86,485.16,486.35,1001,2368,1000,1065,FALSE,1001,0,940,485.16,486.35
01/04/1980,1980,4,1980_4,7,1979,1979/80,1979_7,486.5,486.38,486.59,2377,2882,1000,1065,TRUE,1065,1312,1000,486.38,486.59
01/05/1980,1980,5,1980_5,8,1979,1979/80,1979_8,486.59,486.58,486.63,2307,2532,1000,1065,TRUE,1065,1242,1000,486.59,486.61
01/06/1980,1980,6,1980_6,9,1979,1979/80,1979_9,486.78,486.62,486.87,1030,1693,1000,1065,FALSE,1030,0,967,486.62,486.85
01/07/1980,1980,7,1980_7,10,1979,1979/80,1979_10,486.78,486.64,486.87,1083,890,1000,1065,TRUE,1065,18,1000,486.87,486.64
01/08/1980,1980,8,1980_8,11,1979,1979/80,1979_11,486.48,486.28,486.64,1049,579,1000,1065,FALSE,1049,0,985,486.64,486.28
01/09/1980,1980,9,1980_9,12,1979,1979/80,1979_12,486.11,485.91,486.28,1038,439,1000,1065,FALSE,1038,0,975,486.28,485.91
01/10/1980,1980,10,1980_10,1,1980,1980/81,1980_1,485.65,485.41,485.89,1031,338,1000,1065,FALSE,1031,0,968,485.89,485.41
01/11/1980,1980,11,1980_11,2,1980,1980/81,1980_2,485.19,485.01,485.38,999,369,1000,1065,FALSE,999,0,938,485.38,485.04
01/12/1980,1980,12,1980_12,3,1980,1980/81,1980_3,484.88,484.8,484.99,926,512,1000,1065,FALSE,926,0,870,484.98,484.88
01/01/1981,1981,1,1981_1,4,1980,1980/81,1980_4,485.02,484.8,485.26,904,722,1000,1065,FALSE,904,0,849,484.86,485.26
01/02/1981,1981,2,1981_2,5,1980,1980/81,1980_5,486.39,485.27,487.5,1145,998,1000,1065,TRUE,1065,80,1000,485.27,487.5
01/03/1981,1981,3,1981_3,6,1980,1980/81,1980_6,487.23,486.99,487.56,3935,1623,1000,1065,TRUE,1065,2870,1000,487.5,487.03
01/04/1981,1981,4,1981_4,7,1980,1980/81,1980_7,487.1,487.01,487.22,2500,2905,1000,1065,TRUE,1065,1435,1000,487.01,487.19
01/05/1981,1981,5,1981_5,8,1980,1980/81,1980_8,487.34,487.23,487.42,2580,3041,1000,1065,TRUE,1065,1515,1000,487.23,487.42
01/06/1981,1981,6,1981_6,9,1980,1980/81,1980_9,487.22,486.95,487.39,2616,1831,1000,1065,TRUE,1065,1551,1000,487.39,486.95
01/07/1981,1981,7,1981_7,10,1980,1980/81,1980_10,486.91,486.81,486.96,1068,905,1000,1065,TRUE,1065,3,1000,486.96,486.81
01/08/1981,1981,8,1981_8,11,1980,1980/81,1980_11,486.61,486.43,486.8,1083,565,1000,1065,TRUE,1065,18,1000,486.8,486.43
01/09/1981,1981,9,1981_9,12,1980,1980/81,1980_12,486.19,485.99,486.41,1065,420,1266,1348,FALSE,1065,0,1000,486.41,485.99
01/10/1981,1981,10,1981_10,1,1981,1981/82,1981_1,485.72,485.46,485.97,1031,308,1266,1348,FALSE,1031,0,968,485.97,485.46
01/11/1981,1981,11,1981_11,2,1981,1981/82,1981_2,485.24,485.07,485.45,1019,282,1266,1348,FALSE,1019,0,957,485.45,485.07
01/12/1981,1981,12,1981_12,3,1981,1981/82,1981_3,484.85,484.66,485.07,1012,370,1266,1348,FALSE,1012,0,950,485.07,484.66
01/01/1982,1982,1,1982_1,4,1981,1981/82,1981_4,484.56,484.43,484.66,1004,483,1266,1348,FALSE,1004,0,943,484.66,484.43
01/02/1982,1982,2,1982_2,5,1981,1981/82,1981_5,484.37,484.33,484.42,967,658,1266,1348,FALSE,967,0,908,484.42,484.36
01/03/1982,1982,3,1982_3,6,1981,1981/82,1981_6,484.33,484.28,484.39,848,818,1266,1348,FALSE,848,0,796,484.34,484.28
01/04/1982,1982,4,1982_4,7,1981,1981/82,1981_7,484.26,484.22,484.32,799,1201,1266,1348,FALSE,799,0,750,484.28,484.32
01/05/1982,1982,5,1982_5,8,1981,1981/82,1981_8,484.43,484.34,484.48,862,1337,1266,1348,FALSE,862,0,810,484.4,484.48
01/06/1982,1982,6,1982_6,9,1981,1981/82,1981_9,484.47,484.41,484.51,934,988,1266,1348,FALSE,934,0,877,484.48,484.41
01/07/1982,1982,7,1982_7,10,1981,1981/82,1981_10,484.23,484.02,484.41,1049,572,1266,1348,FALSE,1049,0,985,484.41,484.02
01/08/1982,1982,8,1982_8,11,1981,1981/82,1981_11,483.83,483.63,484.02,1016,421,1266,1348,FALSE,1016,0,954,484.02,483.63
01/09/1982,1982,9,1982_9,12,1981,1981/82,1981_12,483.36,483.13,483.6,1080,329,1266,1348,FALSE,1080,0,1014,483.6,483.13
01/10/1982,1982,10,1982_10,1,1982,1982/83,1982_1,482.87,482.65,483.11,1031,279,1266,1348,FALSE,1031,0,968,483.11,482.65
01/11/1982,1982,11,1982_11,2,1982,1982/83,1982_2,482.39,482.19,482.63,1019,319,1266,1348,FALSE,1019,0,957,482.63,482.19
01/12/1982,1982,12,1982_12,3,1982,1982/83,1982_3,482.02,481.88,482.19,956,517,1266,1348,FALSE,956,0,898,482.19,481.88
01/01/1983,1983,1,1983_1,4,1982,1982/83,1982_4,481.84,481.71,482.07,1031,722,1266,1348,FALSE,1031,0,968,481.86,482.07
01/02/1983,1983,2,1983_2,5,1982,1982/83,1982_5,482.15,482.05,482.22,1021,882,1266,1348,FALSE,1021,0,959,482.05,482.15
01/03/1983,1983,3,1983_3,6,1982,1982/83,1982_6,482.13,482.1,482.16,1057,1041,1266,1348,FALSE,1057,0,993,482.14,482.12
01/04/1983,1983,4,1983_4,7,1982,1982/83,1982_7,482.11,482.08,482.18,1019,1172,1266,1348,FALSE,1019,0,957,482.11,482.11
01/05/1983,1983,5,1983_5,8,1982,1982/83,1982_8,482.11,482.07,482.13,1027,1129,1266,1348,FALSE,1027,0,965,482.1,482.07
01/06/1983,1983,6,1983_6,9,1982,1982/83,1982_9,481.97,481.81,482.05,1100,777,1266,1348,FALSE,1100,0,1033,482.05,481.81
01/07/1983,1983,7,1983_7,10,1982,1982/83,1982_10,481.59,481.35,481.79,1053,478,1266,1348,FALSE,1053,0,989,481.79,481.35
01/08/1983,1983,8,1983_8,11,1982,1982/83,1982_11,481.1,480.83,481.35,1045,369,1266,1348,FALSE,1045,0,981,481.35,480.83
01/09/1983,1983,9,1983_9,12,1982,1982/83,1982_12,480.6,480.36,480.83,1022,292,1266,1348,FALSE,1022,0,960,480.83,480.36
01/10/1983,1983,10,1983_10,1,1983,1983/84,1983_1,480.06,479.8,480.34,1004,231,1266,1348,FALSE,1004,0,943,480.34,479.81
01/11/1983,1983,11,1983_11,2,1983,1983/84,1983_2,479.52,479.26,479.78,1026,261,1266,1348,FALSE,1026,0,964,479.78,479.27
01/12/1983,1983,12,1983_12,3,1983,1983/84,1983_3,479.12,479.06,479.25,956,368,1266,1348,FALSE,956,0,898,479.25,479.1
01/01/1984,1984,1,1984_1,4,1983,1983/84,1983_4,479,478.85,479.11,892,547,1266,1348,FALSE,892,0,838,479.11,478.85
01/02/1984,1984,2,1984_2,5,1983,1983/84,1983_5,478.87,478.8,478.92,858,743,1266,1348,FALSE,858,0,806,478.83,478.92
01/03/1984,1984,3,1984_3,6,1983,1983/84,1983_6,478.91,478.85,479.13,829,1077,1266,1348,FALSE,829,0,779,478.9,479.13
01/04/1984,1984,4,1984_4,7,1983,1983/84,1983_7,479.44,479.17,479.63,872,1761,1266,1348,FALSE,872,0,819,479.17,479.62
01/05/1984,1984,5,1984_5,8,1983,1983/84,1983_8,479.77,479.63,479.86,1012,1491,1266,1348,FALSE,1012,0,950,479.63,479.83
01/06/1984,1984,6,1984_6,9,1983,1983/84,1983_9,479.78,479.65,479.83,1049,889,1266,1348,FALSE,1049,0,985,479.83,479.65
01/07/1984,1984,7,1984_7,10,1983,1983/84,1983_10,479.44,479.2,479.64,978,450,1266,1348,FALSE,978,0,918,479.64,479.2
01/08/1984,1984,8,1984_8,11,1983,1983/84,1983_11,478.97,478.7,479.19,1004,332,1266,1348,FALSE,1004,0,943,479.19,478.7
01/09/1984,1984,9,1984_9,12,1983,1983/84,1983_12,478.42,478.12,478.68,1119,260,1266,1348,FALSE,1119,0,1051,478.68,478.12
01/10/1984,1984,10,1984_10,1,1984,1984/85,1984_1,477.78,477.47,478.12,1154,215,1266,1348,FALSE,1154,0,1084,478.12,477.47
01/11/1984,1984,11,1984_11,2,1984,1984/85,1984_2,477.15,476.92,477.44,1096,246,1266,1348,FALSE,1096,0,1029,477.44,476.92
01/12/1984,1984,12,1984_12,3,1984,1984/85,1984_3,476.77,476.67,476.89,1042,354,1266,1348,FALSE,1042,0,979,476.89,476.73
01/01/1985,1985,1,1985_1,4,1984,1984/85,1984_4,476.66,476.54,477.06,989,536,1266,1348,FALSE,989,0,929,476.7,477.06
01/02/1985,1985,2,1985_2,5,1984,1984/85,1984_5,478.16,477.15,478.5,976,822,1266,1348,FALSE,976,0,917,477.15,478.45
01/03/1985,1985,3,1985_3,6,1984,1984/85,1984_6,478.51,478.45,478.63,1031,995,1266,1348,FALSE,1031,0,968,478.45,478.61
01/04/1985,1985,4,1985_4,7,1984,1984/85,1984_7,478.7,478.61,478.88,853,1489,1266,1348,FALSE,853,0,801,478.62,478.88
01/05/1985,1985,5,1985_5,8,1984,1984/85,1984_8,479.16,478.9,479.43,814,1873,1266,1348,FALSE,814,0,764,478.9,479.43
01/06/1985,1985,6,1985_6,9,1984,1984/85,1984_9,479.6,479.44,479.68,856,1412,1266,1348,FALSE,856,0,804,479.44,479.68
01/07/1985,1985,7,1985_7,10,1984,1984/85,1984_10,479.56,479.41,479.67,933,656,1266,1348,FALSE,933,0,876,479.67,479.41
01/08/1985,1985,8,1985_8,11,1984,1984/85,1984_11,479.22,479,479.4,911,409,1266,1348,FALSE,911,0,856,479.4,479
01/09/1985,1985,9,1985_9,12,1984,1984/85,1984_12,478.75,478.5,478.99,1015,300,1266,1348,FALSE,1015,0,953,478.99,478.5
01/10/1985,1985,10,1985_10,1,1985,1985/86,1985_1,478.22,477.96,478.49,952,227,1266,1348,FALSE,952,0,894,478.49,477.96
01/11/1985,1985,11,1985_11,2,1985,1985/86,1985_2,477.67,477.37,477.94,984,220,1266,1348,FALSE,984,0,924,477.94,477.37
01/12/1985,1985,12,1985_12,3,1985,1985/86,1985_3,477.26,477.14,477.35,952,276,1266,1348,FALSE,952,0,894,477.35,477.27
01/01/1986,1986,1,1986_1,4,1985,1985/86,1985_4,477.59,477.3,477.72,915,426,1266,1348,FALSE,915,0,859,477.3,477.72
01/02/1986,1986,2,1986_2,5,1985,1985/86,1985_5,477.96,477.75,478.05,860,602,1266,1348,FALSE,860,0,808,477.75,478.05
01/03/1986,1986,3,1986_3,6,1985,1985/86,1985_6,478.08,478.02,478.22,881,868,1266,1348,FALSE,881,0,827,478.07,478.22
01/04/1986,1986,4,1986_4,7,1985,1985/86,1985_7,478.44,478.23,478.99,841,1515,1266,1348,FALSE,841,0,790,478.23,478.99
01/05/1986,1986,5,1986_5,8,1985,1985/86,1985_8,479.52,479.04,479.89,859,2460,1266,1348,FALSE,859,0,807,479.04,479.89
01/06/1986,1986,6,1986_6,9,1985,1985/86,1985_9,480.06,479.91,480.14,868,1440,1266,1348,FALSE,868,0,815,479.91,480.14
01/07/1986,1986,7,1986_7,10,1985,1985/86,1985_10,480.04,479.89,480.14,967,665,1266,1348,FALSE,967,0,908,480.14,479.89
01/08/1986,1986,8,1986_8,11,1985,1985/86,1985_11,479.69,479.52,479.86,904,412,1266,1348,FALSE,904,0,849,479.86,479.53
01/09/1986,1986,9,1986_9,12,1985,1985/86,1985_12,479.28,479.04,479.51,934,311,1266,1348,FALSE,934,0,877,479.51,479.04
01/10/1986,1986,10,1986_10,1,1986,1986/87,1986_1,478.85,478.67,479.03,933,279,1266,1348,FALSE,933,0,876,479.03,478.67
01/11/1986,1986,11,1986_11,2,1986,1986/87,1986_2,478.45,478.29,478.67,887,388,1266,1348,FALSE,887,0,833,478.67,478.29
01/12/1986,1986,12,1986_12,3,1986,1986/87,1986_3,478.4,478.23,478.56,948,590,1266,1348,FALSE,948,0,890,478.28,478.4
01/01/1987,1987,1,1987_1,4,1986,1986/87,1986_4,478.32,478.26,478.39,974,751,1266,1348,FALSE,974,0,915,478.39,478.3
01/02/1987,1987,2,1987_2,5,1986,1986/87,1986_5,478.28,478.26,478.3,860,900,1266,1348,FALSE,860,0,808,478.29,478.28
01/03/1987,1987,3,1987_3,6,1986,1986/87,1986_6,478.33,478.26,478.47,743,1241,1266,1348,FALSE,743,0,698,478.28,478.47
01/04/1987,1987,4,1987_4,7,1986,1986/87,1986_7,478.78,478.48,479.08,694,1958,1266,1348,FALSE,694,0,652,478.48,479.08
01/05/1987,1987,5,1987_5,8,1986,1986/87,1986_8,479.33,479.09,479.53,739,1680,1266,1348,FALSE,739,0,694,479.09,479.53
01/06/1987,1987,6,1987_6,9,1986,1986/87,1986_9,479.58,479.53,479.61,818,1090,1266,1348,FALSE,818,0,768,479.53,479.57
01/07/1987,1987,7,1987_7,10,1986,1986/87,1986_10,479.43,479.29,479.56,821,559,1266,1348,FALSE,821,0,771,479.56,479.29
01/08/1987,1987,8,1987_8,11,1986,1986/87,1986_11,479.13,478.95,479.28,859,408,1266,1348,FALSE,859,0,807,479.28,478.95
01/09/1987,1987,9,1987_9,12,1986,1986/87,1986_12,478.78,478.62,478.96,787,312,1266,1348,FALSE,787,0,739,478.96,478.62
01/10/1987,1987,10,1987_10,1,1987,1987/88,1987_1,478.4,478.2,478.61,773,255,1266,1348,FALSE,773,0,726,478.61,478.2
01/11/1987,1987,11,1987_11,2,1987,1987/88,1987_2,477.99,477.77,478.19,791,239,1266,1348,FALSE,791,0,743,478.19,477.77
01/12/1987,1987,12,1987_12,3,1987,1987/88,1987_3,477.74,477.67,477.82,653,352,1266,1348,FALSE,653,0,613,477.75,477.82
01/01/1988,1988,1,1988_1,4,1987,1987/88,1987_4,477.78,477.68,477.91,806,461,1266,1348,FALSE,806,0,757,477.83,477.89
01/02/1988,1988,2,1988_2,5,1987,1987/88,1987_5,477.94,477.73,478.33,974,713,1266,1348,FALSE,974,0,915,477.88,478.33
01/03/1988,1988,3,1988_3,6,1987,1987/88,1987_6,478.9,478.37,479.28,814,1113,1266,1348,FALSE,814,0,764,478.37,479.28
01/04/1988,1988,4,1988_4,7,1987,1987/88,1987_7,479.47,479.29,479.76,633,1674,1266,1348,FALSE,633,0,594,479.29,479.76
01/05/1988,1988,5,1988_5,8,1987,1987/88,1987_8,480.15,479.78,480.48,702,2131,1266,1348,FALSE,702,0,659,479.78,480.46
01/06/1988,1988,6,1988_6,9,1987,1987/88,1987_9,480.67,480.49,480.78,679,1428,1266,1348,FALSE,679,0,638,480.49,480.77
01/07/1988,1988,7,1988_7,10,1987,1987/88,1987_10,480.77,480.67,480.83,758,687,1266,1348,FALSE,758,0,712,480.8,480.67
01/08/1988,1988,8,1988_8,11,1987,1987/88,1987_11,480.51,480.37,480.67,754,420,1266,1348,FALSE,754,0,708,480.67,480.37
01/09/1988,1988,9,1988_9,12,1987,1987/88,1987_12,480.22,480.03,480.36,741,318,1266,1348,FALSE,741,0,696,480.36,480.03
01/10/1988,1988,10,1988_10,1,1988,1988/89,1988_1,479.85,479.65,480.02,784,251,1266,1348,FALSE,784,0,736,480.02,479.65
01/11/1988,1988,11,1988_11,2,1988,1988/89,1988_2,479.41,479.17,479.64,829,264,1266,1348,FALSE,829,0,779,479.64,479.17
01/12/1988,1988,12,1988_12,3,1988,1988/89,1988_3,479.12,478.95,479.25,833,395,1266,1348,FALSE,833,0,782,479.18,478.95
01/01/1989,1989,1,1989_1,4,1988,1988/89,1988_4,479.06,478.9,479.28,825,579,1266,1348,FALSE,825,0,775,478.96,479.28
01/02/1989,1989,2,1989_2,5,1988,1988/89,1988_5,479.82,479.31,480.48,1000,939,1266,1348,FALSE,1000,0,939,479.31,480.48
01/03/1989,1989,3,1989_3,6,1988,1988/89,1988_6,481.42,480.76,482.15,896,2572,1266,1348,FALSE,896,0,841,480.76,482.15
01/04/1989,1989,4,1989_4,7,1988,1988/89,1988_7,482.6,482.15,483.06,1161,3107,1266,1348,FALSE,1161,0,1090,482.15,483.06
01/05/1989,1989,5,1989_5,8,1988,1988/89,1988_8,483.59,483.07,484.07,1195,3471,1266,1348,FALSE,1195,0,1122,483.07,484.07
01/06/1989,1989,6,1989_6,9,1988,1988/89,1988_9,484.35,484.1,484.51,1312,2341,1266,1348,FALSE,1312,0,1232,484.1,484.51
01/07/1989,1989,7,1989_7,10,1988,1988/89,1988_10,484.47,484.34,484.53,1333,1176,1266,1348,FALSE,1333,0,1252,484.52,484.34
01/08/1989,1989,8,1989_8,11,1988,1988/89,1988_11,484.09,483.82,484.32,1292,564,1266,1348,FALSE,1292,0,1213,484.32,483.86
01/09/1989,1989,9,1989_9,12,1988,1988/89,1988_12,483.57,483.29,483.83,1231,380,1266,1348,FALSE,1231,0,1156,483.83,483.29
01/10/1989,1989,10,1989_10,1,1989,1989/90,1989_1,482.99,482.66,483.29,1288,293,1266,1348,FALSE,1288,0,1210,483.28,482.66
01/11/1989,1989,11,1989_11,2,1989,1989/90,1989_2,482.34,482.03,482.66,1378,265,1266,1348,TRUE,1348,30,1266,482.66,482.03
01/12/1989,1989,12,1989_12,3,1989,1989/90,1989_3,481.71,481.47,482.04,1316,266,1266,1348,FALSE,1316,0,1236,482.04,481.47
01/01/1990,1990,1,1990_1,4,1989,1989/90,1989_4,481.5,481.4,481.57,1169,467,1266,1348,FALSE,1169,0,1098,481.46,481.54
01/02/1990,1990,2,1990_2,5,1989,1989/90,1989_5,482.03,481.52,482.27,1066,740,1266,1348,FALSE,1066,0,1001,481.52,482.26
01/03/1990,1990,3,1990_3,6,1989,1989/90,1989_6,482.16,482.06,482.28,1090,857,1266,1348,FALSE,1090,0,1024,482.25,482.08
01/04/1990,1990,4,1990_4,7,1989,1989/90,1989_7,482.05,481.98,482.08,997,991,1266,1348,FALSE,997,0,936,482.07,482.04
01/05/1990,1990,5,1990_5,8,1989,1989/90,1989_8,481.98,481.91,482.04,961,1014,1266,1348,FALSE,961,0,903,482.03,481.93
01/06/1990,1990,6,1990_6,9,1989,1989/90,1989_9,481.93,481.91,481.96,832,997,1266,1348,FALSE,832,0,781,481.92,481.93
01/07/1990,1990,7,1990_7,10,1989,1989/90,1989_10,481.81,481.66,481.92,830,536,1266,1348,FALSE,830,0,779,481.92,481.68
01/08/1990,1990,8,1990_8,11,1989,1989/90,1989_11,481.46,481.3,481.66,847,365,1266,1348,FALSE,847,0,795,481.66,481.3
01/09/1990,1990,9,1990_9,12,1989,1989/90,1989_12,481.08,480.86,481.28,887,266,1266,1348,FALSE,887,0,833,481.28,480.86
01/10/1990,1990,10,1990_10,1,1990,1990/91,1990_1,480.66,480.44,480.86,821,226,1266,1348,FALSE,821,0,771,480.86,480.44
01/11/1990,1990,11,1990_11,2,1990,1990/91,1990_2,480.2,479.97,480.43,974,211,1266,1348,FALSE,974,0,915,480.43,479.97
01/12/1990,1990,12,1990_12,3,1990,1990/91,1990_3,479.8,479.69,479.97,808,285,1266,1348,FALSE,808,0,759,479.97,479.7
01/01/1991,1991,1,1991_1,4,1990,1990/91,1990_4,479.71,479.67,479.76,853,480,1266,1348,FALSE,853,0,801,479.72,479.7
01/02/1991,1991,2,1991_2,5,1990,1990/91,1990_5,479.81,479.69,479.91,859,793,1266,1348,FALSE,859,0,807,479.69,479.91
01/03/1991,1991,3,1991_3,6,1990,1990/91,1990_6,480.13,479.89,480.6,878,1802,1266,1348,FALSE,878,0,825,479.91,480.6
01/04/1991,1991,4,1991_4,7,1990,1990/91,1990_7,480.87,480.6,481.1,936,2029,1266,1348,FALSE,936,0,879,480.6,481.1
01/05/1991,1991,5,1991_5,8,1990,1990/91,1990_8,481.27,481.1,481.41,938,1714,1266,1348,FALSE,938,0,881,481.1,481.4
01/06/1991,1991,6,1991_6,9,1990,1990/91,1990_9,481.38,481.32,481.42,1002,1054,1266,1348,FALSE,1002,0,941,481.4,481.32
01/07/1991,1991,7,1991_7,10,1990,1990/91,1990_10,481.14,480.92,481.32,1004,470,1266,1348,FALSE,1004,0,943,481.32,480.92
01/08/1991,1991,8,1991_8,11,1990,1990/91,1990_11,480.71,480.51,480.91,909,333,1266,1348,FALSE,909,0,854,480.91,480.51
01/09/1991,1991,9,1991_9,12,1990,1990/91,1990_12,480.31,480.1,480.5,910,255,1266,1348,FALSE,910,0,855,480.5,480.1
01/10/1991,1991,10,1991_10,1,1991,1991/92,1991_1,479.83,479.62,480.08,927,200,1266,1348,FALSE,927,0,871,480.08,479.62
01/11/1991,1991,11,1991_11,2,1991,1991/92,1991_2,479.4,479.21,479.61,868,244,1266,1348,FALSE,868,0,815,479.61,479.21
01/12/1991,1991,12,1991_12,3,1991,1991/92,1991_3,479.04,478.86,479.2,846,405,1266,1348,FALSE,846,0,795,479.2,479.18
01/01/1992,1992,1,1992_1,4,1991,1991/92,1991_4,479.04,478.94,479.17,1016,564,1266,1348,FALSE,1016,0,954,479.17,478.94
01/02/1992,1992,2,1992_2,5,1991,1991/92,1991_5,478.78,478.66,478.93,947,700,1266,1348,FALSE,947,0,889,478.93,478.66
01/03/1992,1992,3,1992_3,6,1991,1991/92,1991_6,478.59,478.51,478.7,1058,865,1266,1348,FALSE,1058,0,994,478.68,478.7
01/04/1992,1992,4,1992_4,7,1991,1991/92,1991_7,478.65,478.62,478.71,876,940,1266,1348,FALSE,876,0,823,478.7,478.63
01/05/1992,1992,5,1992_5,8,1991,1991/92,1991_8,478.55,478.47,478.63,913,896,1266,1348,FALSE,913,0,857,478.63,478.48
01/06/1992,1992,6,1992_6,9,1991,1991/92,1991_9,478.32,478.14,478.46,1041,619,1266,1348,FALSE,1041,0,978,478.46,478.14
01/07/1992,1992,7,1992_7,10,1991,1991/92,1991_10,477.89,477.63,478.14,1057,390,1266,1348,FALSE,1057,0,993,478.14,477.63
01/08/1992,1992,8,1992_8,11,1991,1991/92,1991_11,477.39,477.11,477.63,994,294,1266,1348,FALSE,994,0,934,477.63,477.11
01/09/1992,1992,9,1992_9,12,1991,1991/92,1991_12,476.92,476.71,477.1,820,224,1266,1348,FALSE,820,0,770,477.1,476.71
01/10/1992,1992,10,1992_10,1,1992,1992/93,1992_1,476.51,476.35,476.7,639,166,1266,1348,FALSE,639,0,600,476.7,476.35
01/11/1992,1992,11,1992_11,2,1992,1992/93,1992_2,476.17,476.02,476.34,562,190,1266,1348,FALSE,562,0,528,476.34,476.02
01/12/1992,1992,12,1992_12,3,1992,1992/93,1992_3,475.99,475.91,476.1,550,258,1266,1348,FALSE,550,0,517,476.01,476.09
01/01/1993,1993,1,1993_1,4,1992,1992/93,1992_4,476.3,476.1,476.38,515,403,1266,1348,FALSE,515,0,484,476.1,476.33
01/02/1993,1993,2,1993_2,5,1992,1992/93,1992_5,476.69,476.35,477.21,480,635,1266,1348,FALSE,480,0,451,476.35,477.21
01/03/1993,1993,3,1993_3,6,1992,1992/93,1992_6,477.62,477.23,477.87,533,1050,1266,1348,FALSE,533,0,501,477.23,477.87
01/04/1993,1993,4,1993_4,7,1992,1992/93,1992_7,478.24,477.88,478.75,467,2151,1266,1348,FALSE,467,0,439,477.88,478.75
01/05/1993,1993,5,1993_5,8,1992,1992/93,1992_8,479.53,478.78,480.12,484,2954,1266,1348,FALSE,484,0,455,478.78,480.12
01/06/1993,1993,6,1993_6,9,1992,1992/93,1992_9,480.45,480.16,480.68,540,1628,1266,1348,FALSE,540,0,507,480.16,480.68
01/07/1993,1993,7,1993_7,10,1992,1992/93,1992_10,480.74,480.68,480.78,558,694,1266,1348,FALSE,558,0,524,480.68,480.71
01/08/1993,1993,8,1993_8,11,1992,1992/93,1992_11,480.59,480.47,480.72,600,370,1266,1348,FALSE,600,0,563,480.72,480.47
01/09/1993,1993,9,1993_9,12,1992,1992/93,1992_12,480.33,480.19,480.46,651,255,1266,1348,FALSE,651,0,611,480.46,480.19
01/10/1993,1993,10,1993_10,1,1993,1993/94,1993_1,479.98,479.77,480.18,749,196,1266,1348,FALSE,749,0,703,480.18,479.77
01/11/1993,1993,11,1993_11,2,1993,1993/94,1993_2,479.59,479.49,479.76,741,188,1266,1348,FALSE,741,0,696,479.76,479.56
01/12/1993,1993,12,1993_12,3,1993,1993/94,1993_3,479.45,479.36,479.56,718,308,1266,1348,FALSE,718,0,674,479.54,479.48
01/01/1994,1994,1,1994_1,4,1993,1993/94,1993_4,479.46,479.36,479.68,752,467,1266,1348,FALSE,752,0,706,479.43,479.68
01/02/1994,1994,2,1994_2,5,1993,1993/94,1993_5,479.88,479.68,480.01,716,791,1266,1348,FALSE,716,0,672,479.68,480.01
01/03/1994,1994,3,1994_3,6,1993,1993/94,1993_6,480.11,480.01,480.26,651,1298,1266,1348,FALSE,651,0,611,480.02,480.26
01/04/1994,1994,4,1994_4,7,1993,1993/94,1993_7,480.57,480.27,480.81,640,1755,1266,1348,FALSE,640,0,601,480.27,480.81
01/05/1994,1994,5,1994_5,8,1993,1993/94,1993_8,480.97,480.81,481.06,582,1112,1266,1348,FALSE,582,0,547,480.81,481.02
01/06/1994,1994,6,1994_6,9,1993,1993/94,1993_9,480.93,480.83,481.02,686,476,1266,1348,FALSE,686,0,644,481.02,480.83
01/07/1994,1994,7,1994_7,10,1993,1993/94,1993_10,480.64,480.48,480.81,698,319,1266,1348,FALSE,698,0,656,480.81,480.48
01/08/1994,1994,8,1994_8,11,1993,1993/94,1993_11,480.29,480.14,480.48,777,259,1266,1348,FALSE,777,0,730,480.48,480.14
01/09/1994,1994,9,1994_9,12,1993,1993/94,1993_12,479.97,479.82,480.14,729,198,1266,1348,FALSE,729,0,685,480.14,479.82
01/10/1994,1994,10,1994_10,1,1994,1994/95,1994_1,479.59,479.4,479.81,690,149,1266,1348,FALSE,690,0,648,479.81,479.4
01/11/1994,1994,11,1994_11,2,1994,1994/95,1994_2,479.25,479.06,479.39,707,148,1266,1348,FALSE,707,0,664,479.39,479.06
01/12/1994,1994,12,1994_12,3,1994,1994/95,1994_3,478.85,478.7,479.04,622,206,1266,1348,FALSE,622,0,584,479.04,478.82
01/01/1995,1995,1,1995_1,4,1994,1994/95,1994_4,478.77,478.72,478.87,495,319,1266,1348,FALSE,495,0,465,478.86,478.72
01/02/1995,1995,2,1995_2,5,1994,1994/95,1994_5,478.68,478.61,478.74,634,443,1266,1348,FALSE,634,0,595,478.72,478.66
01/03/1995,1995,3,1995_3,6,1994,1994/95,1994_6,478.55,478.46,478.66,708,665,1266,1348,FALSE,708,0,665,478.66,478.53
01/04/1995,1995,4,1995_4,7,1994,1994/95,1994_7,478.56,478.47,478.68,639,1196,1266,1348,FALSE,639,0,600,478.51,478.66
01/05/1995,1995,5,1995_5,8,1994,1994/95,1994_8,478.76,478.68,478.79,732,1073,1266,1348,FALSE,732,0,687,478.68,478.77
01/06/1995,1995,6,1995_6,9,1994,1994/95,1994_9,478.61,478.44,478.75,780,447,1266,1348,FALSE,780,0,733,478.75,478.44
01/07/1995,1995,7,1995_7,10,1994,1994/95,1994_10,478.25,478.05,478.43,760,281,1266,1348,FALSE,760,0,714,478.43,478.05
01/08/1995,1995,8,1995_8,11,1994,1994/95,1994_11,477.86,477.67,478.09,734,220,1266,1348,FALSE,734,0,689,478.03,477.67
01/09/1995,1995,9,1995_9,12,1994,1994/95,1994_12,477.46,477.26,477.65,722,161,1266,1348,FALSE,722,0,678,477.65,477.26
01/10/1995,1995,10,1995_10,1,1995,1995/96,1995_1,477.04,476.84,477.24,706,116,1266,1348,FALSE,706,0,663,477.24,476.84
01/11/1995,1995,11,1995_11,2,1995,1995/96,1995_2,476.59,476.45,476.8,740,120,1266,1348,FALSE,740,0,695,476.8,476.45
01/12/1995,1995,12,1995_12,3,1995,1995/96,1995_3,476.39,476.33,476.46,583,214,1266,1348,FALSE,583,0,548,476.45,476.4
01/01/1996,1996,1,1996_1,4,1995,1995/96,1995_4,476.52,476.34,476.92,581,340,1266,1348,FALSE,581,0,546,476.4,476.92
01/02/1996,1996,2,1996_2,5,1995,1995/96,1995_5,477.19,476.96,477.53,580,468,1266,1348,FALSE,580,0,545,476.96,477.53
01/03/1996,1996,3,1996_3,6,1995,1995/96,1995_6,477.68,477.53,477.76,591,602,1266,1348,FALSE,591,0,555,477.53,477.69
01/04/1996,1996,4,1996_4,7,1995,1995/96,1995_7,477.69,477.67,477.71,532,784,1266,1348,FALSE,532,0,500,477.7,477.71
01/05/1996,1996,5,1996_5,8,1995,1995/96,1995_8,477.79,477.71,477.9,475,871,1266,1348,FALSE,475,0,446,477.71,477.9
01/06/1996,1996,6,1996_6,9,1995,1995/96,1995_9,477.84,477.74,477.91,571,478,1266,1348,FALSE,571,0,536,477.91,477.74
01/07/1996,1996,7,1996_7,10,1995,1995/96,1995_10,477.58,477.44,477.73,586,296,1266,1348,FALSE,586,0,550,477.73,477.44
01/08/1996,1996,8,1996_8,11,1995,1995/96,1995_11,477.29,477.14,477.42,567,228,1266,1348,FALSE,567,0,532,477.42,477.14
01/09/1996,1996,9,1996_9,12,1995,1995/96,1995_12,476.98,476.84,477.14,520,166,1266,1348,FALSE,520,0,488,477.14,476.84
01/10/1996,1996,10,1996_10,1,1996,1996/97,1996_1,476.67,476.47,476.82,553,118,1266,1348,FALSE,553,0,519,476.82,476.47
01/11/1996,1996,11,1996_11,2,1996,1996/97,1996_2,476.29,476.17,476.44,627,118,1266,1348,FALSE,627,0,589,476.44,476.19
01/12/1996,1996,12,1996_12,3,1996,1996/97,1996_3,476.03,475.93,476.17,646,199,1266,1348,FALSE,646,0,607,476.17,475.95
01/01/1997,1997,1,1997_1,4,1996,1996/97,1996_4,476.23,475.96,476.81,559,368,1266,1348,FALSE,559,0,525,475.97,476.81
01/02/1997,1997,2,1997_2,5,1996,1996/97,1996_5,478,476.95,478.96,636,667,1266,1348,FALSE,636,0,597,476.95,478.96
01/03/1997,1997,3,1997_3,6,1996,1996/97,1996_6,479.24,478.97,479.44,474,870,1266,1348,FALSE,474,0,445,478.97,479.44
01/04/1997,1997,4,1997_4,7,1996,1996/97,1996_7,479.99,479.52,480.25,355,1234,1266,1348,FALSE,355,0,333,479.52,480.23
01/05/1997,1997,5,1997_5,8,1996,1996/97,1996_8,480.49,480.26,480.7,474,1455,1266,1348,FALSE,474,0,445,480.26,480.7
01/06/1997,1997,6,1997_6,9,1996,1996/97,1996_9,480.89,480.72,481,474,1085,1266,1348,FALSE,474,0,445,480.72,481
01/07/1997,1997,7,1997_7,10,1996,1996/97,1996_10,480.88,480.76,481,625,464,1266,1348,FALSE,625,0,587,481,480.76
01/08/1997,1997,8,1997_8,11,1996,1996/97,1996_11,480.59,480.42,480.75,721,290,1266,1348,FALSE,721,0,677,480.75,480.42
01/09/1997,1997,9,1997_9,12,1996,1996/97,1996_12,480.26,480.15,480.4,607,209,1266,1348,FALSE,607,0,570,480.4,480.15
01/10/1997,1997,10,1997_10,1,1997,1997/98,1997_1,479.97,479.8,480.14,518,167,1266,1348,FALSE,518,0,486,480.14,479.8
01/11/1997,1997,11,1997_11,2,1997,1997/98,1997_2,479.67,479.6,479.78,469,159,1266,1348,FALSE,469,0,440,479.78,479.6
01/12/1997,1997,12,1997_12,3,1997,1997/98,1997_3,479.5,479.4,479.61,460,239,1266,1348,FALSE,460,0,432,479.61,479.41
01/01/1998,1998,1,1998_1,4,1997,1997/98,1997_4,479.6,479.4,479.95,488,520,1266,1348,FALSE,488,0,458,479.4,479.95
01/02/1998,1998,2,1998_2,5,1997,1997/98,1997_5,480.33,480.05,480.5,479,854,1266,1348,FALSE,479,0,450,480.05,480.5
01/03/1998,1998,3,1998_3,6,1997,1997/98,1997_6,480.9,480.51,481.36,488,2115,1266,1348,FALSE,488,0,458,480.51,481.36
01/04/1998,1998,4,1998_4,7,1997,1997/98,1997_7,481.96,481.39,482.5,564,3184,1266,1348,FALSE,564,0,530,481.39,482.5
01/05/1998,1998,5,1998_5,8,1997,1997/98,1997_8,483.06,482.53,483.47,598,2840,1266,1348,FALSE,598,0,562,482.53,483.47
01/06/1998,1998,6,1998_6,9,1997,1997/98,1997_9,483.71,483.49,483.82,663,1701,1266,1348,FALSE,663,0,623,483.49,483.81
01/07/1998,1998,7,1998_7,10,1997,1997/98,1997_10,483.78,483.68,483.84,708,731,1266,1348,FALSE,708,0,665,483.81,483.68
01/08/1998,1998,8,1998_8,11,1997,1997/98,1997_11,483.59,483.48,483.67,541,440,1266,1348,FALSE,541,0,508,483.67,483.48
01/09/1998,1998,9,1998_9,12,1997,1997/98,1997_12,483.36,483.23,483.47,528,304,1266,1348,FALSE,528,0,496,483.47,483.23
01/10/1998,1998,10,1998_10,1,1998,1998/99,1998_1,483.08,482.92,483.23,556,213,1266,1348,FALSE,556,0,522,483.23,482.92
01/11/1998,1998,11,1998_11,2,1998,1998/99,1998_2,482.72,482.55,482.91,575,181,1266,1348,FALSE,575,0,540,482.91,482.55
01/12/1998,1998,12,1998_12,3,1998,1998/99,1998_3,482.61,482.52,482.77,489,294,1266,1348,FALSE,489,0,459,482.54,482.77
01/01/1999,1999,1,1999_1,4,1998,1998/99,1998_4,483.31,482.78,483.68,564,539,1266,1348,FALSE,564,0,530,482.78,483.68
01/02/1999,1999,2,1999_2,5,1998,1998/99,1998_5,484.21,483.7,484.49,616,851,1266,1348,FALSE,616,0,579,483.7,484.49
01/03/1999,1999,3,1999_3,6,1998,1998/99,1998_6,484.71,484.5,485.12,710,1856,1266,1348,FALSE,710,0,667,484.5,485.12
01/04/1999,1999,4,1999_4,7,1998,1998/99,1998_7,485.54,485.15,485.93,593,2640,1266,1348,FALSE,593,0,557,485.15,485.93
01/05/1999,1999,5,1999_5,8,1998,1998/99,1998_8,486.47,485.96,486.93,627,3029,1266,1348,FALSE,627,0,589,485.96,486.93
01/06/1999,1999,6,1999_6,9,1998,1998/99,1998_9,487.13,486.95,487.25,686,1836,1266,1348,FALSE,686,0,644,486.95,487.24
01/07/1999,1999,7,1999_7,10,1998,1998/99,1998_10,487.22,487.14,487.26,605,744,1266,1348,FALSE,605,0,568,487.24,487.14
01/08/1999,1999,8,1999_8,11,1998,1998/99,1998_11,487.01,486.87,487.13,687,423,1266,1348,FALSE,687,0,645,487.13,486.87
01/09/1999,1999,9,1999_9,12,1998,1998/99,1998_12,486.67,486.48,486.86,725,283,1266,1348,FALSE,725,0,681,486.86,486.48
01/10/1999,1999,10,1999_10,1,1999,1999/00,1999_1,486.27,486.09,486.47,731,203,1266,1348,FALSE,731,0,687,486.47,486.09
01/11/1999,1999,11,1999_11,2,1999,1999/00,1999_2,485.93,485.84,486.08,643,197,1266,1348,FALSE,643,0,604,486.08,485.85
01/12/1999,1999,12,1999_12,3,1999,1999/00,1999_3,485.82,485.74,485.87,617,275,1266,1348,FALSE,617,0,579,485.86,485.74
01/01/2000,2000,1,2000_1,4,1999,1999/00,1999_4,485.81,485.68,485.95,652,460,1266,800,FALSE,652,0,612,485.73,485.93
01/02/2000,2000,2,2000_2,5,1999,1999/00,1999_5,486.07,485.83,486.59,1212,639,1266,800,TRUE,800,412,751,485.91,486.59
01/03/2000,2000,3,2000_3,6,1999,1999/00,1999_6,486.22,486.09,486.59,3147,972,1266,800,TRUE,800,2347,751,486.59,486.14
01/04/2000,2000,4,2000_4,7,1999,1999/00,1999_7,486.52,486.15,487.01,742,2652,1266,800,FALSE,742,0,697,486.15,487.01
01/05/2000,2000,5,2000_5,8,1999,1999/00,1999_8,487.38,487.04,487.53,1292,2438,1266,800,TRUE,800,492,751,487.04,487.53
01/06/2000,2000,6,2000_6,9,1999,1999/00,1999_9,487.45,487.37,487.53,1585,1521,1266,800,TRUE,800,785,751,487.53,487.37
01/07/2000,2000,7,2000_7,10,1999,1999/00,1999_10,487.07,486.81,487.35,1391,644,1266,800,TRUE,800,591,751,487.35,486.81
01/08/2000,2000,8,2000_8,11,1999,1999/00,1999_11,486.58,486.39,486.8,917,371,1266,800,TRUE,800,117,751,486.8,486.39
01/09/2000,2000,9,2000_9,12,1999,1999/00,1999_12,486.22,486.05,486.38,755,262,1266,800,FALSE,755,0,709,486.38,486.05
01/10/2000,2000,10,2000_10,1,2000,2000/01,2000_1,485.82,485.59,486.04,759,172,1266,800,FALSE,759,0,713,486.04,485.59
01/11/2000,2000,11,2000_11,2,2000,2000/01,2000_2,485.39,485.19,485.56,723,145,1266,800,FALSE,723,0,679,485.56,485.19
01/12/2000,2000,12,2000_12,3,2000,2000/01,2000_3,485.16,485.11,485.2,665,276,1266,800,FALSE,665,0,625,485.18,485.14
01/01/2001,2001,1,2001_1,4,2000,2000/01,2000_4,484.77,484.39,485.11,2049,567,1266,800,TRUE,800,1249,751,485.11,484.39
01/02/2001,2001,2,2001_2,5,2000,2000/01,2000_5,484.66,484.38,484.81,2456,917,1266,800,TRUE,800,1656,751,484.38,484.81
01/03/2001,2001,3,2001_3,6,2000,2000/01,2000_6,485.43,484.9,485.72,3775,2309,1266,800,TRUE,800,2975,751,484.9,485.69
01/04/2001,2001,4,2001_4,7,2000,2000/01,2000_7,485.69,485.61,485.77,2753,3056,1266,800,TRUE,800,1953,751,485.7,485.77
01/05/2001,2001,5,2001_5,8,2000,2000/01,2000_8,486.23,485.78,486.6,1326,3291,1266,800,TRUE,800,526,751,485.78,486.6
01/06/2001,2001,6,2001_6,9,2000,2000/01,2000_9,486.62,486.58,486.68,1603,2114,1266,800,TRUE,800,803,751,486.61,486.65
01/07/2001,2001,7,2001_7,10,2000,2000/01,2000_10,486.66,486.58,486.69,808,1013,1266,800,TRUE,800,8,751,486.67,486.58
01/08/2001,2001,8,2001_8,11,2000,2000/01,2000_11,486.43,486.29,486.56,788,509,1266,800,FALSE,788,0,740,486.56,486.29
01/09/2001,2001,9,2001_9,12,2000,2000/01,2000_12,486.1,485.93,486.29,829,352,1266,800,TRUE,800,29,751,486.29,485.93
01/10/2001,2001,10,2001_10,1,2001,2001/02,2001_1,485.76,485.57,485.93,675,240,1266,800,FALSE,675,0,634,485.93,485.57
01/11/2001,2001,11,2001_11,2,2001,2001/02,2001_2,485.42,485.33,485.55,662,245,1266,800,FALSE,662,0,622,485.55,485.33
01/12/2001,2001,12,2001_12,3,2001,2001/02,2001_3,485.18,484.94,485.32,1404,423,1266,800,TRUE,800,604,751,485.32,484.94
01/01/2002,2002,1,2002_1,4,2001,2001/02,2001_4,484.53,484.24,484.92,2015,560,1266,800,TRUE,800,1215,751,484.92,484.24
01/02/2002,2002,2,2002_2,5,2001,2001/02,2001_5,484.04,483.94,484.2,1324,713,1266,800,TRUE,800,524,751,484.2,483.94
01/03/2002,2002,3,2002_3,6,2001,2001/02,2001_6,483.94,483.91,483.96,674,1062,1266,800,FALSE,674,0,633,483.94,483.94
01/04/2002,2002,4,2002_4,7,2001,2001/02,2001_7,484.19,483.93,484.44,585,1705,1266,800,FALSE,585,0,550,483.93,484.44
01/05/2002,2002,5,2002_5,8,2001,2001/02,2001_8,484.61,484.45,484.78,723,1938,1266,1348,FALSE,723,0,679,484.45,484.78
01/06/2002,2002,6,2002_6,9,2001,2001/02,2001_9,484.93,484.78,485,803,1641,1266,1348,FALSE,803,0,754,484.78,484.99
01/07/2002,2002,7,2002_7,10,2001,2001/02,2001_10,484.97,484.89,485,757,817,1266,1348,FALSE,757,0,711,484.99,484.89
01/08/2002,2002,8,2002_8,11,2001,2001/02,2001_11,484.72,484.53,484.88,862,433,1266,1348,FALSE,862,0,810,484.87,484.53
01/09/2002,2002,9,2002_9,12,2001,2001/02,2001_12,484.29,484.08,484.52,932,297,1266,1348,FALSE,932,0,875,484.52,484.08
01/10/2002,2002,10,2002_10,1,2002,2002/03,2002_1,483.82,483.57,484.05,945,227,1266,1348,FALSE,945,0,888,484.05,483.57
01/11/2002,2002,11,2002_11,2,2002,2002/03,2002_2,483.3,483.01,483.56,1022,202,1266,1348,FALSE,1022,0,960,483.56,483.01
01/12/2002,2002,12,2002_12,3,2002,2002/03,2002_3,482.8,482.66,482.98,947,282,1266,1348,FALSE,947,0,890,482.98,482.66
01/01/2003,2003,1,2003_1,4,2002,2002/03,2002_4,482.47,482.33,482.65,1013,499,1266,1348,FALSE,1013,0,951,482.65,482.4
01/02/2003,2003,2,2003_2,5,2002,2002/03,2002_5,482.33,482.24,482.62,1015,828,1266,1348,FALSE,1015,0,953,482.38,482.62
01/03/2003,2003,3,2003_3,6,2002,2002/03,2002_6,483.08,482.66,483.36,1031,1295,1266,1348,FALSE,1031,0,968,482.66,483.36
01/04/2003,2003,4,2003_4,7,2002,2002/03,2002_7,483.51,483.36,483.71,1064,2213,1266,1348,FALSE,1064,0,999,483.36,483.71
01/05/2003,2003,5,2003_5,8,2002,2002/03,2002_8,484.24,483.74,484.68,1088,3427,1266,1348,FALSE,1088,0,1022,483.74,484.68
01/06/2003,2003,6,2003_6,9,2002,2002/03,2002_9,484.92,484.68,485.07,1070,2222,1266,1348,FALSE,1070,0,1005,484.68,485.07
01/07/2003,2003,7,2003_7,10,2002,2002/03,2002_10,484.97,484.86,485.08,1065,1100,1266,1348,FALSE,1065,0,1000,485.08,484.86
01/08/2003,2003,8,2003_8,11,2002,2002/03,2002_11,484.62,484.37,484.84,1150,523,1266,1348,FALSE,1150,0,1080,484.84,484.37
01/09/2003,2003,9,2003_9,12,2002,2002/03,2002_12,484.09,483.83,484.35,1179,339,1266,1348,FALSE,1179,0,1108,484.35,483.83
01/10/2003,2003,10,2003_10,1,2003,2003/04,2003_1,483.52,483.25,483.79,1146,231,1266,1348,FALSE,1146,0,1076,483.79,483.25
01/11/2003,2003,11,2003_11,2,2003,2003/04,2003_2,482.91,482.6,483.23,1130,208,1266,1348,FALSE,1130,0,1061,483.23,482.61
01/12/2003,2003,12,2003_12,3,2003,2003/04,2003_3,482.42,482.27,482.62,1049,297,1266,1348,FALSE,1049,0,985,482.62,482.27
01/01/2004,2004,1,2004_1,4,2003,2003/04,2003_4,482.15,482.04,482.28,1184,556,1266,1348,FALSE,1184,0,1112,482.28,482.28
01/02/2004,2004,2,2004_2,5,2003,2003/04,2003_5,482.28,482.16,482.45,1226,905,1266,1348,FALSE,1226,0,1152,482.32,482.45
01/03/2004,2004,3,2004_3,6,2003,2003/04,2003_6,482.99,482.48,483.45,1248,2086,1266,1348,FALSE,1248,0,1172,482.48,483.45
01/04/2004,2004,4,2004_4,7,2003,2003/04,2003_7,484.17,483.48,484.78,1130,4050,1266,1348,FALSE,1130,0,1061,483.48,484.78
01/05/2004,2004,5,2004_5,8,2003,2003/04,2003_8,485.35,484.83,485.8,1115,3534,1266,1348,FALSE,1115,0,1048,484.83,485.8
01/06/2004,2004,6,2004_6,9,2003,2003/04,2003_9,485.98,485.81,486.1,1167,2238,1266,1348,FALSE,1167,0,1096,485.81,486.1
01/07/2004,2004,7,2004_7,10,2003,2003/04,2003_10,485.99,485.83,486.12,1234,1087,1266,1348,FALSE,1234,0,1159,486.12,485.83
01/08/2004,2004,8,2004_8,11,2003,2003/04,2003_11,485.58,485.34,485.82,1168,525,1266,1348,FALSE,1168,0,1097,485.82,485.34
01/09/2004,2004,9,2004_9,12,2003,2003/04,2003_12,485.07,484.81,485.33,1114,345,1266,1348,FALSE,1114,0,1046,485.33,484.81
01/10/2004,2004,10,2004_10,1,2004,2004/05,2004_1,484.54,484.25,484.8,1092,242,1266,1348,FALSE,1092,0,1026,484.8,484.25
01/11/2004,2004,11,2004_11,2,2004,2004/05,2004_2,483.93,483.65,484.24,1156,216,1266,1348,FALSE,1156,0,1086,484.24,483.65
01/12/2004,2004,12,2004_12,3,2004,2004/05,2004_3,483.6,483.52,483.65,1050,334,1266,1348,FALSE,1050,0,986,483.65,483.53
01/01/2005,2005,1,2005_1,4,2004,2004/05,2004_4,483.36,483.26,483.55,1111,500,1266,1348,FALSE,1111,0,1043,483.54,483.33
01/02/2005,2005,2,2005_2,5,2004,2004/05,2004_5,483.18,483.01,483.34,1171,773,1266,1348,FALSE,1171,0,1100,483.34,483.01
01/03/2005,2005,3,2005_3,6,2004,2004/05,2004_6,482.87,482.78,483,1184,1140,1266,1348,FALSE,1184,0,1112,483,482.78
01/04/2005,2005,4,2005_4,7,2004,2004/05,2004_7,482.7,482.6,482.78,1158,1378,1266,1348,FALSE,1158,0,1088,482.78,482.6
01/05/2005,2005,5,2005_5,8,2004,2004/05,2004_8,482.55,482.49,482.6,1099,1384,1266,1348,FALSE,1099,0,1032,482.6,482.49
01/06/2005,2005,6,2005_6,9,2004,2004/05,2004_9,482.4,482.27,482.48,1195,1135,1266,1348,FALSE,1195,0,1122,482.48,482.27
01/07/2005,2005,7,2005_7,10,2004,2004/05,2004_10,481.99,481.71,482.26,1224,562,1266,1348,FALSE,1224,0,1150,482.26,481.71
01/08/2005,2005,8,2005_8,11,2004,2004/05,2004_11,481.39,481.08,481.7,1250,373,1266,1348,FALSE,1250,0,1174,481.7,481.08
01/09/2005,2005,9,2005_9,12,2004,2004/05,2004_12,480.76,480.4,481.05,1226,276,1266,1348,FALSE,1226,0,1151,481.05,480.4
01/10/2005,2005,10,2005_10,1,2005,2005/06,2005_1,480.02,479.61,480.38,1236,178,1266,1348,FALSE,1236,0,1161,480.38,479.61
01/11/2005,2005,11,2005_11,2,2005,2005/06,2005_2,479.24,478.95,479.58,1113,165,1266,1348,FALSE,1113,0,1045,479.58,478.95
01/12/2005,2005,12,2005_12,3,2005,2005/06,2005_3,478.88,478.76,478.96,1114,308,1266,1348,FALSE,1114,0,1046,478.94,478.9
01/01/2006,2006,1,2006_1,4,2005,2005/06,2005_4,479.15,478.91,479.47,1124,562,1266,1348,FALSE,1124,0,1055,478.91,479.47
01/02/2006,2006,2,2006_2,5,2005,2005/06,2005_5,479.9,479.5,480.24,1188,917,1266,1348,FALSE,1188,0,1116,479.5,480.24
01/03/2006,2006,3,2006_3,6,2005,2005/06,2005_6,480.56,480.26,480.67,1259,1322,1266,1348,FALSE,1259,0,1182,480.26,480.66
01/04/2006,2006,4,2006_4,7,2005,2005/06,2005_7,480.83,480.67,481,1255,2369,1266,1348,FALSE,1255,0,1179,480.67,481
01/05/2006,2006,5,2006_5,8,2005,2005/06,2005_8,481.24,481.01,481.42,1234,2484,1266,1348,FALSE,1234,0,1159,481.01,481.42
01/06/2006,2006,6,2006_6,9,2005,2005/06,2005_9,481.52,481.43,481.57,1264,1905,1266,1348,FALSE,1264,0,1187,481.43,481.53
01/07/2006,2006,7,2006_7,10,2005,2005/06,2005_10,481.35,481.1,481.52,1305,910,1266,1348,FALSE,1305,0,1226,481.52,481.1
01/08/2006,2006,8,2006_8,11,2005,2005/06,2005_11,480.78,480.47,481.08,1289,451,1266,1348,FALSE,1289,0,1211,481.08,480.47
01/09/2006,2006,9,2006_9,12,2005,2005/06,2005_12,480.12,479.79,480.45,1236,296,1266,1348,FALSE,1236,0,1161,480.45,479.79
01/10/2006,2006,10,2006_10,1,2006,2006/07,2006_1,479.4,479.03,479.77,1292,228,1266,1348,FALSE,1292,0,1213,479.77,479.03
01/11/2006,2006,11,2006_11,2,2006,2006/07,2006_2,478.66,478.36,479,1234,248,1266,1348,FALSE,1234,0,1159,479,478.36
01/12/2006,2006,12,2006_12,3,2006,2006/07,2006_3,478,477.76,478.33,1258,394,1266,1348,FALSE,1258,0,1181,478.33,477.76
01/01/2007,2007,1,2007_1,4,2006,2006/07,2006_4,477.77,477.7,477.92,1142,699,1266,1348,FALSE,1142,0,1073,477.75,477.92
01/02/2007,2007,2,2007_2,5,2006,2006/07,2006_5,478.03,477.96,478.17,1120,1986,1266,1348,FALSE,1120,0,1052,477.96,478.17
01/03/2007,2007,3,2007_3,6,2006,2006/07,2006_6,479.24,478.2,480.03,1090,4286,1266,1348,FALSE,1090,0,1024,478.2,480.03
01/04/2007,2007,4,2007_4,7,2006,2006/07,2006_7,480.69,480.11,481.2,903,3364,1266,1348,FALSE,903,0,848,480.11,481.2
01/05/2007,2007,5,2007_5,8,2006,2006/07,2006_8,481.57,481.24,481.83,1116,2768,1266,1348,FALSE,1116,0,1048,481.24,481.83
01/06/2007,2007,6,2007_6,9,2006,2006/07,2006_9,481.93,481.85,481.96,1258,1838,1266,1348,FALSE,1258,0,1181,481.85,481.93
01/07/2007,2007,7,2007_7,10,2006,2006/07,2006_10,481.75,481.56,481.92,1281,951,1266,1348,FALSE,1281,0,1203,481.92,481.56
01/08/2007,2007,8,2007_8,11,2006,2006/07,2006_11,481.26,480.99,481.53,1228,551,1266,1348,FALSE,1228,0,1153,481.53,480.99
01/09/2007,2007,9,2007_9,12,2006,2006/07,2006_12,480.7,480.39,480.97,1215,386,1266,1348,FALSE,1215,0,1141,480.97,480.39
01/10/2007,2007,10,2007_10,1,2007,2007/08,2007_1,480.02,479.68,480.37,1172,291,1266,1348,FALSE,1172,0,1101,480.37,479.68
01/11/2007,2007,11,2007_11,2,2007,2007/08,2007_2,479.42,479.1,479.66,1153,274,1266,1348,FALSE,1153,0,1083,479.66,479.1
01/12/2007,2007,12,2007_12,3,2007,2007/08,2007_3,479.15,478.96,480.06,1110,416,1266,1348,FALSE,1110,0,1042,479.08,480.06
01/01/2008,2008,1,2008_1,4,2007,2007/08,2007_4,480.96,480.16,482.05,1156,945,1266,1348,FALSE,1156,0,1086,480.16,482.05
01/02/2008,2008,2,2008_2,5,2007,2007/08,2007_5,482.57,482.18,482.8,1265,1945,1266,1348,FALSE,1265,0,1188,482.18,482.8
01/03/2008,2008,3,2008_3,6,2007,2007/08,2007_6,483.37,482.83,483.82,1109,2998,1266,1348,FALSE,1109,0,1042,482.83,483.82
01/04/2008,2008,4,2008_4,7,2007,2007/08,2007_7,484.14,483.84,484.44,1172,2919,1266,1348,FALSE,1172,0,1101,483.84,484.44
01/05/2008,2008,5,2008_5,8,2007,2007/08,2007_8,484.74,484.46,484.96,1225,2647,1266,1348,FALSE,1225,0,1150,484.46,484.96
01/06/2008,2008,6,2008_6,9,2007,2007/08,2007_9,485.03,484.98,485.05,1180,1762,1266,1348,FALSE,1180,0,1108,484.98,485.03
01/07/2008,2008,7,2008_7,10,2007,2007/08,2007_10,484.87,484.67,485.02,1238,855,1266,1348,FALSE,1238,0,1163,485.02,484.67
01/08/2008,2008,8,2008_8,11,2007,2007/08,2007_11,484.35,484.06,484.65,1300,464,1266,1348,FALSE,1300,0,1221,484.65,484.06
01/09/2008,2008,9,2008_9,12,2007,2007/08,2007_12,483.73,483.38,484.04,1335,332,1266,1348,FALSE,1335,0,1254,484.04,483.38
01/10/2008,2008,10,2008_10,1,2008,2008/09,2008_1,482.98,482.55,483.37,1441,226,1266,1348,TRUE,1348,93,1266,483.37,482.55
01/11/2008,2008,11,2008_11,2,2008,2008/09,2008_2,482.19,481.94,482.53,1366,227,1266,1348,TRUE,1348,18,1266,482.53,481.94
01/12/2008,2008,12,2008_12,3,2008,2008/09,2008_3,481.76,481.65,481.91,1355,463,1266,1348,TRUE,1348,7,1266,481.91,481.88
01/01/2009,2009,1,2009_1,4,2008,2008/09,2008_4,481.91,481.81,481.99,1240,811,1266,1348,FALSE,1240,0,1165,481.91,481.98
01/02/2009,2009,2,2009_2,5,2008,2008/09,2008_5,482.07,481.99,482.14,1311,1328,1266,1348,FALSE,1311,0,1231,481.99,482.13
01/03/2009,2009,3,2009_3,6,2008,2008/09,2008_6,482.73,482.13,483.66,1102,3358,1266,1348,FALSE,1102,0,1035,482.13,483.66
01/04/2009,2009,4,2009_4,7,2008,2008/09,2008_7,484.74,483.76,485.58,907,5070,1266,1348,FALSE,907,0,852,483.76,485.58
01/05/2009,2009,5,2009_5,8,2008,2008/09,2008_8,486.22,485.64,486.61,861,3105,1266,1348,FALSE,861,0,809,485.64,486.61
01/06/2009,2009,6,2009_6,9,2008,2008/09,2008_9,486.74,486.63,486.8,1153,1871,1266,1348,FALSE,1153,0,1083,486.63,486.76
01/07/2009,2009,7,2009_7,10,2008,2008/09,2008_10,486.62,486.42,486.76,1207,940,1266,1348,FALSE,1207,0,1134,486.76,486.42
01/08/2009,2009,8,2009_8,11,2008,2008/09,2008_11,486.18,485.92,486.39,1203,512,1266,1348,FALSE,1203,0,1130,486.39,485.92
01/09/2009,2009,9,2009_9,12,2008,2008/09,2008_12,485.67,485.44,485.91,1103,342,1266,1348,FALSE,1103,0,1036,485.91,485.44
01/10/2009,2009,10,2009_10,1,2009,2009/10,2009_1,485.13,484.86,485.42,1079,251,1470,1565,FALSE,1079,0,1013,485.42,484.86
01/11/2009,2009,11,2009_11,2,2009,2009/10,2009_2,484.65,484.53,484.83,936,258,1470,1565,FALSE,936,0,879,484.83,484.54
01/12/2009,2009,12,2009_12,3,2009,2009/10,2009_3,484.39,484.27,484.52,953,443,1470,1565,FALSE,953,0,895,484.52,484.27
01/01/2010,2010,1,2010_1,4,2009,2009/10,2009_4,484.15,484.07,484.27,1049,727,1470,1565,FALSE,1049,0,985,484.27,484.11
01/02/2010,2010,2,2010_2,5,2009,2009/10,2009_5,484.34,484.16,484.86,1001,1229,1470,1565,FALSE,1001,0,940,484.16,484.86
01/03/2010,2010,3,2010_3,6,2009,2009/10,2009_6,485.67,484.87,486.13,2156,3402,1470,1565,TRUE,1565,591,1470,484.87,486.13
01/04/2010,2010,4,2010_4,7,2009,2009/10,2009_7,486.57,486.15,486.91,2834,4491,1470,1565,TRUE,1565,1269,1470,486.15,486.91
01/05/2010,2010,5,2010_5,8,2009,2009/10,2009_8,487.26,486.93,487.48,2952,4421,1470,1565,TRUE,1565,1387,1470,486.93,487.48
01/06/2010,2010,6,2010_6,9,2009,2009/10,2009_9,487.34,487.08,487.48,2973,2607,1470,1565,TRUE,1565,1408,1470,487.48,487.08
01/07/2010,2010,7,2010_7,10,2009,2009/10,2009_10,486.8,486.66,487.06,1840,1416,1470,1565,TRUE,1565,275,1470,487.06,486.66
01/08/2010,2010,8,2010_8,11,2009,2009/10,2009_11,486.45,486.23,486.65,1203,728,1470,1565,FALSE,1203,0,1130,486.65,486.23
01/09/2010,2010,9,2010_9,12,2009,2009/10,2009_12,485.98,485.75,486.22,1123,454,1470,1565,FALSE,1123,0,1055,486.22,485.75
01/10/2010,2010,10,2010_10,1,2010,2010/11,2010_1,485.47,485.21,485.73,1092,300,1470,1565,FALSE,1092,0,1026,485.73,485.21
01/11/2010,2010,11,2010_11,2,2010,2010/11,2010_2,484.93,484.71,485.19,1090,251,1470,1565,FALSE,1090,0,1024,485.19,484.71
01/12/2010,2010,12,2010_12,3,2010,2010/11,2010_3,484.7,484.6,484.77,1073,393,1470,1565,FALSE,1073,0,1008,484.74,484.6
01/01/2011,2011,1,2011_1,4,2010,2010/11,2010_4,484.68,484.55,484.92,1965,902,1470,1565,TRUE,1565,400,1470,484.6,484.92
01/02/2011,2011,2,2011_2,5,2010,2010/11,2010_5,484.49,484.19,484.93,3611,2160,1470,1565,TRUE,1565,2046,1470,484.93,484.52
01/03/2011,2011,3,2011_3,6,2010,2010/11,2010_6,484.91,484.59,485.38,2427,3595,1470,1565,TRUE,1565,862,1470,484.59,485.38
01/04/2011,2011,4,2011_4,7,2010,2010/11,2010_7,486.02,485.41,486.69,1016,4018,1470,1565,FALSE,1016,0,954,485.41,486.69
01/05/2011,2011,5,2011_5,8,2010,2010/11,2010_8,487.36,486.76,487.69,1770,3961,1470,1565,TRUE,1565,205,1470,486.76,487.67
01/06/2011,2011,6,2011_6,9,2010,2010/11,2010_9,487.32,487.05,487.69,3506,2450,1470,1565,TRUE,1565,1941,1470,487.69,487.05
01/07/2011,2011,7,2011_7,10,2010,2010/11,2010_10,486.98,486.9,487.03,1097,1231,1470,1565,FALSE,1097,0,1030,487.03,486.9
01/08/2011,2011,8,2011_8,11,2010,2010/11,2010_11,486.71,486.52,486.88,1101,660,1470,1565,FALSE,1101,0,1034,486.88,486.52
01/09/2011,2011,9,2011_9,12,2010,2010/11,2010_12,486.3,486.09,486.51,1070,443,1470,1565,FALSE,1070,0,1005,486.51,486.09
01/10/2011,2011,10,2011_10,1,2011,2011/12,2011_1,485.81,485.53,486.08,1157,323,1470,1565,FALSE,1157,0,1087,486.08,485.53
01/11/2011,2011,11,2011_11,2,2011,2011/12,2011_2,485.18,484.92,485.51,1298,285,1470,1565,FALSE,1298,0,1219,485.51,484.92
01/12/2011,2011,12,2011_12,3,2011,2011/12,2011_3,484.77,484.64,484.92,1167,466,1470,1565,FALSE,1167,0,1096,484.92,484.64
01/01/2012,2012,1,2012_1,4,2011,2011/12,2011_4,484.49,484.37,484.65,1330,772,1470,1565,FALSE,1330,0,1249,484.64,484.47
01/02/2012,2012,2,2012_2,5,2011,2011/12,2011_5,484.53,484.45,484.63,1167,1327,1470,1565,FALSE,1167,0,1096,484.47,484.63
01/03/2012,2012,3,2012_3,6,2011,2011/12,2011_6,484.85,484.64,485.07,1147,2077,1470,1565,FALSE,1147,0,1077,484.64,485.07
01/04/2012,2012,4,2012_4,7,2011,2011/12,2011_7,485.37,485.08,485.71,1086,2799,1470,1565,FALSE,1086,0,1020,485.08,485.71
01/05/2012,2012,5,2012_5,8,2011,2011/12,2011_8,486.16,485.75,486.52,1132,3136,1470,1565,FALSE,1132,0,1063,485.75,486.52
01/06/2012,2012,6,2012_6,9,2011,2011/12,2011_9,486.64,486.53,486.69,1171,1924,1470,1565,FALSE,1171,0,1100,486.53,486.68
01/07/2012,2012,7,2012_7,10,2011,2011/12,2011_10,486.53,486.33,486.68,1232,875,1470,1565,FALSE,1232,0,1157,486.68,486.33
01/08/2012,2012,8,2012_8,11,2011,2011/12,2011_11,486.08,485.84,486.31,1196,507,1470,1565,FALSE,1196,0,1124,486.31,485.84
01/09/2012,2012,9,2012_9,12,2011,2011/12,2011_12,485.55,485.31,485.83,1212,357,1470,1565,FALSE,1212,0,1138,485.83,485.31
01/10/2012,2012,10,2012_10,1,2012,2012/13,2012_1,484.98,484.66,485.28,1169,267,1470,1565,FALSE,1169,0,1098,485.28,484.66
01/11/2012,2012,11,2012_11,2,2012,2012/13,2012_2,484.32,484.03,484.61,1250,271,1470,1565,FALSE,1250,0,1174,484.61,484.03
01/12/2012,2012,12,2012_12,3,2012,2012/13,2012_3,483.81,483.73,484,1267,433,1470,1565,FALSE,1267,0,1190,484,483.74
01/01/2013,2013,1,2013_1,4,2012,2012/13,2012_4,484.06,483.74,484.31,1258,920,1470,1565,FALSE,1258,0,1181,483.74,484.26
01/02/2013,2013,2,2013_2,5,2012,2012/13,2012_5,484.65,484.23,485.09,1333,2414,1470,1565,FALSE,1333,0,1252,484.26,485.09
01/03/2013,2013,3,2013_3,6,2012,2012/13,2012_6,485.6,485.11,485.86,1787,3415,1470,1565,TRUE,1565,222,1470,485.11,485.85
01/04/2013,2013,4,2013_4,7,2012,2012/13,2012_7,486.2,485.88,486.5,1299,3001,1470,1565,FALSE,1299,0,1220,485.88,486.5
01/05/2013,2013,5,2013_5,8,2012,2012/13,2012_8,486.75,486.51,486.91,1397,2654,1470,1565,FALSE,1397,0,1312,486.51,486.91
01/06/2013,2013,6,2013_6,9,2012,2012/13,2012_9,486.87,486.75,486.94,1409,1458,1470,1565,FALSE,1409,0,1323,486.91,486.75
01/07/2013,2013,7,2013_7,10,2012,2012/13,2012_10,486.49,486.2,486.74,1408,694,1470,1565,FALSE,1408,0,1322,486.74,486.2
01/08/2013,2013,8,2013_8,11,2012,2012/13,2012_11,485.89,485.59,486.19,1359,432,1470,1565,FALSE,1359,0,1276,486.19,485.59
01/09/2013,2013,9,2013_9,12,2012,2012/13,2012_12,485.27,485,485.59,1268,317,1470,1565,FALSE,1268,0,1191,485.59,485
01/10/2013,2013,10,2013_10,1,2013,2013/14,2013_1,484.66,484.31,484.99,1225,235,1830,1949,FALSE,1225,0,1151,484.99,484.31
01/11/2013,2013,11,2013_11,2,2013,2013/14,2013_2,483.93,483.58,484.28,1383,227,1830,1949,FALSE,1383,0,1299,484.28,483.58
01/12/2013,2013,12,2013_12,3,2013,2013/14,2013_3,483.34,483.22,483.58,1303,423,1830,1949,FALSE,1303,0,1223,483.58,483.25
01/01/2014,2014,1,2014_1,4,2013,2013/14,2013_4,483.6,483.3,483.67,1404,838,1830,1949,FALSE,1404,0,1318,483.3,483.66
01/02/2014,2014,2,2014_2,5,2013,2013/14,2013_5,483.98,483.63,484.23,1581,1182,1830,1949,FALSE,1581,0,1485,483.63,484.23
01/03/2014,2014,3,2014_3,6,2013,2013/14,2013_6,484.36,484.23,484.47,1460,1980,1830,1949,FALSE,1460,0,1371,484.25,484.47
01/04/2014,2014,4,2014_4,7,2013,2013/14,2013_7,484.77,484.46,485.16,1411,3160,1830,1949,FALSE,1411,0,1325,484.46,485.16
01/05/2014,2014,5,2014_5,8,2013,2013/14,2013_8,485.56,485.2,485.92,1370,3256,1830,1949,FALSE,1370,0,1287,485.2,485.92
01/06/2014,2014,6,2014_6,9,2013,2013/14,2013_9,486.12,485.94,486.21,1537,2497,1830,1949,FALSE,1537,0,1444,485.94,486.2
01/07/2014,2014,7,2014_7,10,2013,2013/14,2013_10,486.1,485.91,486.2,1569,1381,1830,1949,FALSE,1569,0,1474,486.2,485.91
01/08/2014,2014,8,2014_8,11,2013,2013/14,2013_11,485.63,485.3,485.9,1550,661,1830,1949,FALSE,1550,0,1456,485.9,485.3
01/09/2014,2014,9,2014_9,12,2013,2013/14,2013_12,484.96,484.62,485.27,1438,414,1830,1949,FALSE,1438,0,1350,485.27,484.62
01/10/2014,2014,10,2014_10,1,2014,2014/15,2014_1,484.22,483.81,484.61,1507,292,1830,1949,FALSE,1507,0,1415,484.61,483.81
01/11/2014,2014,11,2014_11,2,2014,2014/15,2014_2,483.39,482.98,483.79,1564,264,1830,1949,FALSE,1564,0,1469,483.79,482.98
01/12/2014,2014,12,2014_12,3,2014,2014/15,2014_3,482.68,482.52,483.02,1487,365,1830,1949,FALSE,1487,0,1396,483.02,482.57
01/01/2015,2015,1,2015_1,4,2014,2014/15,2014_4,482.82,482.6,482.95,1409,581,1830,1949,FALSE,1409,0,1323,482.6,482.75
01/02/2015,2015,2,2015_2,5,2014,2014/15,2014_5,482.62,482.46,482.76,1423,847,1830,1949,FALSE,1423,0,1337,482.75,482.46
01/03/2015,2015,3,2015_3,6,2014,2014/15,2014_6,482.32,482.11,482.48,1636,1146,1830,1949,FALSE,1636,0,1536,482.46,482.11
01/04/2015,2015,4,2015_4,7,2014,2014/15,2014_7,482.16,482.11,482.2,1458,1397,1830,1949,FALSE,1458,0,1369,482.12,482.18
01/05/2015,2015,5,2015_5,8,2014,2014/15,2014_8,482.02,481.88,482.18,1608,1467,1830,1949,FALSE,1608,0,1510,482.18,481.88
01/06/2015,2015,6,2015_6,9,2014,2014/15,2014_9,481.68,481.48,481.87,1682,1363,1830,1949,FALSE,1682,0,1579,481.87,481.48
01/07/2015,2015,7,2015_7,10,2014,2014/15,2014_10,481.15,480.81,481.47,1590,710,1830,1949,FALSE,1590,0,1493,481.47,480.81
01/08/2015,2015,8,2015_8,11,2014,2014/15,2014_11,480.37,479.96,480.78,1594,418,1830,1949,FALSE,1594,0,1497,480.78,479.96
01/09/2015,2015,9,2015_9,12,2014,2014/15,2014_12,479.63,479.35,479.93,1174,286,1830,1949,FALSE,1174,0,1103,479.93,479.35
01/10/2015,2015,10,2015_10,1,2015,2015/16,2015_1,479.03,478.68,479.32,1075,213,1830,1949,FALSE,1075,0,1010,479.32,478.68
01/11/2015,2015,11,2015_11,2,2015,2015/16,2015_2,478.36,478.07,478.67,1022,184,1830,1949,FALSE,1022,0,960,478.67,478.07
01/12/2015,2015,12,2015_12,3,2015,2015/16,2015_3,477.77,477.52,478.04,1001,272,1830,1949,FALSE,1001,0,940,478.04,477.52
01/01/2016,2016,1,2016_1,4,2015,2015/16,2015_4,477.28,477.15,477.49,821,468,1830,1949,FALSE,821,0,771,477.49,477.21
01/02/2016,2016,2,2016_2,5,2015,2015/16,2015_5,477.18,477.12,477.23,738,735,1830,1949,FALSE,738,0,693,477.2,477.18
01/03/2016,2016,3,2016_3,6,2015,2015/16,2015_6,477.71,477.24,478.27,717,1880,1830,1949,FALSE,717,0,673,477.24,478.27
01/04/2016,2016,4,2016_4,7,2015,2015/16,2015_7,478.79,478.31,479.26,756,2772,1830,1949,FALSE,756,0,710,478.31,479.26
01/05/2016,2016,5,2016_5,8,2015,2015/16,2015_8,479.68,479.3,480.05,885,2711,1830,1949,FALSE,885,0,831,479.3,480.05
01/06/2016,2016,6,2016_6,9,2015,2015/16,2015_9,480.25,480.07,480.33,903,1736,1830,1949,FALSE,903,0,848,480.07,480.3
01/07/2016,2016,7,2016_7,10,2015,2015/16,2015_10,480.16,480,480.31,1008,735,1830,1949,FALSE,1008,0,947,480.3,480
01/08/2016,2016,8,2016_8,11,2015,2015/16,2015_11,479.78,479.58,479.98,904,415,1830,1949,FALSE,904,0,849,479.98,479.58
01/09/2016,2016,9,2016_9,12,2015,2015/16,2015_12,479.32,479.08,479.56,922,288,1830,1949,FALSE,922,0,866,479.56,479.08
01/10/2016,2016,10,2016_10,1,2016,2016/17,2016_1,478.8,478.51,479.06,963,205,1830,1949,FALSE,963,0,905,479.06,478.51
01/11/2016,2016,11,2016_11,2,2016,2016/17,2016_2,478.18,477.93,478.49,999,167,1830,1949,FALSE,999,0,938,478.49,477.93
01/12/2016,2016,12,2016_12,3,2016,2016/17,2016_3,477.73,477.64,477.91,918,296,1830,1949,FALSE,918,0,863,477.91,477.65
01/01/2017,2017,1,2017_1,4,2016,2016/17,2016_4,478.06,477.61,478.76,965,710,1830,1949,FALSE,965,0,906,477.64,478.76
01/02/2017,2017,2,2017_2,5,2016,2016/17,2016_5,479.32,478.8,479.92,1042,1197,1830,1949,FALSE,1042,0,979,478.8,479.92
01/03/2017,2017,3,2017_3,6,2016,2016/17,2016_6,480.66,479.99,481.01,939,1739,1830,1949,FALSE,939,0,882,479.99,481.01
01/04/2017,2017,4,2017_4,7,2016,2016/17,2016_7,481.64,481.03,482.25,911,3475,1830,1949,FALSE,911,0,856,481.03,482.25
01/05/2017,2017,5,2017_5,8,2016,2016/17,2016_8,482.72,482.28,483.01,864,2575,1830,1949,FALSE,864,0,811,482.28,483.01
01/06/2017,2017,6,2017_6,9,2016,2016/17,2016_9,483.16,483.03,483.22,862,1557,1830,1949,FALSE,862,0,810,483.03,483.19
01/07/2017,2017,7,2017_7,10,2016,2016/17,2016_10,483.07,482.88,483.19,976,702,1830,1949,FALSE,976,0,916,483.18,482.88
01/08/2017,2017,8,2017_8,11,2016,2016/17,2016_11,482.67,482.48,482.86,843,399,1830,1949,FALSE,843,0,792,482.86,482.48
01/09/2017,2017,9,2017_9,12,2016,2016/17,2016_12,482.24,481.99,482.46,968,268,1830,1949,FALSE,968,0,909,482.46,481.99
01/10/2017,2017,10,2017_10,1,2017,2017/18,2017_1,481.71,481.43,481.98,1005,188,1830,1949,FALSE,1005,0,943,481.98,481.43
01/11/2017,2017,11,2017_11,2,2017,2017/18,2017_2,481.16,480.92,481.42,975,191,1830,1949,FALSE,975,0,916,481.42,480.92
01/12/2017,2017,12,2017_12,3,2017,2017/18,2017_3,480.75,480.64,480.9,814,323,1830,1949,FALSE,814,0,764,480.9,480.73
01/01/2018,2018,1,2018_1,4,2017,2017/18,2017_4,480.58,480.45,480.73,840,659,1830,1949,FALSE,840,0,789,480.73,480.45
01/02/2018,2018,2,2018_2,5,2017,2017/18,2017_5,480.99,480.44,481.75,725,1353,1830,1949,FALSE,725,0,681,480.44,481.75
01/03/2018,2018,3,2018_3,6,2017,2017/18,2017_6,482.81,481.87,483.49,856,2921,1830,1949,FALSE,856,0,804,481.87,483.49
01/04/2018,2018,4,2018_4,7,2017,2017/18,2017_7,484.15,483.55,484.76,1088,3716,1830,1949,FALSE,1088,0,1022,483.55,484.76
01/05/2018,2018,5,2018_5,8,2017,2017/18,2017_8,485.54,484.82,486.23,1177,4414,1830,1949,FALSE,1177,0,1106,484.82,486.23
01/06/2018,2018,6,2018_6,9,2017,2017/18,2017_9,486.65,486.26,486.87,1304,2929,1830,1949,FALSE,1304,0,1224,486.26,486.87
01/07/2018,2018,7,2018_7,10,2017,2017/18,2017_10,486.85,486.74,486.9,1319,1454,1830,1949,FALSE,1319,0,1239,486.87,486.74
01/08/2018,2018,8,2018_8,11,2017,2017/18,2017_11,486.5,486.25,486.72,1434,689,1830,1949,FALSE,1434,0,1347,486.72,486.25
01/09/2018,2018,9,2018_9,12,2017,2017/18,2017_12,485.82,485.35,486.23,1901,418,1830,1949,FALSE,1901,0,1785,486.23,485.35
01/10/2018,2018,10,2018_10,1,2018,2018/19,2018_1,484.86,484.33,485.32,1873,254,2130,2268,FALSE,1873,0,1759,485.32,484.33
01/11/2018,2018,11,2018_11,2,2018,2018/19,2018_2,483.83,483.34,484.3,1975,189,2130,2268,FALSE,1975,0,1855,484.3,483.34
01/12/2018,2018,12,2018_12,3,2018,2018/19,2018_3,482.84,482.38,483.32,1887,241,2130,2268,FALSE,1887,0,1773,483.32,482.38
01/01/2019,2019,1,2019_1,4,2018,2018/19,2018_4,482.06,481.7,482.35,1717,450,2130,2268,FALSE,1717,0,1613,482.35,481.7
01/02/2019,2019,2,2019_2,5,2018,2018/19,2018_5,481.48,481.25,481.69,1626,599,2130,2268,FALSE,1626,0,1527,481.69,481.25
01/03/2019,2019,3,2019_3,6,2018,2018/19,2018_6,480.97,480.64,481.23,1479,815,2130,2268,FALSE,1479,0,1389,481.23,480.64
01/04/2019,2019,4,2019_4,7,2018,2018/19,2018_7,480.44,480.27,480.6,1386,965,2130,2268,FALSE,1386,0,1302,480.6,480.27
01/05/2019,2019,5,2019_5,8,2018,2018/19,2018_8,480.07,479.88,480.25,1349,1109,2130,2268,FALSE,1349,0,1267,480.25,479.88
01/06/2019,2019,6,2019_6,9,2018,2018/19,2018_9,479.66,479.42,479.87,1179,899,2130,2268,FALSE,1179,0,1107,479.87,479.42
01/07/2019,2019,7,2019_7,10,2018,2018/19,2018_10,479.12,478.86,479.4,1081,585,2130,2268,FALSE,1081,0,1016,479.4,478.86
01/08/2019,2019,8,2019_8,11,2018,2018/19,2018_11,478.63,478.42,478.85,796,353,2130,2268,FALSE,796,0,748,478.85,478.42
01/09/2019,2019,9,2019_9,12,2018,2018/19,2018_12,478.18,477.99,478.4,722,222,2130,2268,FALSE,722,0,678,478.4,477.99
01/10/2019,2019,10,2019_10,1,2019,2019/20,2019_1,477.77,477.5,477.99,749,135,2130,2268,FALSE,749,0,704,477.99,477.5
01/11/2019,2019,11,2019_11,2,2019,2019/20,2019_2,477.28,477.11,477.49,816,172,2130,2268,FALSE,816,0,766,477.49,477.11
01/12/2019,2019,12,2019_12,3,2019,2019/20,2019_3,476.87,476.69,477.1,838,279,2130,2268,FALSE,838,0,787,477.1,476.69
01/01/2020,2020,1,2020_1,4,2019,2019/20,2019_4,476.71,476.61,476.89,799,481,2130,2268,FALSE,799,0,751,476.67,476.75
01/02/2020,2020,2,2020_2,5,2019,2019/20,2019_5,476.91,476.71,477.15,798,764,2130,2268,FALSE,798,0,750,476.74,477.14
01/03/2020,2020,3,2020_3,6,2019,2019/20,2019_6,477.36,477.16,477.83,918,2231,2130,2268,FALSE,918,0,862,477.16,477.83
01/04/2020,2020,4,2020_4,7,2019,2019/20,2019_7,478.64,477.9,479.38,971,3997,2130,2268,FALSE,971,0,912,477.9,479.38
01/05/2020,2020,5,2020_5,8,2019,2019/20,2019_8,480.24,479.45,480.89,1028,4012,2130,2268,FALSE,1028,0,966,479.45,480.89
01/06/2020,2020,6,2020_6,9,2019,2019/20,2019_9,481.16,480.93,481.3,1212,2269,2130,2268,FALSE,1212,0,1138,480.93,481.3
01/07/2020,2020,7,2020_7,10,2019,2019/20,2019_10,481.2,481.06,481.29,1216,1125,2130,2268,FALSE,1216,0,1142,481.29,481.06
01/08/2020,2020,8,2020_8,11,2019,2019/20,2019_11,480.79,480.5,481.05,1429,620,2130,2268,FALSE,1429,0,1342,481.05,480.5
01/09/2020,2020,9,2020_9,12,2019,2019/20,2019_12,480.15,479.85,480.48,1353,443,2130,2268,FALSE,1353,0,1271,480.48,479.85
01/10/2020,2020,10,2020_10,1,2020,2020/21,2020_1,479.49,479.13,479.82,1380,342,2130,2268,FALSE,1380,0,1296,479.82,479.13
01/11/2020,2020,11,2020_11,2,2020,2020/21,2020_2,478.71,478.31,479.11,1528,304,2130,2268,FALSE,1528,0,1435,479.11,478.31
01/12/2020,2020,12,2020_12,3,2020,2020/21,2020_3,478.27,478.18,478.38,1369,434,2130,2268,FALSE,1369,0,1286,478.27,478.38
01/01/2021,2021,1,2021_1,4,2020,2020/21,2020_4,478.74,478.38,479.27,1227,749,2130,2268,FALSE,1227,0,1152,478.38,479.27
01/02/2021,2021,2,2021_2,5,2020,2020/21,2020_5,479.81,479.31,480.39,1455,1603,2130,2268,FALSE,1455,0,1366,479.31,480.39
01/03/2021,2021,3,2021_3,6,2020,2020/21,2020_6,481.37,480.64,481.84,1770,3396,2130,2268,FALSE,1770,0,1662,480.64,481.84
01/04/2021,2021,4,2021_4,7,2020,2020/21,2020_7,482.11,481.85,482.33,1728,2995,2130,2268,FALSE,1728,0,1623,481.85,482.33
01/05/2021,2021,5,2021_5,8,2020,2020/21,2020_8,482.6,482.34,482.79,1572,2726,2130,2268,FALSE,1572,0,1476,482.34,482.79
01/06/2021,2021,6,2021_6,9,2020,2020/21,2020_9,482.79,482.7,482.83,1732,1848,2130,2268,FALSE,1732,0,1627,482.8,482.7
01/07/2021,2021,7,2021_7,10,2020,2020/21,2020_10,482.51,482.24,482.69,1614,1036,2130,2268,FALSE,1614,0,1516,482.69,482.24
01/08/2021,2021,8,2021_8,11,2020,2020/21,2020_11,481.89,481.57,482.22,1557,582,2130,2268,FALSE,1557,0,1462,482.22,481.57
01/09/2021,2021,9,2021_9,12,2020,2020/21,2020_12,481.23,480.93,481.55,1391,411,2130,2268,FALSE,1391,0,1306,481.55,480.93
01/10/2021,2021,10,2021_10,1,2021,2021/22,2021_1,480.49,480,480.91,1629,309,2130,2268,FALSE,1629,0,1530,480.91,480
01/11/2021,2021,11,2021_11,2,2021,2021/22,2021_2,479.51,479.03,479.97,1733,300,2130,2268,FALSE,1733,0,1628,479.97,479.03
01/12/2021,2021,12,2021_12,3,2021,2021/22,2021_3,478.6,478.39,479,1526,348,2130,2268,FALSE,1526,0,1434,479,478.39
01/01/2022,2022,1,2022_1,4,2021,2021/22,2021_4,478.47,478.23,478.77,1309,635,2130,2268,FALSE,1309,0,1230,478.35,478.77
01/02/2022,2022,2,2022_2,5,2021,2021/22,2021_5,478.8,478.69,478.85,1498,993,2130,2268,FALSE,1498,0,1407,478.79,478.69
01/03/2022,2022,3,2022_3,6,2021,2021/22,2021_6,478.63,478.52,478.81,1488,1527,2130,2268,FALSE,1488,0,1398,478.67,478.81
01/04/2022,2022,4,2022_4,7,2021,2021/22,2021_7,479.17,478.8,479.54,1199,2464,2130,2268,FALSE,1199,0,1126,478.8,479.54
01/05/2022,2022,5,2022_5,8,2021,2021/22,2021_8,479.88,479.55,480.15,1496,2903,2130,2268,FALSE,1496,0,1405,479.55,480.15
01/06/2022,2022,6,2022_6,9,2021,2021/22,2021_9,480.18,480.15,480.21,1682,2023,2130,2268,FALSE,1682,0,1580,480.15,480.15
01/07/2022,2022,7,2022_7,10,2021,2021/22,2021_10,479.96,479.7,480.15,1569,963,2130,2268,FALSE,1569,0,1473,480.15,479.7
01/08/2022,2022,8,2022_8,11,2021,2021/22,2021_11,479.32,478.9,479.67,1634,516,2130,2268,FALSE,1634,0,1535,479.67,478.9
01/09/2022,2022,9,2022_9,12,2021,2021/22,2021_12,478.46,477.97,478.87,1717,363,2130,2268,FALSE,1717,0,1612,478.87,477.97
01/10/2022,2022,10,2022_10,1,2022,2022/23,2022_1,477.42,476.9,477.93,1830,274,2130,2268,FALSE,1830,0,1719,477.93,476.9
01/11/2022,2022,11,2022_11,2,2022,2022/23,2022_2,476.45,476.01,476.85,1687,275,2130,2268,FALSE,1687,0,1585,476.85,476.01
01/12/2022,2022,12,2022_12,3,2022,2022/23,2022_3,475.77,475.6,475.99,1008,418,2130,2268,FALSE,1008,0,947,475.99,475.6
