year_month,year,month,water_year,water_month,flow,volume
1924_10,1924,10,1924,1,100,267.84
1924_11,1924,11,1924,2,124.1331274,321.7530662
1924_12,1924,12,1924,3,228.6022795,612.2883454
1925_1,1925,1,1924,4,530.7698438,1421.61395
1925_2,1925,2,1924,5,1167.436693,2824.262849
1925_3,1925,3,1924,6,1472.399003,3943.673489
1925_4,1925,4,1924,7,2954.739564,7658.684949
1925_5,1925,5,1924,8,2683.372987,7187.146209
1925_6,1925,6,1924,9,1536.882554,3983.599581
1925_7,1925,7,1924,10,802.7099213,2149.978253
1925_8,1925,8,1924,11,359.501837,962.8897203
1925_9,1925,9,1924,12,227.0642752,588.5506014
1925_10,1925,10,1925,1,173.5479672,464.8308752
1925_11,1925,11,1925,2,164.6834154,426.8594126
1925_12,1925,12,1925,3,298.4867323,799.4668638
1926_1,1926,1,1925,4,487.9537262,1306.93526
1926_2,1926,2,1925,5,693.5278981,1677.782691
1926_3,1926,3,1925,6,1469.552352,3936.049021
1926_4,1926,4,1925,7,4174.981111,10821.55104
1926_5,1926,5,1925,8,3036.641066,8133.339432
1926_6,1926,6,1925,9,1610.769696,4175.115052
1926_7,1926,7,1925,10,810.0921492,2169.750812
1926_8,1926,8,1925,11,428.0530893,1146.497394
1926_9,1926,9,1925,12,280.4311876,726.8776382
1926_10,1926,10,1926,1,208.6472243,558.8407255
1926_11,1926,11,1926,2,204.0417055,528.8761007
1926_12,1926,12,1926,3,359.9481217,964.0850492
1927_1,1927,1,1926,4,625.498332,1675.334732
1927_2,1927,2,1926,5,1061.77273,2568.640588
1927_3,1927,3,1926,6,1592.042535,4264.126726
1927_4,1927,4,1926,7,2668.393342,6916.475543
1927_5,1927,5,1926,8,2399.530972,6426.903755
1927_6,1927,6,1926,9,1739.254958,4508.148852
1927_7,1927,7,1926,10,765.9716466,2051.578458
1927_8,1927,8,1926,11,397.0415099,1063.43598
1927_9,1927,9,1926,12,259.2155653,671.8867453
1927_10,1927,10,1927,1,186.8981988,500.5881357
1927_11,1927,11,1927,2,223.9781316,580.5513172
1927_12,1927,12,1927,3,320.9840446,859.7236651
1928_1,1928,1,1927,4,589.79929,1579.718418
1928_2,1928,2,1927,5,815.3821782,2043.021586
1928_3,1928,3,1927,6,1455.72421,3899.011723
1928_4,1928,4,1927,7,2164.992549,5611.660687
1928_5,1928,5,1927,8,2150.5423,5760.012497
1928_6,1928,6,1927,9,1407.976591,3649.475325
1928_7,1928,7,1927,10,613.9082365,1644.291821
1928_8,1928,8,1927,11,348.2147113,932.6582828
1928_9,1928,9,1927,12,254.0137076,658.4035302
1928_10,1928,10,1928,1,271.3255662,726.7183965
1928_11,1928,11,1928,2,246.6123215,639.2191374
1928_12,1928,12,1928,3,341.7465795,915.3340385
1929_1,1929,1,1928,4,484.9009615,1298.758735
1929_2,1929,2,1928,5,748.8553548,1811.630874
1929_3,1929,3,1928,6,904.1007903,2421.543557
1929_4,1929,4,1928,7,1281.974033,3322.876695
1929_5,1929,5,1928,8,1466.471645,3927.797653
1929_6,1929,6,1928,9,678.7463492,1759.310537
1929_7,1929,7,1928,10,400.3937466,1072.414611
1929_8,1929,8,1928,11,305.0838077,817.1364706
1929_9,1929,9,1928,12,242.8509776,629.4697339
1929_10,1929,10,1929,1,191.7907825,513.6924319
1929_11,1929,11,1929,2,213.3547256,553.0154488
1929_12,1929,12,1929,3,411.6432905,1102.545389
1930_1,1930,1,1929,4,596.8937679,1598.720268
1930_2,1930,2,1929,5,748.8276306,1811.563804
1930_3,1930,3,1929,6,926.829861,2482.4211
1930_4,1930,4,1929,7,1091.801498,2829.949484
1930_5,1930,5,1929,8,1552.362985,4157.849018
1930_6,1930,6,1929,9,1760.661417,4563.634393
1930_7,1930,7,1929,10,895.7807708,2399.259217
1930_8,1930,8,1929,11,493.7885934,1322.563368
1930_9,1930,9,1929,12,351.9828071,912.339436
1930_10,1930,10,1930,1,267.975766,717.7462917
1930_11,1930,11,1930,2,222.7792018,577.4436912
1930_12,1930,12,1930,3,320.6691209,858.8801735
1931_1,1931,1,1930,4,503.9630426,1349.814613
1931_2,1931,2,1930,5,681.610116,1648.951193
1931_3,1931,3,1930,6,930.193562,2491.430437
1931_4,1931,4,1930,7,2241.953438,5811.14331
1931_5,1931,5,1930,8,2968.727101,7951.438667
1931_6,1931,6,1930,9,1793.429621,4648.569578
1931_7,1931,7,1930,10,903.3836165,2419.622678
1931_8,1931,8,1930,11,505.368862,1353.57996
1931_9,1931,9,1930,12,346.5350437,898.2188333
1931_10,1931,10,1931,1,265.9542072,712.3317487
1931_11,1931,11,1931,2,290.7902889,753.7284289
1931_12,1931,12,1931,3,531.8497757,1424.506439
1932_1,1932,1,1931,4,791.0158903,2118.65696
1932_2,1932,2,1931,5,1068.76968,2677.909311
1932_3,1932,3,1931,6,2066.195737,5534.098661
1932_4,1932,4,1931,7,3339.068811,8654.866359
1932_5,1932,5,1931,8,2081.368718,5574.737975
1932_6,1932,6,1931,9,1299.368741,3367.963778
1932_7,1932,7,1931,10,698.7728518,1871.593206
1932_8,1932,8,1931,11,451.1134798,1208.262344
1932_9,1932,9,1931,12,335.4461737,869.4764823
1932_10,1932,10,1932,1,253.9205915,680.1009124
1932_11,1932,11,1932,2,201.2765621,521.708849
1932_12,1932,12,1932,3,309.3957727,828.6856376
1933_1,1933,1,1932,4,579.8664899,1553.114406
1933_2,1933,2,1932,5,809.4349941,1958.185138
1933_3,1933,3,1932,6,1081.450134,2896.556038
1933_4,1933,4,1932,7,1532.979602,3973.483128
1933_5,1933,5,1932,8,1260.369452,3375.773541
1933_6,1933,6,1932,9,664.8372397,1723.258125
1933_7,1933,7,1932,10,405.5850965,1086.319122
1933_8,1933,8,1932,11,293.4674606,786.0232466
1933_9,1933,9,1932,12,214.9048885,557.0334711
1933_10,1933,10,1933,1,175.6233107,470.3894753
1933_11,1933,11,1933,2,182.0818597,471.9561804
1933_12,1933,12,1933,3,340.85785,912.9536655
1934_1,1934,1,1933,4,637.8732239,1708.479643
1934_2,1934,2,1933,5,854.5396589,2067.302343
1934_3,1934,3,1933,6,2146.712291,5749.7542
1934_4,1934,4,1933,7,4623.92641,11985.21726
1934_5,1934,5,1933,8,2748.780329,7362.333233
1934_6,1934,6,1933,9,1604.645569,4159.241314
1934_7,1934,7,1933,10,762.2922551,2041.723576
1934_8,1934,8,1933,11,442.4557359,1185.073443
1934_9,1934,9,1933,12,311.2050546,806.6435016
1934_10,1934,10,1934,1,229.99911,616.0296162
1934_11,1934,11,1934,2,226.8663013,588.037453
1934_12,1934,12,1934,3,445.8125833,1194.064423
1935_1,1935,1,1934,4,658.375247,1763.392261
1935_2,1935,2,1934,5,971.1753253,2349.467347
1935_3,1935,3,1934,6,2103.687467,5634.516512
1935_4,1935,4,1934,7,2617.46981,6784.481749
1935_5,1935,5,1934,8,1863.369747,4990.849531
1935_6,1935,6,1934,9,1308.442017,3391.481707
1935_7,1935,7,1934,10,670.5520896,1796.006717
1935_8,1935,8,1934,11,425.7447623,1140.314771
1935_9,1935,9,1934,12,320.6781085,831.1976572
1935_10,1935,10,1935,1,256.1047081,685.9508501
1935_11,1935,11,1935,2,209.0051848,541.741439
1935_12,1935,12,1935,3,307.9808936,824.8960255
1936_1,1936,1,1935,4,518.9109726,1389.851149
1936_2,1936,2,1935,5,778.3708246,1950.285938
1936_3,1936,3,1935,6,1185.706,3175.79495
1936_4,1936,4,1935,7,2103.746445,5452.910787
1936_5,1936,5,1935,8,2269.628314,6078.972478
1936_6,1936,6,1935,9,1320.149923,3421.828601
1936_7,1936,7,1935,10,571.1364981,1529.731997
1936_8,1936,8,1935,11,375.6737359,1006.204534
1936_9,1936,9,1935,12,268.7861067,696.6935884
1936_10,1936,10,1936,1,215.7203843,577.7854774
1936_11,1936,11,1936,2,219.4974685,568.9374383
1936_12,1936,12,1936,3,322.3892689,863.4874179
1937_1,1937,1,1936,4,551.1463509,1476.190386
1937_2,1937,2,1936,5,1141.580716,2761.712069
1937_3,1937,3,1936,6,2823.452601,7562.335447
1937_4,1937,4,1936,7,3191.781214,8273.096907
1937_5,1937,5,1936,8,2433.994829,6519.211749
1937_6,1937,6,1936,9,1883.403156,4881.78098
1937_7,1937,7,1936,10,912.8869421,2445.076386
1937_8,1937,8,1936,11,516.1301768,1382.403066
1937_9,1937,9,1936,12,359.7209992,932.3968298
1937_10,1937,10,1937,1,273.9144401,733.6524365
1937_11,1937,11,1937,2,259.9803418,673.8690461
1937_12,1937,12,1937,3,394.2706752,1056.014576
1938_1,1938,1,1937,4,621.8144609,1665.467852
1938_2,1938,2,1937,5,857.8204893,2075.239328
1938_3,1938,3,1937,6,1147.723954,3074.063838
1938_4,1938,4,1937,7,2403.60852,6230.153283
1938_5,1938,5,1937,8,2042.15962,5469.720325
1938_6,1938,6,1937,9,1203.901467,3120.512603
1938_7,1938,7,1937,10,576.6592996,1544.524268
1938_8,1938,8,1937,11,394.7518724,1057.303415
1938_9,1938,9,1937,12,296.7983292,769.3012693
1938_10,1938,10,1938,1,243.9085514,653.2846641
1938_11,1938,11,1938,2,248.5820522,644.3246794
1938_12,1938,12,1938,3,408.7227684,1094.723063
1939_1,1939,1,1938,4,691.6652131,1852.556107
1939_2,1939,2,1938,5,1011.480229,2446.972969
1939_3,1939,3,1938,6,2211.932247,5924.439331
1939_4,1939,4,1938,7,2417.699323,6266.676646
1939_5,1939,5,1938,8,1675.318555,4487.173218
1939_6,1939,6,1938,9,918.2738937,2380.165933
1939_7,1939,7,1938,10,492.9372042,1320.283008
1939_8,1939,8,1938,11,369.9335686,990.8300702
1939_9,1939,9,1938,12,291.339735,755.1525931
1939_10,1939,10,1939,1,241.7744968,647.5688121
1939_11,1939,11,1939,2,280.9108515,728.1209272
1939_12,1939,12,1939,3,509.5141809,1364.682782
1940_1,1940,1,1939,4,803.8468089,2153.023293
1940_2,1940,2,1939,5,1100.660554,2757.815085
1940_3,1940,3,1939,6,1995.017658,5343.455295
1940_4,1940,4,1939,7,4567.825916,11839.80478
1940_5,1940,5,1939,8,3204.546841,8583.05826
1940_6,1940,6,1939,9,1842.029903,4774.54151
1940_7,1940,7,1939,10,975.4727549,2612.706227
1940_8,1940,8,1939,11,555.8194824,1488.706902
1940_9,1940,9,1939,12,372.6113169,965.8085333
1940_10,1940,10,1940,1,279.382802,748.2988968
1940_11,1940,11,1940,2,341.3681021,884.8261206
1940_12,1940,12,1940,3,397.7236409,1065.263
1941_1,1941,1,1940,4,616.6026106,1651.508432
1941_2,1941,2,1940,5,1105.401574,2674.187487
1941_3,1941,3,1940,6,1760.500599,4715.324805
1941_4,1941,4,1940,7,2915.603207,7557.243512
1941_5,1941,5,1940,8,2061.274885,5520.918651
1941_6,1941,6,1940,9,1176.652842,3049.884167
1941_7,1941,7,1940,10,586.3988779,1570.610755
1941_8,1941,8,1940,11,392.0777221,1050.140971
1941_9,1941,9,1940,12,295.7632602,766.6183705
1941_10,1941,10,1941,1,227.2437288,608.6496031
1941_11,1941,11,1941,2,226.6534896,587.4858452
1941_12,1941,12,1941,3,309.8126849,829.8022951
1942_1,1942,1,1941,4,482.7964698,1293.122065
1942_2,1942,2,1941,5,652.3686861,1578.210325
1942_3,1942,3,1941,6,941.3309486,2521.260813
1942_4,1942,4,1941,7,1495.626639,3876.664248
1942_5,1942,5,1941,8,1899.391374,5087.329857
1942_6,1942,6,1941,9,1004.986526,2604.925076
1942_7,1942,7,1941,10,469.4696446,1257.427496
1942_8,1942,8,1941,11,334.2768662,895.3271584
1942_9,1942,9,1941,12,247.5184625,641.5678549
1942_10,1942,10,1942,1,192.6771017,516.0663491
1942_11,1942,11,1942,2,221.9702927,575.3469987
1942_12,1942,12,1942,3,288.471596,772.6423228
1943_1,1943,1,1942,4,468.0019324,1253.496376
1943_2,1943,2,1942,5,621.9425341,1504.603378
1943_3,1943,3,1942,6,872.930084,2338.055937
1943_4,1943,4,1942,7,1498.391623,3883.831087
1943_5,1943,5,1942,8,1714.503703,4592.126718
1943_6,1943,6,1942,9,1354.87006,3511.823196
1943_7,1943,7,1942,10,651.3007737,1744.443992
1943_8,1943,8,1942,11,399.1980815,1069.212142
1943_9,1943,9,1942,12,286.5118088,742.6386085
1943_10,1943,10,1943,1,204.8905238,548.778779
1943_11,1943,11,1943,2,189.9000808,492.2210094
1943_12,1943,12,1943,3,330.579585,885.4243604
1944_1,1944,1,1943,4,660.137369,1768.111929
1944_2,1944,2,1943,5,1103.71268,2765.462491
1944_3,1944,3,1943,6,1921.780778,5147.297635
1944_4,1944,4,1943,7,2291.413605,5939.344064
1944_5,1944,5,1943,8,2239.695081,5998.799306
1944_6,1944,6,1943,9,1341.965246,3478.373918
1944_7,1944,7,1943,10,575.5061989,1541.435803
1944_8,1944,8,1943,11,361.0831817,967.1251937
1944_9,1944,9,1943,12,258.3743951,669.706432
1944_10,1944,10,1944,1,198.903444,532.7429845
1944_11,1944,11,1944,2,209.4131889,542.7989857
1944_12,1944,12,1944,3,367.5920578,984.5585677
1945_1,1945,1,1944,4,553.2180709,1481.739281
1945_2,1945,2,1944,5,819.7692089,1983.18567
1945_3,1945,3,1944,6,1701.837037,4558.20032
1945_4,1945,4,1944,7,3415.098272,8851.934722
1945_5,1945,5,1944,8,2309.805311,6186.582545
1945_6,1945,6,1944,9,1345.032377,3486.32392
1945_7,1945,7,1944,10,633.2980445,1696.225482
1945_8,1945,8,1944,11,413.8276033,1108.395853
1945_9,1945,9,1944,12,293.449063,760.6199713
1945_10,1945,10,1945,1,221.6387701,593.6372819
1945_11,1945,11,1945,2,220.4502808,571.4071279
1945_12,1945,12,1945,3,352.0661861,942.9740727
1946_1,1946,1,1945,4,640.3539122,1715.123918
1946_2,1946,2,1945,5,1031.559578,2495.548932
1946_3,1946,3,1945,6,1121.135269,3002.848706
1946_4,1946,4,1945,7,1367.033179,3543.350001
1946_5,1946,5,1945,8,1566.814354,4196.555566
1946_6,1946,6,1945,9,1181.98019,3063.692652
1946_7,1946,7,1945,10,546.7256804,1464.350062
1946_8,1946,8,1945,11,348.0310315,932.1663149
1946_9,1946,9,1945,12,253.3258359,656.6205665
1946_10,1946,10,1946,1,200.777175,537.7615855
1946_11,1946,11,1946,2,192.7979131,499.7321908
1946_12,1946,12,1946,3,325.6521622,872.2267513
1947_1,1947,1,1946,4,565.4837494,1514.591675
1947_2,1947,2,1946,5,793.7523959,1920.245796
1947_3,1947,3,1946,6,1426.278083,3820.143218
1947_4,1947,4,1946,7,3880.254768,10057.62036
1947_5,1947,5,1946,8,3596.108575,9631.817208
1947_6,1947,6,1946,9,2074.877149,5378.081569
1947_7,1947,7,1946,10,1091.283871,2922.89472
1947_8,1947,8,1946,11,578.5951176,1549.709163
1947_9,1947,9,1946,12,400.8787815,1039.077802
1947_10,1947,10,1947,1,307.058495,822.4254731
1947_11,1947,11,1947,2,286.4339506,742.4367999
1947_12,1947,12,1947,3,373.4298001,1000.194377
1948_1,1948,1,1947,4,640.9050161,1716.599995
1948_2,1948,2,1947,5,1017.361012,2549.099751
1948_3,1948,3,1947,6,4407.96879,11806.30361
1948_4,1948,4,1947,7,5303.505636,13746.68661
1948_5,1948,5,1947,8,3775.905411,10113.38505
1948_6,1948,6,1947,9,2185.508919,5664.839118
1948_7,1948,7,1947,10,1205.159197,3227.898393
1948_8,1948,8,1947,11,632.6207367,1694.411381
1948_9,1948,9,1947,12,416.1100685,1078.557297
1948_10,1948,10,1948,1,312.4394705,836.8378779
1948_11,1948,11,1948,2,358.4818257,929.1848922
1948_12,1948,12,1948,3,424.7678959,1137.698332
1949_1,1949,1,1948,4,466.0003074,1248.135223
1949_2,1949,2,1948,5,547.5068181,1324.528494
1949_3,1949,3,1948,6,719.6279868,1927.4516
1949_4,1949,4,1948,7,893.7273189,2316.541211
1949_5,1949,5,1948,8,909.6335019,2436.362372
1949_6,1949,6,1948,9,538.62213,1396.108561
1949_7,1949,7,1948,10,380.5247585,1019.197513
1949_8,1949,8,1948,11,302.7681487,810.9342094
1949_9,1949,9,1948,12,238.8411416,619.076239
1949_10,1949,10,1949,1,179.6675748,481.2216323
1949_11,1949,11,1949,2,170.478597,441.8805234
1949_12,1949,12,1949,3,275.4098416,737.6577197
1950_1,1950,1,1949,4,533.4867895,1428.891017
1950_2,1950,2,1949,5,1084.394293,2623.366674
1950_3,1950,3,1949,6,4306.525269,11534.59728
1950_4,1950,4,1949,7,3695.467929,9578.652873
1950_5,1950,5,1949,8,3060.1706,8196.360934
1950_6,1950,6,1949,9,1664.941279,4315.527796
1950_7,1950,7,1949,10,786.5099645,2106.588289
1950_8,1950,8,1949,11,463.75747,1242.128008
1950_9,1950,9,1949,12,318.0016642,824.2603135
1950_10,1950,10,1950,1,223.1843353,597.7769237
1950_11,1950,11,1950,2,209.2686926,542.4244511
1950_12,1950,12,1950,3,335.0423495,897.3774289
1951_1,1951,1,1950,4,579.7133689,1552.704287
1951_2,1951,2,1950,5,804.3578863,1945.902599
1951_3,1951,3,1950,6,2583.130659,6918.657156
1951_4,1951,4,1950,7,3354.68808,8695.351503
1951_5,1951,5,1950,8,2721.392236,7288.976966
1951_6,1951,6,1950,9,2012.456601,5216.287511
1951_7,1951,7,1950,10,1117.253111,2992.450732
1951_8,1951,8,1950,11,593.6197229,1589.951066
1951_9,1951,9,1950,12,407.5257427,1056.306725
1951_10,1951,10,1951,1,289.5982086,775.659842
1951_11,1951,11,1951,2,341.9763512,886.4027024
1951_12,1951,12,1951,3,502.509384,1345.921134
1952_1,1952,1,1951,4,1248.288158,3343.415002
1952_2,1952,2,1951,5,2779.325685,6963.878437
1952_3,1952,3,1951,6,5177.542519,13867.52988
1952_4,1952,4,1951,7,4130.587521,10706.48285
1952_5,1952,5,1951,8,2257.922724,6047.620225
1952_6,1952,6,1951,9,1174.119329,3043.317301
1952_7,1952,7,1951,10,631.6748548,1691.877931
1952_8,1952,8,1951,11,444.3785553,1190.223522
1952_9,1952,9,1951,12,336.2471714,871.5526682
1952_10,1952,10,1952,1,256.9363097,688.1782119
1952_11,1952,11,1952,2,296.8326663,769.3902711
1952_12,1952,12,1952,3,438.3358171,1174.038652
1953_1,1953,1,1952,4,590.8511715,1582.535778
1953_2,1953,2,1952,5,881.1558576,2131.692251
1953_3,1953,3,1952,6,2491.633648,6673.591562
1953_4,1953,4,1952,7,5063.317968,13124.12017
1953_5,1953,5,1952,8,3601.065098,9645.092759
1953_6,1953,6,1952,9,2234.083506,5790.744447
1953_7,1953,7,1952,10,1163.664107,3116.757945
1953_8,1953,8,1952,11,614.2566591,1645.225036
1953_9,1953,9,1952,12,409.0983268,1060.382863
1953_10,1953,10,1953,1,304.3968391,815.2964939
1953_11,1953,11,1953,2,293.210882,760.0026063
1953_12,1953,12,1953,3,467.9507392,1253.35926
1954_1,1954,1,1953,4,754.1068419,2019.799765
1954_2,1954,2,1953,5,1019.771304,2467.030738
1954_3,1954,3,1953,6,1592.789929,4266.128545
1954_4,1954,4,1953,7,3179.5616,8241.423667
1954_5,1954,5,1953,8,2718.833392,7282.123358
1954_6,1954,6,1953,9,1611.574516,4177.201144
1954_7,1954,7,1953,10,826.2546978,2213.040583
1954_8,1954,8,1953,11,506.0667022,1355.449055
1954_9,1954,9,1953,12,366.4046433,949.7208355
1954_10,1954,10,1954,1,259.2427327,694.3557353
1954_11,1954,11,1954,2,242.1168953,627.5669927
1954_12,1954,12,1954,3,395.4305108,1059.12108
1955_1,1955,1,1954,4,833.7324874,2233.069094
1955_2,1955,2,1954,5,1498.273229,3624.622595
1955_3,1955,3,1954,6,2621.790321,7022.203196
1955_4,1955,4,1954,7,3351.560697,8687.245326
1955_5,1955,5,1954,8,2618.101885,7012.324089
1955_6,1955,6,1954,9,1847.956489,4789.90322
1955_7,1955,7,1954,10,1040.423284,2786.669723
1955_8,1955,8,1954,11,572.9226613,1534.516056
1955_9,1955,9,1954,12,407.4241256,1056.043334
1955_10,1955,10,1955,1,298.3530548,799.1088219
1955_11,1955,11,1955,2,294.3063461,762.842049
1955_12,1955,12,1955,3,408.9019874,1095.203083
1956_1,1956,1,1955,4,626.3661506,1677.659098
1956_2,1956,2,1955,5,940.3171513,2356.058654
1956_3,1956,3,1955,6,3039.159653,8140.085214
1956_4,1956,4,1955,7,3680.903712,9540.902423
1956_5,1956,5,1955,8,5088.191014,13628.21081
1956_6,1956,6,1955,9,3628.201834,9404.299154
1956_7,1956,7,1955,10,1770.038683,4740.871608
1956_8,1956,8,1955,11,914.2088594,2448.617009
1956_9,1956,9,1955,12,544.3263424,1410.893879
1956_10,1956,10,1956,1,389.8281196,1044.115635
1956_11,1956,11,1956,2,363.7034117,942.7192432
1956_12,1956,12,1956,3,558.0120789,1494.579552
1957_1,1957,1,1956,4,682.3057718,1827.487779
1957_2,1957,2,1956,5,806.8907291,1952.030052
1957_3,1957,3,1956,6,5449.29434,14595.38996
1957_4,1957,4,1956,7,4547.794973,11787.88457
1957_5,1957,5,1956,8,2506.412424,6713.175037
1957_6,1957,6,1956,9,1432.830807,3713.897453
1957_7,1957,7,1956,10,800.5664989,2144.237311
1957_8,1957,8,1956,11,524.6760595,1405.292358
1957_9,1957,9,1956,12,383.3545883,993.6550928
1957_10,1957,10,1957,1,314.8363596,843.2577056
1957_11,1957,11,1957,2,341.6590894,885.5803596
1957_12,1957,12,1957,3,469.7871223,1258.277828
1958_1,1958,1,1957,4,1176.733332,3151.762556
1958_2,1958,2,1957,5,5483.887288,13266.62013
1958_3,1958,3,1957,6,8719.955254,23355.52815
1958_4,1958,4,1957,7,5271.767818,13664.42219
1958_5,1958,5,1957,8,2695.781567,7220.38135
1958_6,1958,6,1957,9,1494.690176,3874.236937
1958_7,1958,7,1957,10,849.9618361,2276.537782
1958_8,1958,8,1957,11,624.0550689,1671.469096
1958_9,1958,9,1957,12,494.6728541,1282.192038
1958_10,1958,10,1958,1,396.4452874,1061.839058
1958_11,1958,11,1958,2,414.4785557,1074.328416
1958_12,1958,12,1958,3,610.0146686,1633.863288
1959_1,1959,1,1958,4,928.9817433,2488.184701
1959_2,1959,2,1958,5,1005.941681,2433.574115
1959_3,1959,3,1958,6,1629.751511,4365.126446
1959_4,1959,4,1958,7,3719.190862,9640.142714
1959_5,1959,5,1958,8,2236.106134,5989.18667
1959_6,1959,6,1958,9,1379.516195,3575.705976
1959_7,1959,7,1958,10,705.453279,1889.486062
1959_8,1959,8,1958,11,469.9708476,1258.769918
1959_9,1959,9,1958,12,341.1785603,884.3348282
1959_10,1959,10,1959,1,242.6328075,649.8677117
1959_11,1959,11,1959,2,222.0745002,575.6171044
1959_12,1959,12,1959,3,346.9199159,929.1903027
1960_1,1960,1,1959,4,599.3511004,1605.301987
1960_2,1960,2,1959,5,805.4062767,2018.025967
1960_3,1960,3,1959,6,1488.052724,3985.600417
1960_4,1960,4,1959,7,4113.004167,10660.9068
1960_5,1960,5,1959,8,2779.502265,7444.618867
1960_6,1960,6,1959,9,1634.764427,4237.309396
1960_7,1960,7,1959,10,921.2216207,2467.399989
1960_8,1960,8,1959,11,516.1907034,1382.56518
1960_9,1960,9,1959,12,363.748996,942.8373975
1960_10,1960,10,1960,1,253.9104406,680.0737242
1960_11,1960,11,1960,2,252.2231983,653.7625299
1960_12,1960,12,1960,3,398.6892444,1067.849272
1961_1,1961,1,1960,4,556.9550295,1491.748351
1961_2,1961,2,1960,5,866.6172727,2096.520506
1961_3,1961,3,1960,6,1518.127268,4066.152075
1961_4,1961,4,1960,7,5158.829887,13371.68707
1961_5,1961,5,1960,8,4182.480242,11202.35508
1961_6,1961,6,1960,9,2252.623012,5838.798847
1961_7,1961,7,1960,10,1294.198475,3466.381195
1961_8,1961,8,1960,11,702.6919879,1882.09022
1961_9,1961,9,1960,12,457.0815399,1184.755351
1961_10,1961,10,1961,1,322.9210132,864.9116416
1961_11,1961,11,1961,2,312.7728599,810.7072529
1961_12,1961,12,1961,3,489.3772764,1310.748097
1962_1,1962,1,1961,4,755.4183806,2023.312591
1962_2,1962,2,1961,5,1512.497887,3659.034888
1962_3,1962,3,1961,6,3556.076774,9524.596031
1962_4,1962,4,1961,7,5015.394578,12999.90275
1962_5,1962,5,1961,8,4094.431766,10966.52604
1962_6,1962,6,1961,9,2366.137245,6133.02774
1962_7,1962,7,1961,10,1280.616863,3430.004205
1962_8,1962,8,1961,11,734.7452071,1967.941563
1962_9,1962,9,1961,12,507.9438707,1316.590513
1962_10,1962,10,1962,1,375.7036878,1006.284757
1962_11,1962,11,1962,2,333.6908573,864.9267021
1962_12,1962,12,1962,3,586.0166823,1569.587082
1963_1,1963,1,1962,4,1296.200512,3471.743452
1963_2,1963,2,1962,5,3126.037964,7562.511043
1963_3,1963,3,1962,6,5709.833498,15293.21804
1963_4,1963,4,1962,7,5894.171041,15277.69134
1963_5,1963,5,1962,8,3731.646644,9994.84237
1963_6,1963,6,1962,9,1975.76882,5121.19278
1963_7,1963,7,1962,10,1106.809937,2964.479736
1963_8,1963,8,1962,11,693.3748923,1857.135311
1963_9,1963,9,1962,12,513.0082138,1329.71729
1963_10,1963,10,1963,1,409.4836367,1096.760973
1963_11,1963,11,1963,2,440.4362953,1141.610877
1963_12,1963,12,1963,3,775.8592083,2078.061303
1964_1,1964,1,1963,4,1009.960059,2705.077023
1964_2,1964,2,1963,5,1251.54769,3135.877892
1964_3,1964,3,1963,6,1964.719689,5262.305215
1964_4,1964,4,1963,7,2279.991454,5909.737848
1964_5,1964,5,1963,8,2004.670876,5369.310474
1964_6,1964,6,1963,9,1181.62894,3062.782212
1964_7,1964,7,1963,10,644.3197001,1725.745885
1964_8,1964,8,1963,11,485.9801424,1301.649213
1964_9,1964,9,1963,12,385.251925,998.5729897
1964_10,1964,10,1964,1,303.9288715,814.0430894
1964_11,1964,11,1964,2,317.6879686,823.4472146
1964_12,1964,12,1964,3,461.5524608,1236.222111
1965_1,1965,1,1964,4,671.6386064,1798.916843
1965_2,1965,2,1964,5,970.0917814,2346.846038
1965_3,1965,3,1964,6,1834.796061,4914.317771
1965_4,1965,4,1964,7,2604.082795,6749.782605
1965_5,1965,5,1964,8,2105.72882,5639.984072
1965_6,1965,6,1964,9,1294.678887,3355.807675
1965_7,1965,7,1964,10,680.545879,1822.774082
1965_8,1965,8,1964,11,471.8732202,1263.865233
1965_9,1965,9,1964,12,370.0084631,959.0619363
1965_10,1965,10,1965,1,301.010088,806.2254197
1965_11,1965,11,1965,2,278.9346674,722.9986579
1965_12,1965,12,1965,3,418.5879094,1121.145857
1966_1,1966,1,1965,4,610.410286,1634.92291
1966_2,1966,2,1965,5,916.0714922,2216.160154
1966_3,1966,3,1965,6,1708.625861,4576.383506
1966_4,1966,4,1965,7,4427.275243,11475.49743
1966_5,1966,5,1965,8,2727.844684,7306.259201
1966_6,1966,6,1965,9,1652.803199,4284.065892
1966_7,1966,7,1965,10,884.6727723,2369.507553
1966_8,1966,8,1965,11,541.5741574,1450.552223
1966_9,1966,9,1965,12,417.3793701,1081.847327
1966_10,1966,10,1966,1,319.8288982,856.629721
1966_11,1966,11,1966,2,291.4966729,755.5593763
1966_12,1966,12,1966,3,369.9422332,990.8532773
1967_1,1967,1,1966,4,524.7456688,1405.478799
1967_2,1967,2,1966,5,769.3696436,1861.259042
1967_3,1967,3,1966,6,1051.637764,2816.706587
1967_4,1967,4,1966,7,2020.892651,5238.153751
1967_5,1967,5,1966,8,2832.969563,7587.825678
1967_6,1967,6,1966,9,1879.81937,4872.491808
1967_7,1967,7,1966,10,1118.972513,2997.055978
1967_8,1967,8,1966,11,567.1619556,1519.086582
1967_9,1967,9,1966,12,399.5465272,1035.624598
1967_10,1967,10,1967,1,295.8689706,792.4554507
1967_11,1967,11,1967,2,359.0957352,930.7761457
1967_12,1967,12,1967,3,547.7571124,1467.11265
1968_1,1968,1,1967,4,978.3236622,2620.342097
1968_2,1968,2,1967,5,4015.539716,10061.33631
1968_3,1968,3,1967,6,4202.062347,11254.80379
1968_4,1968,4,1967,7,4775.576299,12378.29377
1968_5,1968,5,1967,8,3186.718218,8535.306075
1968_6,1968,6,1967,9,1849.083243,4792.823767
1968_7,1968,7,1967,10,1038.048571,2780.309291
1968_8,1968,8,1967,11,659.0939411,1765.317212
1968_9,1968,9,1967,12,482.293331,1250.104314
1968_10,1968,10,1968,1,365.0784038,977.8259967
1968_11,1968,11,1968,2,329.6576655,854.472669
1968_12,1968,12,1968,3,545.9610724,1462.302136
1969_1,1969,1,1968,4,777.3846091,2082.146937
1969_2,1969,2,1968,5,1127.694455,2728.118425
1969_3,1969,3,1968,6,4986.692928,13356.35834
1969_4,1969,4,1968,7,7610.389404,19726.12933
1969_5,1969,5,1968,8,4826.893046,12928.35033
1969_6,1969,6,1968,9,2339.036118,6062.781618
1969_7,1969,7,1968,10,1323.901444,3545.937629
1969_8,1969,8,1968,11,829.2468333,2221.054718
1969_9,1969,9,1968,12,581.513601,1507.283254
1969_10,1969,10,1969,1,477.3753466,1278.602128
1969_11,1969,11,1969,2,541.4795264,1403.514933
1969_12,1969,12,1969,3,756.8413663,2027.123916
1970_1,1970,1,1969,4,1072.761446,2873.284258
1970_2,1970,2,1969,5,2018.429707,4882.985147
1970_3,1970,3,1969,6,4460.633911,11947.36187
1970_4,1970,4,1969,7,3953.034182,10246.2646
1970_5,1970,5,1969,8,2457.675273,6582.63745
1970_6,1970,6,1969,9,1398.574807,3625.1059
1970_7,1970,7,1969,10,813.6564095,2179.297327
1970_8,1970,8,1969,11,579.1485456,1551.191464
1970_9,1970,9,1969,12,452.6119556,1173.170189
1970_10,1970,10,1970,1,363.9069105,974.688269
1970_11,1970,11,1970,2,377.5442867,978.594791
1970_12,1970,12,1970,3,529.3289814,1417.754744
1971_1,1971,1,1970,4,822.6793954,2203.464493
1971_2,1971,2,1970,5,1145.528708,2771.263051
1971_3,1971,3,1970,6,2293.957176,6144.1349
1971_4,1971,4,1970,7,2829.998797,7335.356883
1971_5,1971,5,1970,8,1971.833574,5281.359043
1971_6,1971,6,1970,9,1346.649284,3490.514944
1971_7,1971,7,1970,10,790.4306744,2117.089518
1971_8,1971,8,1970,11,536.446487,1436.818271
1971_9,1971,9,1970,12,419.1436203,1086.420264
1971_10,1971,10,1971,1,333.5904244,893.4885927
1971_11,1971,11,1971,2,340.4329017,882.4020812
1971_12,1971,12,1971,3,447.0364913,1197.342538
1972_1,1972,1,1971,4,685.2702384,1835.427807
1972_2,1972,2,1971,5,903.3945431,2263.545367
1972_3,1972,3,1971,6,981.0975763,2627.771748
1972_4,1972,4,1971,7,1385.867254,3592.167923
1972_5,1972,5,1971,8,1812.478755,4854.543098
1972_6,1972,6,1971,9,1454.591429,3770.300984
1972_7,1972,7,1971,10,827.7680383,2217.093914
1972_8,1972,8,1971,11,511.5375314,1370.102124
1972_9,1972,9,1971,12,388.1576874,1006.104726
1972_10,1972,10,1972,1,312.1765339,836.1336283
1972_11,1972,11,1972,2,322.5528777,836.057059
1972_12,1972,12,1972,3,379.1225968,1015.441963
1973_1,1973,1,1972,4,526.4862341,1410.140729
1973_2,1973,2,1972,5,722.8772006,1748.784524
1973_3,1973,3,1972,6,895.6317424,2398.860059
1973_4,1973,4,1972,7,1159.905051,3006.473891
1973_5,1973,5,1972,8,1292.893864,3462.886925
1973_6,1973,6,1972,9,901.3333657,2336.256084
1973_7,1973,7,1972,10,500.8616469,1341.507835
1973_8,1973,8,1972,11,376.8259605,1009.290653
1973_9,1973,9,1972,12,288.4838996,747.7502677
1973_10,1973,10,1973,1,240.3824316,643.8403047
1973_11,1973,11,1973,2,267.4820239,693.313406
1973_12,1973,12,1973,3,424.9982373,1138.315279
1974_1,1974,1,1973,4,912.780463,2444.791192
1974_2,1974,2,1973,5,1298.524698,3141.390948
1974_3,1974,3,1973,6,2556.372507,6846.988122
1974_4,1974,4,1973,7,2289.940107,5935.524756
1974_5,1974,5,1973,8,2379.44468,6373.104631
1974_6,1974,6,1973,9,1726.68069,4475.556349
1974_7,1974,7,1973,10,819.2392104,2194.250301
1974_8,1974,8,1973,11,471.0852812,1261.754817
1974_9,1974,9,1973,12,354.8176189,919.6872682
1974_10,1974,10,1974,1,261.4948116,700.3877034
1974_11,1974,11,1974,2,272.641089,706.6857026
1974_12,1974,12,1974,3,459.030014,1229.465989
1975_1,1975,1,1974,4,786.3442184,2106.144355
1975_2,1975,2,1974,5,1861.619243,4503.629272
1975_3,1975,3,1974,6,3320.519914,8893.680537
1975_4,1975,4,1974,7,4990.613488,12935.67016
1975_5,1975,5,1974,8,3407.120423,9125.63134
1975_6,1975,6,1974,9,1909.420761,4949.218613
1975_7,1975,7,1974,10,1026.001636,2748.042782
1975_8,1975,8,1974,11,615.0309031,1647.298771
1975_9,1975,9,1974,12,405.9653801,1052.262265
1975_10,1975,10,1975,1,308.8416612,827.2015054
1975_11,1975,11,1975,2,263.9029653,684.0364861
1975_12,1975,12,1975,3,374.0190609,1001.772653
1976_1,1976,1,1975,4,579.8894056,1553.175784
1976_2,1976,2,1975,5,843.2626578,2112.878915
1976_3,1976,3,1975,6,2238.818174,5996.450597
1976_4,1976,4,1975,7,4841.933461,12550.29153
1976_5,1976,5,1975,8,4223.660548,11312.65241
1976_6,1976,6,1975,9,2651.150486,6871.782061
1976_7,1976,7,1975,10,1428.197517,3825.28423
1976_8,1976,8,1975,11,735.0430638,1968.739342
1976_9,1976,9,1975,12,487.6479125,1263.983389
1976_10,1976,10,1976,1,416.7122166,1116.122001
1976_11,1976,11,1976,2,415.2290345,1076.273658
1976_12,1976,12,1976,3,467.9425175,1253.337239
1977_1,1977,1,1976,4,671.4599125,1798.43823
1977_2,1977,2,1976,5,952.72479,2304.831812
1977_3,1977,3,1976,6,1746.062088,4676.652696
1977_4,1977,4,1976,7,2445.117247,6337.743904
1977_5,1977,5,1976,8,2681.124859,7181.124824
1977_6,1977,6,1976,9,2068.823582,5362.390724
1977_7,1977,7,1976,10,1099.729061,2945.514316
1977_8,1977,8,1976,11,626.3282992,1677.557716
1977_9,1977,9,1976,12,456.4882852,1183.217635
1977_10,1977,10,1977,1,356.7589444,955.5431567
1977_11,1977,11,1977,2,308.7769566,800.3498715
1977_12,1977,12,1977,3,460.9058193,1234.490146
1978_1,1978,1,1977,4,913.639465,2447.091943
1978_2,1978,2,1977,5,1306.625916,3160.989416
1978_3,1978,3,1977,6,2387.365379,6394.319432
1978_4,1978,4,1977,7,5432.389296,14080.75306
1978_5,1978,5,1977,8,5297.263381,14188.19024
1978_6,1978,6,1977,9,3067.532502,7951.044246
1978_7,1978,7,1977,10,1627.280573,4358.508288
1978_8,1978,8,1977,11,897.09785,2402.786881
1978_9,1978,9,1977,12,609.7042656,1580.353456
1978_10,1978,10,1978,1,478.8135545,1282.454225
1978_11,1978,11,1978,2,519.8820317,1347.534226
1978_12,1978,12,1978,3,716.3896701,1918.778092
1979_1,1979,1,1978,4,912.554936,2444.187141
1979_2,1979,2,1978,5,1282.072813,3101.590549
1979_3,1979,3,1978,6,2203.583428,5902.077853
1979_4,1979,4,1978,7,4050.147718,10497.98288
1979_5,1979,5,1978,8,3818.942039,10228.65436
1979_6,1979,6,1978,9,1993.067736,5166.031571
1979_7,1979,7,1978,10,1064.541698,2851.268485
1979_8,1979,8,1978,11,659.8501182,1767.342556
1979_9,1979,9,1978,12,494.5831587,1281.959547
1979_10,1979,10,1979,1,375.3376507,1005.304364
1979_11,1979,11,1979,2,423.7267442,1098.299721
1979_12,1979,12,1979,3,680.6976807,1823.180668
1980_1,1980,1,1979,4,1036.089866,2775.063098
1980_2,1980,2,1979,5,2158.862453,5409.245762
1980_3,1980,3,1979,6,2367.715106,6341.68814
1980_4,1980,4,1979,7,2882.339687,7471.024469
1980_5,1980,5,1979,8,2532.28848,6782.481464
1980_6,1980,6,1979,9,1693.297478,4389.027062
1980_7,1980,7,1979,10,890.2028367,2384.319278
1980_8,1980,8,1979,11,579.1914623,1551.306413
1980_9,1980,9,1979,12,438.9080958,1137.649784
1980_10,1980,10,1980,1,338.153888,905.7113737
1980_11,1980,11,1980,2,369.4077003,957.5047592
1980_12,1980,12,1980,3,512.4231376,1372.474132
1981_1,1981,1,1980,4,722.3012265,1934.611605
1981_2,1981,2,1980,5,997.7495673,2413.755753
1981_3,1981,3,1980,6,1623.429925,4348.194711
1981_4,1981,4,1980,7,2905.190426,7530.253585
1981_5,1981,5,1980,8,3041.446747,8146.210967
1981_6,1981,6,1980,9,1831.169184,4746.390526
1981_7,1981,7,1980,10,904.9278664,2423.758797
1981_8,1981,8,1980,11,565.1818956,1513.783189
1981_9,1981,9,1980,12,420.4278848,1089.749077
1981_10,1981,10,1981,1,307.5455378,823.7299684
1981_11,1981,11,1981,2,281.8962473,730.6750729
1981_12,1981,12,1981,3,369.5295541,989.7479576
1982_1,1982,1,1981,4,483.3613432,1294.635022
1982_2,1982,2,1981,5,657.6447873,1590.974269
1982_3,1982,3,1981,6,817.8002023,2190.396062
1982_4,1982,4,1981,7,1200.98636,3112.956646
1982_5,1982,5,1981,8,1336.680916,3580.166166
1982_6,1982,6,1981,9,988.2195829,2561.465159
1982_7,1982,7,1981,10,572.2787505,1532.791405
1982_8,1982,8,1981,11,421.3442902,1128.528547
1982_9,1982,9,1981,12,329.317825,853.5918025
1982_10,1982,10,1982,1,279.4257739,748.4139929
1982_11,1982,11,1982,2,318.8301471,826.4077414
1982_12,1982,12,1982,3,516.8737329,1384.394606
1983_1,1983,1,1982,4,722.1480163,1934.201247
1983_2,1983,2,1982,5,881.8377787,2133.341954
1983_3,1983,3,1982,6,1041.112811,2788.516553
1983_4,1983,4,1982,7,1172.437618,3038.958305
1983_5,1983,5,1982,8,1129.355649,3024.866169
1983_6,1983,6,1982,9,777.4113295,2015.050166
1983_7,1983,7,1982,10,478.027037,1280.347616
1983_8,1983,8,1982,11,369.2932196,989.1149593
1983_9,1983,9,1982,12,292.2148795,757.4209678
1983_10,1983,10,1983,1,230.8491865,618.3064611
1983_11,1983,11,1983,2,261.1024367,676.777516
1983_12,1983,12,1983,3,368.199853,986.1864862
1984_1,1984,1,1983,4,547.0773518,1465.291979
1984_2,1984,2,1983,5,743.3947795,1862.649959
1984_3,1984,3,1983,6,1077.192266,2885.151765
1984_4,1984,4,1983,7,1760.535421,4563.307812
1984_5,1984,5,1983,8,1491.262211,3994.196707
1984_6,1984,6,1983,9,888.8662398,2303.941294
1984_7,1984,7,1983,10,450.3329393,1206.171745
1984_8,1984,8,1983,11,332.4098689,890.3265928
1984_9,1984,9,1983,12,259.6126279,672.9159316
1984_10,1984,10,1984,1,214.9361086,575.6848732
1984_11,1984,11,1984,2,245.8241942,637.1763115
1984_12,1984,12,1984,3,353.9668984,948.0649406
1985_1,1985,1,1984,4,535.7378172,1434.92017
1985_2,1985,2,1984,5,821.7774034,1988.043894
1985_3,1985,3,1984,6,995.1090386,2665.300049
1985_4,1985,4,1984,7,1488.582702,3858.406364
1985_5,1985,5,1984,8,1873.407065,5017.733482
1985_6,1985,6,1984,9,1411.816367,3659.428022
1985_7,1985,7,1984,10,655.9830777,1756.985075
1985_8,1985,8,1984,11,409.2542554,1096.146598
1985_9,1985,9,1984,12,299.6206185,776.6166431
1985_10,1985,10,1985,1,227.2911427,608.7765965
1985_11,1985,11,1985,2,219.8009146,569.7239707
1985_12,1985,12,1985,3,276.1879089,739.7416952
1986_1,1986,1,1985,4,425.9622573,1140.89731
1986_2,1986,2,1985,5,601.5591023,1455.29178
1986_3,1986,3,1985,6,868.3651697,2325.829271
1986_4,1986,4,1985,7,1514.641167,3925.949905
1986_5,1986,5,1985,8,2460.187687,6589.366702
1986_6,1986,6,1985,9,1439.691704,3731.680898
1986_7,1986,7,1985,10,664.9056603,1780.88332
1986_8,1986,8,1985,11,412.2948141,1104.29043
1986_9,1986,9,1985,12,311.2059202,806.6457451
1986_10,1986,10,1986,1,278.6531444,746.344582
1986_11,1986,11,1986,2,388.2522109,1006.349731
1986_12,1986,12,1986,3,589.5672767,1579.096994
1987_1,1987,1,1986,4,751.2467165,2012.139205
1987_2,1987,2,1986,5,900.337545,2178.096589
1987_3,1987,3,1986,6,1241.137089,3324.26158
1987_4,1987,4,1986,7,1957.992288,5075.11601
1987_5,1987,5,1986,8,1680.047529,4499.839301
1987_6,1987,6,1986,9,1089.86538,2824.931066
1987_7,1987,7,1986,10,558.9357046,1497.053391
1987_8,1987,8,1986,11,408.3430147,1093.705931
1987_9,1987,9,1986,12,312.1275404,809.0345847
1987_10,1987,10,1987,1,254.9637377,682.894875
1987_11,1987,11,1987,2,238.5681393,618.3686171
1987_12,1987,12,1987,3,351.9467447,942.6541611
1988_1,1988,1,1987,4,461.3935213,1235.796408
1988_2,1988,2,1987,5,713.4912696,1787.723725
1988_3,1988,3,1987,6,1113.490316,2982.372463
1988_4,1988,4,1987,7,1673.917411,4338.79393
1988_5,1988,5,1987,8,2131.173535,5708.135195
1988_6,1988,6,1987,9,1427.659255,3700.492789
1988_7,1988,7,1987,10,687.3604099,1841.026122
1988_8,1988,8,1987,11,419.5751781,1123.790157
1988_9,1988,9,1987,12,317.5504047,823.090649
1988_10,1988,10,1988,1,251.171267,672.7371216
1988_11,1988,11,1988,2,264.3807697,685.2749551
1988_12,1988,12,1988,3,395.1440159,1058.353732
1989_1,1989,1,1988,4,579.4234651,1551.927809
1989_2,1989,2,1988,5,938.5343031,2270.502186
1989_3,1989,3,1988,6,2571.866849,6888.488168
1989_4,1989,4,1988,7,3107.02226,8053.401699
1989_5,1989,5,1988,8,3471.032106,9296.812394
1989_6,1989,6,1988,9,2341.18736,6068.357637
1989_7,1989,7,1988,10,1175.553625,3148.602828
1989_8,1989,8,1988,11,563.79975,1510.081251
1989_9,1989,9,1988,12,380.4116976,986.0271203
1989_10,1989,10,1989,1,292.9480742,784.632122
1989_11,1989,11,1989,2,264.6609654,686.0012223
1989_12,1989,12,1989,3,265.5010613,711.1180426
1990_1,1990,1,1989,4,466.7115755,1250.040284
1990_2,1990,2,1989,5,739.8316373,1789.800697
1990_3,1990,3,1989,6,856.915796,2295.163268
1990_4,1990,4,1989,7,990.8089093,2568.176693
1990_5,1990,5,1989,8,1014.198504,2716.429273
1990_6,1990,6,1989,9,996.8654148,2583.875155
1990_7,1990,7,1989,10,536.0641872,1435.794319
1990_8,1990,8,1989,11,365.0242606,977.6809795
1990_9,1990,9,1989,12,266.3477773,690.3734387
1990_10,1990,10,1990,1,226.0096239,605.3441766
1990_11,1990,11,1990,2,210.8770973,546.5934361
1990_12,1990,12,1990,3,284.5587928,762.1622706
1991_1,1991,1,1990,4,479.7471933,1284.954883
1991_2,1991,2,1990,5,793.2030185,1918.916742
1991_3,1991,3,1990,6,1802.280586,4827.228321
1991_4,1991,4,1990,7,2029.28127,5259.897052
1991_5,1991,5,1990,8,1713.858934,4590.399769
1991_6,1991,6,1990,9,1053.658169,2731.081973
1991_7,1991,7,1990,10,470.3201782,1259.705565
1991_8,1991,8,1990,11,333.3468776,892.8362769
1991_9,1991,9,1990,12,255.208337,661.5000096
1991_10,1991,10,1991,1,199.6043863,534.6203881
1991_11,1991,11,1991,2,243.9792409,632.3941924
1991_12,1991,12,1991,3,404.5050516,1083.42633
1992_1,1992,1,1991,4,564.3879981,1511.656814
1992_2,1992,2,1991,5,699.6828672,1753.125392
1992_3,1992,3,1991,6,865.2896376,2317.591765
1992_4,1992,4,1991,7,940.2721409,2437.185389
1992_5,1992,5,1991,8,896.4327497,2401.005477
1992_6,1992,6,1991,9,618.5812635,1603.362635
1992_7,1992,7,1991,10,389.6652356,1043.679367
1992_8,1992,8,1991,11,293.5884486,786.3473008
1992_9,1992,9,1991,12,223.6568809,579.7186354
1992_10,1992,10,1992,1,165.6345553,443.6355928
1992_11,1992,11,1992,2,189.52504,491.2489037
1992_12,1992,12,1992,3,258.0839727,691.2521124
1993_1,1993,1,1992,4,402.586503,1078.28769
1993_2,1993,2,1992,5,634.910151,1535.974637
1993_3,1993,3,1992,6,1050.200735,2812.857649
1993_4,1993,4,1992,7,2151.237004,5576.006315
1993_5,1993,5,1992,8,2953.558659,7910.811511
1993_6,1993,6,1992,9,1627.780372,4219.206723
1993_7,1993,7,1992,10,694.3974943,1859.874249
1993_8,1993,8,1992,11,369.5728036,989.8637972
1993_9,1993,9,1992,12,255.2675801,661.6535677
1993_10,1993,10,1993,1,196.2609882,525.6654309
1993_11,1993,11,1993,2,188.0258642,487.36304
1993_12,1993,12,1993,3,307.9434717,824.7957947
1994_1,1994,1,1993,4,466.732369,1250.095977
1994_2,1994,2,1993,5,791.2359062,1914.157904
1994_3,1994,3,1993,6,1298.105772,3476.846501
1994_4,1994,4,1993,7,1754.818,4548.488256
1994_5,1994,5,1993,8,1112.458341,2979.608421
1994_6,1994,6,1993,9,475.8756478,1233.469679
1994_7,1994,7,1993,10,319.2926336,855.1933898
1994_8,1994,8,1993,11,259.1885084,694.2105009
1994_9,1994,9,1993,12,197.5638021,512.085375
1994_10,1994,10,1994,1,148.7478864,398.4063388
1994_11,1994,11,1994,2,148.4319202,384.7355371
1994_12,1994,12,1994,3,205.6789923,550.890613
1995_1,1995,1,1994,4,319.1602533,854.8388225
1995_2,1995,2,1994,5,442.8518782,1071.347264
1995_3,1995,3,1994,6,665.1254095,1781.471897
1995_4,1995,4,1994,7,1195.632818,3099.080263
1995_5,1995,5,1994,8,1072.637576,2872.952483
1995_6,1995,6,1994,9,447.1639698,1159.04901
1995_7,1995,7,1994,10,281.4743365,753.9008628
1995_8,1995,8,1994,11,220.0490463,589.3793655
1995_9,1995,9,1994,12,160.9675666,417.2279326
1995_10,1995,10,1995,1,115.5460264,309.4784772
1995_11,1995,11,1995,2,120.1721677,311.4862588
1995_12,1995,12,1995,3,213.6797624,572.3198755
1996_1,1996,1,1995,4,340.3146579,911.4987798
1996_2,1996,2,1995,5,467.6762367,1171.809579
1996_3,1996,3,1995,6,602.3802236,1613.415191
1996_4,1996,4,1995,7,783.7499385,2031.479841
1996_5,1996,5,1995,8,870.8857868,2332.580491
1996_6,1996,6,1995,9,478.3167726,1239.797075
1996_7,1996,7,1995,10,295.9243885,792.6038823
1996_8,1996,8,1995,11,227.9118884,610.4392018
1996_9,1996,9,1995,12,166.4611077,431.4671911
1996_10,1996,10,1996,1,118.0933773,316.3013016
1996_11,1996,11,1996,2,118.4662633,307.0645546
1996_12,1996,12,1996,3,198.856449,532.6171129
1997_1,1997,1,1996,4,367.5107271,984.3407314
1997_2,1997,2,1996,5,666.6540898,1612.769574
1997_3,1997,3,1996,6,870.1377901,2330.577057
1997_4,1997,4,1996,7,1233.743797,3197.863921
1997_5,1997,5,1996,8,1454.721823,3896.326931
1997_6,1997,6,1996,9,1084.612229,2811.314898
1997_7,1997,7,1996,10,463.9802988,1242.724832
1997_8,1997,8,1996,11,289.6305147,775.7463707
1997_9,1997,9,1996,12,208.9993499,541.7263151
1997_10,1997,10,1997,1,167.3555931,448.2452205
1997_11,1997,11,1997,2,159.4626061,413.327075
1997_12,1997,12,1997,3,238.5484729,638.9282298
1998_1,1998,1,1997,4,519.6083643,1391.719043
1998_2,1998,2,1997,5,854.3154876,2066.760028
1998_3,1998,3,1997,6,2114.684101,5663.969897
1998_4,1998,4,1997,7,3183.920956,8252.723117
1998_5,1998,5,1997,8,2839.597817,7605.578794
1998_6,1998,6,1997,9,1700.962013,4408.893538
1998_7,1998,7,1997,10,730.9783256,1957.852347
1998_8,1998,8,1997,11,439.9717404,1178.420309
1998_9,1998,9,1997,12,304.1706665,788.4103676
1998_10,1998,10,1998,1,212.7981808,569.9586475
1998_11,1998,11,1998,2,181.2415738,469.7781593
1998_12,1998,12,1998,3,293.89911,787.1793763
1999_1,1999,1,1998,4,538.6029052,1442.594021
1999_2,1999,2,1998,5,851.1628408,2059.133144
1999_3,1999,3,1998,6,1855.599585,4970.037928
1999_4,1999,4,1998,7,2639.803561,6842.370831
1999_5,1999,5,1998,8,3028.852495,8112.478522
1999_6,1999,6,1998,9,1836.412998,4759.98249
1999_7,1999,7,1998,10,743.8141689,1992.23187
1999_8,1999,8,1998,11,422.8164308,1132.471528
1999_9,1999,9,1998,12,282.9100924,733.3029595
1999_10,1999,10,1999,1,203.3333043,544.6079221
1999_11,1999,11,1999,2,197.0168346,510.6676352
1999_12,1999,12,1999,3,275.295103,737.3504039
2000_1,2000,1,1999,4,460.3055669,1232.88243
2000_2,2000,2,1999,5,639.0483945,1601.199657
2000_3,2000,3,1999,6,971.9818023,2603.356059
2000_4,2000,4,1999,7,2651.542802,6872.798943
2000_5,2000,5,1999,8,2438.129032,6530.2848
2000_6,2000,6,1999,9,1521.066667,3942.6048
2000_7,2000,7,1999,10,643.89721,1724.614287
2000_8,2000,8,1999,11,370.6671875,992.794995
2000_9,2000,9,1999,12,261.8328278,678.6706896
2000_10,2000,10,2000,1,172.1354745,461.047655
2000_11,2000,11,2000,2,145.0634229,376.0043922
2000_12,2000,12,2000,3,276.2658391,739.9504234
2001_1,2001,1,2000,4,566.9498644,1518.518517
2001_2,2001,2,2000,5,916.9609181,2218.311853
2001_3,2001,3,2000,6,2309.172369,6184.887274
2001_4,2001,4,2000,7,3055.890135,7920.86723
2001_5,2001,5,2000,8,3291.252543,8815.290811
2001_6,2001,6,2000,9,2114.405512,5480.539088
2001_7,2001,7,2000,10,1012.679522,2712.360833
2001_8,2001,8,2000,11,509.0635704,1363.475867
2001_9,2001,9,2000,12,352.0254485,912.4499624
2001_10,2001,10,2001,1,239.9491869,642.6799021
2001_11,2001,11,2001,2,244.9342929,634.8696872
2001_12,2001,12,2001,3,423.1741905,1133.429752
2002_1,2002,1,2001,4,559.8294446,1499.447185
2002_2,2002,2,2001,5,713.3531191,1725.743866
2002_3,2002,3,2001,6,1062.330007,2845.34469
2002_4,2002,4,2001,7,1705.200252,4419.879053
2002_5,2002,5,2001,8,1937.639446,5189.773491
2002_6,2002,6,2001,9,1640.899866,4253.212454
2002_7,2002,7,2001,10,817.331213,2189.139921
2002_8,2002,8,2001,11,433.3800089,1160.765016
2002_9,2002,9,2001,12,297.3997645,770.8601896
2002_10,2002,10,2002,1,226.9883475,607.9655899
2002_11,2002,11,2002,2,202.4061728,524.6368
2002_12,2002,12,2002,3,281.8679773,754.9551905
2003_1,2003,1,2002,4,499.18733,1337.023345
2003_2,2003,2,2002,5,828.1061548,2003.35441
2003_3,2003,3,2002,6,1294.928737,3468.337128
2003_4,2003,4,2002,7,2213.018611,5736.144239
2003_5,2003,5,2002,8,3427.303772,9179.690424
2003_6,2003,6,2002,9,2221.912115,5759.196203
2003_7,2003,7,2002,10,1100.301979,2947.04882
2003_8,2003,8,2002,11,523.030197,1400.88408
2003_9,2003,9,2002,12,338.8511432,878.3021632
2003_10,2003,10,2003,1,231.0420258,618.8229618
2003_11,2003,11,2003,2,208.4255774,540.2390967
2003_12,2003,12,2003,3,296.9972178,795.4773483
2004_1,2004,1,2003,4,555.8062797,1488.67154
2004_2,2004,2,2003,5,904.9588446,2267.464881
2004_3,2004,3,2003,6,2086.155854,5587.55984
2004_4,2004,4,2003,7,4050.456326,10498.7828
2004_5,2004,5,2003,8,3533.815113,9464.970399
2004_6,2004,6,2003,9,2237.795241,5800.365265
2004_7,2004,7,2003,10,1087.394231,2912.476709
2004_8,2004,8,2003,11,524.6506587,1405.224324
2004_9,2004,9,2003,12,344.9368673,894.07636
2004_10,2004,10,2004,1,242.4059866,649.2601945
2004_11,2004,11,2004,2,216.1752223,560.3261762
2004_12,2004,12,2004,3,333.8646053,894.2229588
2005_1,2005,1,2004,4,500.3942893,1340.256064
2005_2,2005,2,2004,5,772.9155839,1869.837381
2005_3,2005,3,2004,6,1139.533295,3052.125977
2005_4,2005,4,2004,7,1378.253251,3572.432426
2005_5,2005,5,2004,8,1383.757718,3706.256672
2005_6,2005,6,2004,9,1134.906773,2941.678356
2005_7,2005,7,2004,10,561.6385593,1504.292717
2005_8,2005,8,2004,11,372.8872824,998.7412972
2005_9,2005,9,2004,12,276.3370194,716.2655544
2005_10,2005,10,2005,1,178.1993357,477.2891006
2005_11,2005,11,2005,2,164.8787674,427.3657652
2005_12,2005,12,2005,3,307.5580693,823.7635328
2006_1,2006,1,2005,4,561.709561,1504.482888
2006_2,2006,2,2005,5,917.1263895,2218.712162
2006_3,2006,3,2005,6,1321.982201,3540.797126
2006_4,2006,4,2005,7,2368.951459,6140.322181
2006_5,2006,5,2005,8,2484.154478,6653.559353
2006_6,2006,6,2005,9,1905.382893,4938.752459
2006_7,2006,7,2005,10,910.4594341,2438.574548
2006_8,2006,8,2005,11,451.4722419,1209.223253
2006_9,2006,9,2005,12,296.4591614,768.4221465
2006_10,2006,10,2006,1,228.3314237,611.5628852
2006_11,2006,11,2006,2,247.6239764,641.8413469
2006_12,2006,12,2006,3,393.7307374,1054.568407
2007_1,2007,1,2006,4,698.8023564,1871.672231
2007_2,2007,2,2006,5,1986.487525,4805.71062
2007_3,2007,3,2006,6,4285.764533,11478.99173
2007_4,2007,4,2006,7,3364.35726,8720.414017
2007_5,2007,5,2006,8,2767.997387,7413.804203
2007_6,2007,6,2006,9,1837.540361,4762.904615
2007_7,2007,7,2006,10,951.3827014,2548.183428
2007_8,2007,8,2006,11,551.4213737,1476.927007
2007_9,2007,9,2006,12,386.24676,1001.151602
2007_10,2007,10,2007,1,290.9268631,779.2185101
2007_11,2007,11,2007,2,273.9550816,710.0915715
2007_12,2007,12,2007,3,416.4170677,1115.331474
2008_1,2008,1,2007,4,944.9575739,2530.974366
2008_2,2008,2,2007,5,1944.696351,4872.631177
2008_3,2008,3,2007,6,2997.778643,8029.250318
2008_4,2008,4,2007,7,2918.841318,7565.636696
2008_5,2008,5,2007,8,2646.740622,7089.030081
2008_6,2008,6,2007,9,1761.615115,4566.106377
2008_7,2008,7,2007,10,854.5458128,2288.815505
2008_8,2008,8,2007,11,464.2867854,1243.545726
2008_9,2008,9,2007,12,332.2804564,861.2709429
2008_10,2008,10,2008,1,225.8305897,604.8646515
2008_11,2008,11,2008,2,227.0434079,588.4965133
2008_12,2008,12,2008,3,462.8859617,1239.79376
2009_1,2009,1,2008,4,811.4417776,2173.365657
2009_2,2009,2,2008,5,1327.844002,3212.320209
2009_3,2009,3,2008,6,3358.145896,8994.457968
2009_4,2009,4,2008,7,5069.676038,13140.60029
2009_5,2009,5,2008,8,3105.396458,8317.493872
2009_6,2009,6,2008,9,1871.196736,4850.141941
2009_7,2009,7,2008,10,940.4401574,2518.874918
2009_8,2009,8,2008,11,511.7105459,1370.565526
2009_9,2009,9,2008,12,342.0985385,886.7194119
2009_10,2009,10,2009,1,250.6640971,671.3787177
2009_11,2009,11,2009,2,257.6427681,667.810055
2009_12,2009,12,2009,3,443.147635,1186.926625
2010_1,2010,1,2009,4,726.9295036,1947.007982
2010_2,2010,2,2009,5,1229.132763,2973.517981
2010_3,2010,3,2009,6,3402.116223,9112.228092
2010_4,2010,4,2009,7,4490.93699,11640.50868
2010_5,2010,5,2009,8,4420.558319,11840.0234
2010_6,2010,6,2009,9,2607.024381,6757.407197
2010_7,2010,7,2009,10,1416.396674,3793.676852
2010_8,2010,8,2009,11,728.2211887,1950.467632
2010_9,2010,9,2009,12,453.7729109,1176.179385
2010_10,2010,10,2010,1,300.3902924,804.5653593
2010_11,2010,11,2010,2,250.8283458,650.1470722
2010_12,2010,12,2010,3,392.6854187,1051.768626
2011_1,2011,1,2010,4,902.1054265,2416.199174
2011_2,2011,2,2010,5,2160.357028,5226.335722
2011_3,2011,3,2010,6,3595.491803,9630.165244
2011_4,2011,4,2010,7,4018.040926,10414.76208
2011_5,2011,5,2010,8,3961.10981,10609.43651
2011_6,2011,6,2010,9,2449.743599,6349.73541
2011_7,2011,7,2010,10,1231.112777,3297.412462
2011_8,2011,8,2010,11,659.8663611,1767.386062
2011_9,2011,9,2010,12,442.6721007,1147.406085
2011_10,2011,10,2011,1,323.1752148,865.5924953
2011_11,2011,11,2011,2,285.4302406,739.8351836
2011_12,2011,12,2011,3,465.9063388,1247.883538
2012_1,2012,1,2011,4,771.9573986,2067.610697
2012_2,2012,2,2011,5,1326.77602,3324.369995
2012_3,2012,3,2011,6,2077.308399,5563.862817
2012_4,2012,4,2011,7,2799.462482,7256.206754
2012_5,2012,5,2011,8,3136.129623,8399.809581
2012_6,2012,6,2011,9,1924.246345,4987.646526
2012_7,2012,7,2011,10,874.8814753,2343.282544
2012_8,2012,8,2011,11,506.8403748,1357.52126
2012_9,2012,9,2011,12,357.0573608,925.4926793
2012_10,2012,10,2012,1,266.552869,713.9352043
2012_11,2012,11,2012,2,271.0583694,702.5832934
2012_12,2012,12,2012,3,432.6157445,1158.71801
2013_1,2013,1,2012,4,919.6049698,2463.069951
2013_2,2013,2,2012,5,2413.786606,5839.432557
2013_3,2013,3,2012,6,3415.105419,9147.018355
2013_4,2013,4,2012,7,3000.80798,7778.094283
2013_5,2013,5,2012,8,2654.337364,7109.377197
2013_6,2013,6,2012,9,1457.709684,3778.383501
2013_7,2013,7,2012,10,694.3974732,1859.874192
2013_8,2013,8,2012,11,431.6802614,1156.212412
2013_9,2013,9,2012,12,316.5633649,820.5322418
2013_10,2013,10,2013,1,234.9458302,629.2789117
2013_11,2013,11,2013,2,226.6816317,587.5587894
2013_12,2013,12,2013,3,423.3334781,1133.856388
2014_1,2014,1,2013,4,837.7492493,2243.827589
2014_2,2014,2,2013,5,1182.164169,2859.891558
2014_3,2014,3,2013,6,1980.489634,5304.543436
2014_4,2014,4,2013,7,3160.47935,8191.962476
2014_5,2014,5,2013,8,3255.694659,8720.052574
2014_6,2014,6,2013,9,2497.261247,6472.901151
2014_7,2014,7,2013,10,1381.111514,3699.169078
2014_8,2014,8,2013,11,661.2589356,1771.115933
2014_9,2014,9,2013,12,414.0724814,1073.275872
2014_10,2014,10,2014,1,292.1782705,782.5702796
2014_11,2014,11,2014,2,263.5915747,683.2293616
2014_12,2014,12,2014,3,364.6138247,976.581668
2015_1,2015,1,2014,4,580.7540828,1555.491735
2015_2,2015,2,2014,5,846.7147289,2048.372272
2015_3,2015,3,2014,6,1145.561441,3068.271763
2015_4,2015,4,2014,7,1397.041911,3621.132632
2015_5,2015,5,2014,8,1466.74854,3928.539289
2015_6,2015,6,2014,9,1363.178354,3533.358293
2015_7,2015,7,2014,10,710.0633447,1901.833662
2015_8,2015,8,2014,11,417.7885827,1119.00494
2015_9,2015,9,2014,12,285.5180525,740.062792
2015_10,2015,10,2015,1,212.7500161,569.8296432
2015_11,2015,11,2015,2,184.2926236,477.6864805
2015_12,2015,12,2015,3,272.1380335,728.8945089
2016_1,2016,1,2015,4,467.5788982,1252.363321
2016_2,2016,2,2015,5,735.3343372,1842.453715
2016_3,2016,3,2015,6,1879.710618,5034.616918
2016_4,2016,4,2015,7,2772.397781,7186.055047
2016_5,2016,5,2015,8,2711.124323,7261.475387
2016_6,2016,6,2015,9,1736.184344,4500.18982
2016_7,2016,7,2015,10,735.310091,1969.454548
2016_8,2016,8,2015,11,415.10839,1111.826312
2016_9,2016,9,2015,12,288.2793072,747.2199643
2016_10,2016,10,2016,1,205.0470273,549.1979579
2016_11,2016,11,2016,2,166.5564784,431.7143921
2016_12,2016,12,2016,3,296.2538309,793.4862607
2017_1,2017,1,2016,4,709.963879,1901.567253
2017_2,2017,2,2016,5,1197.404453,2896.760852
2017_3,2017,3,2016,6,1738.723086,4656.995912
2017_4,2017,4,2016,7,3474.737959,9006.520789
2017_5,2017,5,2016,8,2574.912754,6896.646319
2017_6,2017,6,2016,9,1557.495095,4037.027287
2017_7,2017,7,2016,10,702.4903015,1881.550024
2017_8,2017,8,2016,11,398.5719972,1067.535237
2017_9,2017,9,2016,12,267.7595248,694.0326884
2017_10,2017,10,2017,1,188.0901747,503.7807238
2017_11,2017,11,2017,2,191.3909909,496.0854484
2017_12,2017,12,2017,3,323.1094528,865.4163584
2018_1,2018,1,2017,4,659.1122152,1765.366157
2018_2,2018,2,2017,5,1352.641357,3272.30997
2018_3,2018,3,2017,6,2921.458928,7824.835594
2018_4,2018,4,2017,7,3716.297295,9632.642589
2018_5,2018,5,2017,8,4413.994992,11822.44419
2018_6,2018,6,2017,9,2928.616039,7590.972774
2018_7,2018,7,2017,10,1453.552711,3893.195582
2018_8,2018,8,2017,11,688.9741342,1845.348321
2018_9,2018,9,2017,12,417.7948277,1082.924194
2018_10,2018,10,2018,1,254.1033576,680.590433
2018_11,2018,11,2018,2,188.6140793,488.8876935
2018_12,2018,12,2018,3,241.2922826,646.2772497
2019_1,2019,1,2018,4,449.6288098,1204.285804
2019_2,2019,2,2018,5,599.1764238,1449.527605
2019_3,2019,3,2018,6,814.7338826,2182.183231
2019_4,2019,4,2018,7,965.001762,2501.284567
2019_5,2019,5,2018,8,1109.182019,2970.83312
2019_6,2019,6,2018,9,899.1207937,2330.521097
2019_7,2019,7,2018,10,584.8490401,1566.459669
2019_8,2019,8,2018,11,352.5932837,944.385851
2019_9,2019,9,2018,12,222.1800262,575.8906278
2019_10,2019,10,2019,1,135.3638299,362.5584819
2019_11,2019,11,2019,2,171.518026,444.5747234
2019_12,2019,12,2019,3,279.3273634,748.1504102
2020_1,2020,1,2019,4,481.1221248,1288.637499
2020_2,2020,2,2019,5,763.888304,1913.998535
2020_3,2020,3,2019,6,2230.7116,5974.73795
2020_4,2020,4,2019,7,3997.310755,10361.02948
2020_5,2020,5,2019,8,4011.911513,10745.5038
2020_6,2020,6,2019,9,2269.270408,5881.948897
2020_7,2020,7,2019,10,1125.227241,3013.808641
2020_8,2020,8,2019,11,620.1145017,1660.914681
2020_9,2020,9,2019,12,443.2968252,1149.025371
2020_10,2020,10,2020,1,341.5189502,914.7243563
2020_11,2020,11,2020,2,304.0283376,788.041451
2020_12,2020,12,2020,3,434.0416882,1162.537258
2021_1,2021,1,2020,4,749.1922614,2006.636553
2021_2,2021,2,2020,5,1603.235259,3878.546739
2021_3,2021,3,2020,6,3395.65227,9094.915039
2021_4,2021,4,2020,7,2994.513752,7761.779645
2021_5,2021,5,2020,8,2726.228861,7301.931381
2021_6,2021,6,2020,9,1847.96239,4789.918514
2021_7,2021,7,2020,10,1035.649103,2773.882558
2021_8,2021,8,2020,11,582.2022186,1559.370422
2021_9,2021,9,2020,12,410.5857467,1064.238255
2021_10,2021,10,2021,1,308.974203,827.5565054
2021_11,2021,11,2021,2,299.7845297,777.0415011
2021_12,2021,12,2021,3,347.7052164,931.2936515
2022_1,2022,1,2021,4,635.1894506,1701.291425
2022_2,2022,2,2021,5,992.666974,2401.459943
2022_3,2022,3,2021,6,1526.64178,4088.957344
2022_4,2022,4,2021,7,2463.735659,6386.002827
2022_5,2022,5,2021,8,2902.690761,7774.566935
2022_6,2022,6,2021,9,2023.3182,5244.440774
2022_7,2022,7,2021,10,963.3211832,2580.159457
2022_8,2022,8,2021,11,516.1728716,1382.517419
2022_9,2022,9,2021,12,362.5122686,939.6318002
2022_10,2022,10,2022,1,273.6774194,733.0176
2022_11,2022,11,2022,2,275.4666667,714.0096
2022_12,2022,12,2022,3,418.2580645,1120.2624
2023_1,2023,1,2022,4,606.0384615,1361.4048
