date,hour,price,volume,dt,datetime,dayOfWeek,month,value,category
2017-05-01,0,21.92,82,1493589600000,2017-05-01T00:00:00.000+02:00,1,5,1.7974400000000001,off
2017-05-01,1,20.09,79,1493593200000,2017-05-01T01:00:00.000+02:00,1,5,1.5871099999999998,off
2017-05-01,2,20.08,79,1493596800000,2017-05-01T02:00:00.000+02:00,1,5,1.58632,off
2017-05-01,3,20.09,88,1493600400000,2017-05-01T03:00:00.000+02:00,1,5,1.7679200000000002,off
2017-05-01,4,21.9,93,1493604000000,2017-05-01T04:00:00.000+02:00,1,5,2.0366999999999997,off
2017-05-01,5,17.98,92,1493607600000,2017-05-01T05:00:00.000+02:00,1,5,1.65416,off
2017-05-01,6,17.96,87,1493611200000,2017-05-01T06:00:00.000+02:00,1,5,1.56252,morning
2017-05-01,7,24.96,96,1493614800000,2017-05-01T07:00:00.000+02:00,1,5,2.39616,morning
2017-05-01,8,24.99,122,1493618400000,2017-05-01T08:00:00.000+02:00,1,5,3.04878,morning
2017-05-01,9,24.99,130,1493622000000,2017-05-01T09:00:00.000+02:00,1,5,3.2487,standard
2017-05-01,10,35.02,127.1,1493625600000,2017-05-01T10:00:00.000+02:00,1,5,4.451042,standard
2017-05-01,11,30.1,125,1493629200000,2017-05-01T11:00:00.000+02:00,1,5,3.7625,standard
2017-05-01,12,24.95,65,1493632800000,2017-05-01T12:00:00.000+02:00,1,5,1.62175,standard
2017-05-01,13,24.95,70,1493636400000,2017-05-01T13:00:00.000+02:00,1,5,1.7465,standard
2017-05-01,14,24.95,70,1493640000000,2017-05-01T14:00:00.000+02:00,1,5,1.7465,standard
2017-05-01,15,24.94,60,1493643600000,2017-05-01T15:00:00.000+02:00,1,5,1.4964000000000002,standard
2017-05-01,16,24.95,55,1493647200000,2017-05-01T16:00:00.000+02:00,1,5,1.37225,standard
2017-05-01,17,24.97,75,1493650800000,2017-05-01T17:00:00.000+02:00,1,5,1.87275,standard
2017-05-01,18,65.01,118.8,1493654400000,2017-05-01T18:00:00.000+02:00,1,5,7.723188,evening
2017-05-01,19,65.05,115,1493658000000,2017-05-01T19:00:00.000+02:00,1,5,7.48075,evening
2017-05-01,20,32.52,124,1493661600000,2017-05-01T20:00:00.000+02:00,1,5,4.0324800000000005,standard
2017-05-01,21,30.44,66,1493665200000,2017-05-01T21:00:00.000+02:00,1,5,2.00904,standard
2017-05-01,22,23.72,82,1493668800000,2017-05-01T22:00:00.000+02:00,1,5,1.9450399999999999,off
2017-05-01,23,21.91,88.3,1493672400000,2017-05-01T23:00:00.000+02:00,1,5,1.934653,off
2017-05-02,0,26.92,58.9,1493676000000,2017-05-02T00:00:00.000+02:00,2,5,1.585588,off
2017-05-02,1,26.91,57.6,1493679600000,2017-05-02T01:00:00.000+02:00,2,5,1.550016,off
2017-05-02,2,26.91,56.8,1493683200000,2017-05-02T02:00:00.000+02:00,2,5,1.5284879999999998,off
2017-05-02,3,26.92,63.4,1493686800000,2017-05-02T03:00:00.000+02:00,2,5,1.706728,off
2017-05-02,4,26.93,63.5,1493690400000,2017-05-02T04:00:00.000+02:00,2,5,1.710055,off
2017-05-02,5,30.04,75.5,1493694000000,2017-05-02T05:00:00.000+02:00,2,5,2.26802,off
2017-05-02,6,70.43,115,1493697600000,2017-05-02T06:00:00.000+02:00,2,5,8.099450000000001,morning
2017-05-02,7,75.02,94,1493701200000,2017-05-02T07:00:00.000+02:00,2,5,7.051879999999999,morning
2017-05-02,8,73,120,1493704800000,2017-05-02T08:00:00.000+02:00,2,5,8.76,morning
2017-05-02,9,75.01,116,1493708400000,2017-05-02T09:00:00.000+02:00,2,5,8.70116,standard
2017-05-02,10,68.06,83.6,1493712000000,2017-05-02T10:00:00.000+02:00,2,5,5.6898159999999995,standard
2017-05-02,11,68.06,83.5,1493715600000,2017-05-02T11:00:00.000+02:00,2,5,5.68301,standard
2017-05-02,12,68.06,84.5,1493719200000,2017-05-02T12:00:00.000+02:00,2,5,5.75107,standard
2017-05-02,13,69.5,112.6,1493722800000,2017-05-02T13:00:00.000+02:00,2,5,7.825699999999999,standard
2017-05-02,14,69.13,115.5,1493726400000,2017-05-02T14:00:00.000+02:00,2,5,7.984514999999999,standard
2017-05-02,15,59.81,105,1493730000000,2017-05-02T15:00:00.000+02:00,2,5,6.28005,standard
2017-05-02,16,60.8,110,1493733600000,2017-05-02T16:00:00.000+02:00,2,5,6.688,standard
2017-05-02,17,69.68,106.2,1493737200000,2017-05-02T17:00:00.000+02:00,2,5,7.400016000000001,standard
2017-05-02,18,95.07,48.1,1493740800000,2017-05-02T18:00:00.000+02:00,2,5,4.5728670000000005,evening
2017-05-02,19,95.09,40.2,1493744400000,2017-05-02T19:00:00.000+02:00,2,5,3.8226180000000003,evening
2017-05-02,20,72.08,45.5,1493748000000,2017-05-02T20:00:00.000+02:00,2,5,3.2796399999999997,standard
2017-05-02,21,55.09,50,1493751600000,2017-05-02T21:00:00.000+02:00,2,5,2.7545,standard
2017-05-02,22,28.34,56,1493755200000,2017-05-02T22:00:00.000+02:00,2,5,1.58704,off
2017-05-02,23,26.92,59.1,1493758800000,2017-05-02T23:00:00.000+02:00,2,5,1.5909720000000003,off
2017-05-03,0,24.01,56,1493762400000,2017-05-03T00:00:00.000+02:00,3,5,1.3445600000000002,off
2017-05-03,1,24.01,55,1493766000000,2017-05-03T01:00:00.000+02:00,3,5,1.3205500000000001,off
2017-05-03,2,24.01,55,1493769600000,2017-05-03T02:00:00.000+02:00,3,5,1.3205500000000001,off
2017-05-03,3,24.01,62,1493773200000,2017-05-03T03:00:00.000+02:00,3,5,1.48862,off
2017-05-03,4,24.02,62,1493776800000,2017-05-03T04:00:00.000+02:00,3,5,1.4892400000000001,off
2017-05-03,5,28.29,55,1493780400000,2017-05-03T05:00:00.000+02:00,3,5,1.55595,off
2017-05-03,6,66.08,38.3,1493784000000,2017-05-03T06:00:00.000+02:00,3,5,2.530864,morning
2017-05-03,7,74,0,1493787600000,2017-05-03T07:00:00.000+02:00,3,5,0,morning
2017-05-03,8,69.83,50,1493791200000,2017-05-03T08:00:00.000+02:00,3,5,3.4915,morning
2017-05-03,9,69.67,50,1493794800000,2017-05-03T09:00:00.000+02:00,3,5,3.4835,standard
2017-05-03,10,59.13,60,1493798400000,2017-05-03T10:00:00.000+02:00,3,5,3.5478,standard
2017-05-03,11,57.53,55,1493802000000,2017-05-03T11:00:00.000+02:00,3,5,3.1641500000000002,standard
2017-05-03,12,48.02,50,1493805600000,2017-05-03T12:00:00.000+02:00,3,5,2.401,standard
2017-05-03,13,37.22,30,1493809200000,2017-05-03T13:00:00.000+02:00,3,5,1.1165999999999998,standard
2017-05-03,14,37.22,30,1493812800000,2017-05-03T14:00:00.000+02:00,3,5,1.1165999999999998,standard
2017-05-03,15,40.08,45,1493816400000,2017-05-03T15:00:00.000+02:00,3,5,1.8035999999999999,standard
2017-05-03,16,48.02,50,1493820000000,2017-05-03T16:00:00.000+02:00,3,5,2.401,standard
2017-05-03,17,66.09,31.8,1493823600000,2017-05-03T17:00:00.000+02:00,3,5,2.101662,standard
2017-05-03,18,95.04,52.3,1493827200000,2017-05-03T18:00:00.000+02:00,3,5,4.970592,evening
2017-05-03,19,95.06,49.9,1493830800000,2017-05-03T19:00:00.000+02:00,3,5,4.743494,evening
2017-05-03,20,69.24,41.7,1493834400000,2017-05-03T20:00:00.000+02:00,3,5,2.887308,standard
2017-05-03,21,40.06,31,1493838000000,2017-05-03T21:00:00.000+02:00,3,5,1.2418600000000002,standard
2017-05-03,22,24.02,56,1493841600000,2017-05-03T22:00:00.000+02:00,3,5,1.3451199999999999,off
2017-05-03,23,24.01,56,1493845200000,2017-05-03T23:00:00.000+02:00,3,5,1.3445600000000002,off
2017-05-04,0,22.07,84,1493848800000,2017-05-04T00:00:00.000+02:00,4,5,1.8538800000000002,off
2017-05-04,1,22.08,82,1493852400000,2017-05-04T01:00:00.000+02:00,4,5,1.81056,off
2017-05-04,2,24.9,55,1493856000000,2017-05-04T02:00:00.000+02:00,4,5,1.3695,off
2017-05-04,3,24.94,74,1493859600000,2017-05-04T03:00:00.000+02:00,4,5,1.84556,off
2017-05-04,4,27.18,94,1493863200000,2017-05-04T04:00:00.000+02:00,4,5,2.55492,off
2017-05-04,5,30.43,157,1493866800000,2017-05-04T05:00:00.000+02:00,4,5,4.77751,off
2017-05-04,6,70.01,149.1,1493870400000,2017-05-04T06:00:00.000+02:00,4,5,10.438491,morning
2017-05-04,7,78.04,102,1493874000000,2017-05-04T07:00:00.000+02:00,4,5,7.9600800000000005,morning
2017-05-04,8,73.06,65,1493877600000,2017-05-04T08:00:00.000+02:00,4,5,4.748900000000001,morning
2017-05-04,9,73.06,70,1493881200000,2017-05-04T09:00:00.000+02:00,4,5,5.114199999999999,standard
2017-05-04,10,65.03,120.5,1493884800000,2017-05-04T10:00:00.000+02:00,4,5,7.8361149999999995,standard
2017-05-04,11,65.04,116.6,1493888400000,2017-05-04T11:00:00.000+02:00,4,5,7.583664000000001,standard
2017-05-04,12,60.05,96.4,1493892000000,2017-05-04T12:00:00.000+02:00,4,5,5.788819999999999,standard
2017-05-04,13,60.05,96.4,1493895600000,2017-05-04T13:00:00.000+02:00,4,5,5.788819999999999,standard
2017-05-04,14,60.06,86.4,1493899200000,2017-05-04T14:00:00.000+02:00,4,5,5.189184,standard
2017-05-04,15,60.07,76.4,1493902800000,2017-05-04T15:00:00.000+02:00,4,5,4.589348,standard
2017-05-04,16,60.06,86.4,1493906400000,2017-05-04T16:00:00.000+02:00,4,5,5.189184,standard
2017-05-04,17,70.02,124.1,1493910000000,2017-05-04T17:00:00.000+02:00,4,5,8.689482,standard
2017-05-04,18,100.04,116.6,1493913600000,2017-05-04T18:00:00.000+02:00,4,5,11.664664,evening
2017-05-04,19,100.05,120.7,1493917200000,2017-05-04T19:00:00.000+02:00,4,5,12.076035,evening
2017-05-04,20,70.08,48.3,1493920800000,2017-05-04T20:00:00.000+02:00,4,5,3.3848639999999994,standard
2017-05-04,21,60.07,66.4,1493924400000,2017-05-04T21:00:00.000+02:00,4,5,3.988648,standard
2017-05-04,22,29.25,143,1493928000000,2017-05-04T22:00:00.000+02:00,4,5,4.18275,off
2017-05-04,23,27.89,113,1493931600000,2017-05-04T23:00:00.000+02:00,4,5,3.15157,off
2017-05-05,0,27.62,108,1493935200000,2017-05-05T00:00:00.000+02:00,5,5,2.98296,off
2017-05-05,1,25,97,1493938800000,2017-05-05T01:00:00.000+02:00,5,5,2.425,off
2017-05-05,2,24.99,97,1493942400000,2017-05-05T02:00:00.000+02:00,5,5,2.4240299999999997,off
2017-05-05,3,24.99,104,1493946000000,2017-05-05T03:00:00.000+02:00,5,5,2.59896,off
2017-05-05,4,27.43,119,1493949600000,2017-05-05T04:00:00.000+02:00,5,5,3.26417,off
2017-05-05,5,29.27,172,1493953200000,2017-05-05T05:00:00.000+02:00,5,5,5.03444,off
2017-05-05,6,73.05,89,1493956800000,2017-05-05T06:00:00.000+02:00,5,5,6.50145,morning
2017-05-05,7,82.09,21.6,1493960400000,2017-05-05T07:00:00.000+02:00,5,5,1.7731440000000003,morning
2017-05-05,8,76.01,176,1493964000000,2017-05-05T08:00:00.000+02:00,5,5,13.37776,morning
2017-05-05,9,76.01,159,1493967600000,2017-05-05T09:00:00.000+02:00,5,5,12.08559,standard
2017-05-05,10,70.02,132.5,1493971200000,2017-05-05T10:00:00.000+02:00,5,5,9.27765,standard
2017-05-05,11,70.02,132.4,1493974800000,2017-05-05T11:00:00.000+02:00,5,5,9.270648,standard
2017-05-05,12,65.04,116.6,1493978400000,2017-05-05T12:00:00.000+02:00,5,5,7.583664000000001,standard
2017-05-05,13,65.04,116.6,1493982000000,2017-05-05T13:00:00.000+02:00,5,5,7.583664000000001,standard
2017-05-05,14,65.04,116.6,1493985600000,2017-05-05T14:00:00.000+02:00,5,5,7.583664000000001,standard
2017-05-05,15,65.03,126.6,1493989200000,2017-05-05T15:00:00.000+02:00,5,5,8.232797999999999,standard
2017-05-05,16,65.05,101.7,1493992800000,2017-05-05T16:00:00.000+02:00,5,5,6.615585,standard
2017-05-05,17,73.06,67.1,1493996400000,2017-05-05T17:00:00.000+02:00,5,5,4.902326,standard
2017-05-05,18,101.05,104.8,1494000000000,2017-05-05T18:00:00.000+02:00,5,5,10.590039999999998,evening
2017-05-05,19,101.06,104.9,1494003600000,2017-05-05T19:00:00.000+02:00,5,5,10.601194000000001,evening
2017-05-05,20,73.08,57.2,1494007200000,2017-05-05T20:00:00.000+02:00,5,5,4.180176,standard
2017-05-05,21,65.06,81.7,1494010800000,2017-05-05T21:00:00.000+02:00,5,5,5.315402,standard
2017-05-05,22,28.21,128,1494014400000,2017-05-05T22:00:00.000+02:00,5,5,3.6108800000000003,off
2017-05-05,23,27.41,113,1494018000000,2017-05-05T23:00:00.000+02:00,5,5,3.09733,off
2017-05-06,0,19.19,118,1494021600000,2017-05-06T00:00:00.000+02:00,6,5,2.26442,off
2017-05-06,1,19.15,103,1494025200000,2017-05-06T01:00:00.000+02:00,6,5,1.9724499999999998,off
2017-05-06,2,19.15,106,1494028800000,2017-05-06T02:00:00.000+02:00,6,5,2.0299,off
2017-05-06,3,19.16,110,1494032400000,2017-05-06T03:00:00.000+02:00,6,5,2.1075999999999997,off
2017-05-06,4,19.17,121,1494036000000,2017-05-06T04:00:00.000+02:00,6,5,2.31957,off
2017-05-06,5,20.09,89.7,1494039600000,2017-05-06T05:00:00.000+02:00,6,5,1.802073,off
2017-05-06,6,29.11,118,1494043200000,2017-05-06T06:00:00.000+02:00,6,5,3.43498,off
2017-05-06,7,52.09,50,1494046800000,2017-05-06T07:00:00.000+02:00,6,5,2.6045,standard
2017-05-06,8,42.07,80,1494050400000,2017-05-06T08:00:00.000+02:00,6,5,3.3655999999999997,standard
2017-05-06,9,36.08,65,1494054000000,2017-05-06T09:00:00.000+02:00,6,5,2.3451999999999997,standard
2017-05-06,10,36.07,70,1494057600000,2017-05-06T10:00:00.000+02:00,6,5,2.5249,standard
2017-05-06,11,36.07,70,1494061200000,2017-05-06T11:00:00.000+02:00,6,5,2.5249,standard
2017-05-06,12,32.02,143,1494064800000,2017-05-06T12:00:00.000+02:00,6,5,4.578860000000001,off
2017-05-06,13,31.92,138,1494068400000,2017-05-06T13:00:00.000+02:00,6,5,4.40496,off
2017-05-06,14,31.73,133,1494072000000,2017-05-06T14:00:00.000+02:00,6,5,4.22009,off
2017-05-06,15,31.63,128,1494075600000,2017-05-06T15:00:00.000+02:00,6,5,4.04864,off
2017-05-06,16,31.83,128,1494079200000,2017-05-06T16:00:00.000+02:00,6,5,4.07424,off
2017-05-06,17,33,138.9,1494082800000,2017-05-06T17:00:00.000+02:00,6,5,4.583699999999999,off
2017-05-06,18,59.28,31,1494086400000,2017-05-06T18:00:00.000+02:00,6,5,1.83768,standard
2017-05-06,19,61.76,49,1494090000000,2017-05-06T19:00:00.000+02:00,6,5,3.0262399999999996,standard
2017-05-06,20,33.03,146.8,1494093600000,2017-05-06T20:00:00.000+02:00,6,5,4.848804000000001,off
2017-05-06,21,32.63,144,1494097200000,2017-05-06T21:00:00.000+02:00,6,5,4.698720000000001,off
2017-05-06,22,20.08,114,1494100800000,2017-05-06T22:00:00.000+02:00,6,5,2.28912,off
2017-05-06,23,20.03,127,1494104400000,2017-05-06T23:00:00.000+02:00,6,5,2.54381,off
2017-05-07,0,18.18,122,1494108000000,2017-05-07T00:00:00.000+02:00,7,5,2.21796,off
2017-05-07,1,18.15,107,1494111600000,2017-05-07T01:00:00.000+02:00,7,5,1.94205,off
2017-05-07,2,18.14,100,1494115200000,2017-05-07T02:00:00.000+02:00,7,5,1.814,off
2017-05-07,3,18.15,106,1494118800000,2017-05-07T03:00:00.000+02:00,7,5,1.9239,off
2017-05-07,4,18.15,108,1494122400000,2017-05-07T04:00:00.000+02:00,7,5,1.9601999999999997,off
2017-05-07,5,20.03,107,1494126000000,2017-05-07T05:00:00.000+02:00,7,5,2.14321,off
2017-05-07,6,25.65,98,1494129600000,2017-05-07T06:00:00.000+02:00,7,5,2.5136999999999996,off
2017-05-07,7,25.64,143,1494133200000,2017-05-07T07:00:00.000+02:00,7,5,3.66652,off
2017-05-07,8,25.65,168,1494136800000,2017-05-07T08:00:00.000+02:00,7,5,4.3092,off
2017-05-07,9,25.66,168,1494140400000,2017-05-07T09:00:00.000+02:00,7,5,4.31088,off
2017-05-07,10,25.66,148,1494144000000,2017-05-07T10:00:00.000+02:00,7,5,3.7976799999999997,off
2017-05-07,11,25.65,138,1494147600000,2017-05-07T11:00:00.000+02:00,7,5,3.5397,off
2017-05-07,12,25.66,143,1494151200000,2017-05-07T12:00:00.000+02:00,7,5,3.6693800000000003,off
2017-05-07,13,25.65,138,1494154800000,2017-05-07T13:00:00.000+02:00,7,5,3.5397,off
2017-05-07,14,25.64,128,1494158400000,2017-05-07T14:00:00.000+02:00,7,5,3.28192,off
2017-05-07,15,25.64,123,1494162000000,2017-05-07T15:00:00.000+02:00,7,5,3.1537200000000003,off
2017-05-07,16,25.64,128,1494165600000,2017-05-07T16:00:00.000+02:00,7,5,3.28192,off
2017-05-07,17,26,146,1494169200000,2017-05-07T17:00:00.000+02:00,7,5,3.796,off
2017-05-07,18,41.1,24.2,1494172800000,2017-05-07T18:00:00.000+02:00,7,5,0.9946200000000001,off
2017-05-07,19,43.51,39,1494176400000,2017-05-07T19:00:00.000+02:00,7,5,1.6968899999999998,off
2017-05-07,20,36.03,145.4,1494180000000,2017-05-07T20:00:00.000+02:00,7,5,5.238762,off
2017-05-07,21,28.45,134,1494183600000,2017-05-07T21:00:00.000+02:00,7,5,3.8122999999999996,off
2017-05-07,22,20.04,124,1494187200000,2017-05-07T22:00:00.000+02:00,7,5,2.48496,off
2017-05-07,23,18.18,121,1494190800000,2017-05-07T23:00:00.000+02:00,7,5,2.1997799999999996,off
2017-05-08,0,22.3,129,1494194400000,2017-05-08T00:00:00.000+02:00,1,5,2.8767000000000005,off
2017-05-08,1,22.27,118,1494198000000,2017-05-08T01:00:00.000+02:00,1,5,2.62786,off
2017-05-08,2,22.27,119,1494201600000,2017-05-08T02:00:00.000+02:00,1,5,2.6501300000000003,off
2017-05-08,3,22.28,128,1494205200000,2017-05-08T03:00:00.000+02:00,1,5,2.85184,off
2017-05-08,4,23.24,139.3,1494208800000,2017-05-08T04:00:00.000+02:00,1,5,3.237332,off
2017-05-08,5,30.07,87.2,1494212400000,2017-05-08T05:00:00.000+02:00,1,5,2.622104,off
2017-05-08,6,73.08,32.8,1494216000000,2017-05-08T06:00:00.000+02:00,1,5,2.397024,morning
2017-05-08,7,82.01,131,1494219600000,2017-05-08T07:00:00.000+02:00,1,5,10.743310000000001,morning
2017-05-08,8,69.8,154,1494223200000,2017-05-08T08:00:00.000+02:00,1,5,10.749199999999998,morning
2017-05-08,9,78,142,1494226800000,2017-05-08T09:00:00.000+02:00,1,5,11.076,standard
2017-05-08,10,66.07,74.4,1494230400000,2017-05-08T10:00:00.000+02:00,1,5,4.915608,standard
2017-05-08,11,66.07,74.4,1494234000000,2017-05-08T11:00:00.000+02:00,1,5,4.915608,standard
2017-05-08,12,66.05,95.1,1494237600000,2017-05-08T12:00:00.000+02:00,1,5,6.281355,standard
2017-05-08,13,66.05,105,1494241200000,2017-05-08T13:00:00.000+02:00,1,5,6.93525,standard
2017-05-08,14,66.05,105,1494244800000,2017-05-08T14:00:00.000+02:00,1,5,6.93525,standard
2017-05-08,15,66.05,105,1494248400000,2017-05-08T15:00:00.000+02:00,1,5,6.93525,standard
2017-05-08,16,66.05,105,1494252000000,2017-05-08T16:00:00.000+02:00,1,5,6.93525,standard
2017-05-08,17,69.84,155.8,1494255600000,2017-05-08T17:00:00.000+02:00,1,5,10.881072000000001,standard
2017-05-08,18,100.06,80.7,1494259200000,2017-05-08T18:00:00.000+02:00,1,5,8.074842,evening
2017-05-08,19,100.08,80.8,1494262800000,2017-05-08T19:00:00.000+02:00,1,5,8.086464,evening
2017-05-08,20,73.09,32.9,1494266400000,2017-05-08T20:00:00.000+02:00,1,5,2.404661,standard
2017-05-08,21,66.07,70.1,1494270000000,2017-05-08T21:00:00.000+02:00,1,5,4.631506999999998,standard
2017-05-08,22,30.03,123.5,1494273600000,2017-05-08T22:00:00.000+02:00,1,5,3.708705,off
2017-05-08,23,29.65,117,1494277200000,2017-05-08T23:00:00.000+02:00,1,5,3.4690499999999997,off
2017-05-09,0,24.98,99.2,1494280800000,2017-05-09T00:00:00.000+02:00,2,5,2.478016,off
2017-05-09,1,24.97,101,1494284400000,2017-05-09T01:00:00.000+02:00,2,5,2.5219699999999996,off
2017-05-09,2,24.96,101,1494288000000,2017-05-09T02:00:00.000+02:00,2,5,2.52096,off
2017-05-09,3,24.97,107.1,1494291600000,2017-05-09T03:00:00.000+02:00,2,5,2.6742869999999996,off
2017-05-09,4,24.98,110,1494295200000,2017-05-09T04:00:00.000+02:00,2,5,2.7478000000000002,off
2017-05-09,5,28.24,91,1494298800000,2017-05-09T05:00:00.000+02:00,2,5,2.5698399999999997,off
2017-05-09,6,63.69,31,1494302400000,2017-05-09T06:00:00.000+02:00,2,5,1.9743899999999999,morning
2017-05-09,7,81.68,21,1494306000000,2017-05-09T07:00:00.000+02:00,2,5,1.7152800000000001,morning
2017-05-09,8,70,50,1494309600000,2017-05-09T08:00:00.000+02:00,2,5,3.5,morning
2017-05-09,9,69.67,50,1494313200000,2017-05-09T09:00:00.000+02:00,2,5,3.4835,standard
2017-05-09,10,59.93,66.1,1494316800000,2017-05-09T10:00:00.000+02:00,2,5,3.9613729999999996,standard
2017-05-09,11,59.93,66.1,1494320400000,2017-05-09T11:00:00.000+02:00,2,5,3.9613729999999996,standard
2017-05-09,12,59.94,66.2,1494324000000,2017-05-09T12:00:00.000+02:00,2,5,3.968028,standard
2017-05-09,13,59.94,66.2,1494327600000,2017-05-09T13:00:00.000+02:00,2,5,3.968028,standard
2017-05-09,14,59.95,66.2,1494331200000,2017-05-09T14:00:00.000+02:00,2,5,3.9686900000000005,standard
2017-05-09,15,59.95,66.2,1494334800000,2017-05-09T15:00:00.000+02:00,2,5,3.9686900000000005,standard
2017-05-09,16,59.95,66.2,1494338400000,2017-05-09T16:00:00.000+02:00,2,5,3.9686900000000005,standard
2017-05-09,17,64.59,31,1494342000000,2017-05-09T17:00:00.000+02:00,2,5,2.0022900000000003,standard
2017-05-09,18,88.51,21,1494345600000,2017-05-09T18:00:00.000+02:00,2,5,1.85871,evening
2017-05-09,19,91.47,39,1494349200000,2017-05-09T19:00:00.000+02:00,2,5,3.56733,evening
2017-05-09,20,69.15,45.5,1494352800000,2017-05-09T20:00:00.000+02:00,2,5,3.1463250000000005,standard
2017-05-09,21,59.93,66.1,1494356400000,2017-05-09T21:00:00.000+02:00,2,5,3.9613729999999996,standard
2017-05-09,22,27.96,133.8,1494360000000,2017-05-09T22:00:00.000+02:00,2,5,3.741048,off
2017-05-09,23,27.58,149,1494363600000,2017-05-09T23:00:00.000+02:00,2,5,4.10942,off
2017-05-10,0,29.18,94,1494367200000,2017-05-10T00:00:00.000+02:00,3,5,2.7429200000000002,off
2017-05-10,1,29.15,93,1494370800000,2017-05-10T01:00:00.000+02:00,3,5,2.71095,off
2017-05-10,2,29.15,93,1494374400000,2017-05-10T02:00:00.000+02:00,3,5,2.71095,off
2017-05-10,3,29.32,100,1494378000000,2017-05-10T03:00:00.000+02:00,3,5,2.932,off
2017-05-10,4,29.32,100,1494381600000,2017-05-10T04:00:00.000+02:00,3,5,2.932,off
2017-05-10,5,29.98,128.2,1494385200000,2017-05-10T05:00:00.000+02:00,3,5,3.8434359999999996,off
2017-05-10,6,64,34.1,1494388800000,2017-05-10T06:00:00.000+02:00,3,5,2.1824,morning
2017-05-10,7,79.91,23,1494392400000,2017-05-10T07:00:00.000+02:00,3,5,1.8379299999999998,morning
2017-05-10,8,64.98,50,1494396000000,2017-05-10T08:00:00.000+02:00,3,5,3.249,morning
2017-05-10,9,64.98,50,1494399600000,2017-05-10T09:00:00.000+02:00,3,5,3.249,standard
2017-05-10,10,55.97,43.7,1494403200000,2017-05-10T10:00:00.000+02:00,3,5,2.445889,standard
2017-05-10,11,55.97,43.7,1494406800000,2017-05-10T11:00:00.000+02:00,3,5,2.445889,standard
2017-05-10,12,55.97,43.7,1494410400000,2017-05-10T12:00:00.000+02:00,3,5,2.445889,standard
2017-05-10,13,55.97,43.7,1494414000000,2017-05-10T13:00:00.000+02:00,3,5,2.445889,standard
2017-05-10,14,55.98,43.7,1494417600000,2017-05-10T14:00:00.000+02:00,3,5,2.446326,standard
2017-05-10,15,55.98,43.8,1494421200000,2017-05-10T15:00:00.000+02:00,3,5,2.4519239999999995,standard
2017-05-10,16,55.99,43.8,1494424800000,2017-05-10T16:00:00.000+02:00,3,5,2.452362,standard
2017-05-10,17,65.04,33,1494428400000,2017-05-10T17:00:00.000+02:00,3,5,2.1463200000000002,standard
2017-05-10,18,88.6,23,1494432000000,2017-05-10T18:00:00.000+02:00,3,5,2.0378,evening
2017-05-10,19,91.56,41,1494435600000,2017-05-10T19:00:00.000+02:00,3,5,3.75396,evening
2017-05-10,20,69.19,46.3,1494439200000,2017-05-10T20:00:00.000+02:00,3,5,3.203497,standard
2017-05-10,21,55.99,43.8,1494442800000,2017-05-10T21:00:00.000+02:00,3,5,2.452362,standard
2017-05-10,22,29.96,127.6,1494446400000,2017-05-10T22:00:00.000+02:00,3,5,3.8228959999999996,off
2017-05-10,23,29.94,126.7,1494450000000,2017-05-10T23:00:00.000+02:00,3,5,3.7933980000000003,off
2017-05-11,0,31.02,94,1494453600000,2017-05-11T00:00:00.000+02:00,4,5,2.91588,off
2017-05-11,1,31.01,93,1494457200000,2017-05-11T01:00:00.000+02:00,4,5,2.8839300000000003,off
2017-05-11,2,31.01,93,1494460800000,2017-05-11T02:00:00.000+02:00,4,5,2.8839300000000003,off
2017-05-11,3,31.1,100,1494464400000,2017-05-11T03:00:00.000+02:00,4,5,3.11,off
2017-05-11,4,31.1,100,1494468000000,2017-05-11T04:00:00.000+02:00,4,5,3.11,off
2017-05-11,5,31.01,93,1494471600000,2017-05-11T05:00:00.000+02:00,4,5,2.8839300000000003,off
2017-05-11,6,65.99,52.5,1494475200000,2017-05-11T06:00:00.000+02:00,4,5,3.4644749999999997,morning
2017-05-11,7,79.91,121,1494478800000,2017-05-11T07:00:00.000+02:00,4,5,9.669109999999998,morning
2017-05-11,8,70.05,23,1494482400000,2017-05-11T08:00:00.000+02:00,4,5,1.6111499999999999,morning
2017-05-11,9,70.05,23,1494486000000,2017-05-11T09:00:00.000+02:00,4,5,1.6111499999999999,standard
2017-05-11,10,64.19,33,1494489600000,2017-05-11T10:00:00.000+02:00,4,5,2.11827,standard
2017-05-11,11,64.19,33,1494493200000,2017-05-11T11:00:00.000+02:00,4,5,2.11827,standard
2017-05-11,12,65.73,38,1494496800000,2017-05-11T12:00:00.000+02:00,4,5,2.4977400000000003,standard
2017-05-11,13,65.73,38,1494500400000,2017-05-11T13:00:00.000+02:00,4,5,2.4977400000000003,standard
2017-05-11,14,65.73,38,1494504000000,2017-05-11T14:00:00.000+02:00,4,5,2.4977400000000003,standard
2017-05-11,15,65.73,38,1494507600000,2017-05-11T15:00:00.000+02:00,4,5,2.4977400000000003,standard
2017-05-11,16,64.19,33,1494511200000,2017-05-11T16:00:00.000+02:00,4,5,2.11827,standard
2017-05-11,17,66.99,42.1,1494514800000,2017-05-11T17:00:00.000+02:00,4,5,2.820279,standard
2017-05-11,18,90.99,45,1494518400000,2017-05-11T18:00:00.000+02:00,4,5,4.09455,evening
2017-05-11,19,91,45,1494522000000,2017-05-11T19:00:00.000+02:00,4,5,4.095,evening
2017-05-11,20,69.1,48.9,1494525600000,2017-05-11T20:00:00.000+02:00,4,5,3.37899,standard
2017-05-11,21,64.49,34,1494529200000,2017-05-11T21:00:00.000+02:00,4,5,2.19266,standard
2017-05-11,22,31.02,94,1494532800000,2017-05-11T22:00:00.000+02:00,4,5,2.91588,off
2017-05-11,23,31.02,94,1494536400000,2017-05-11T23:00:00.000+02:00,4,5,2.91588,off
2017-05-12,0,31.41,94,1494540000000,2017-05-12T00:00:00.000+02:00,5,5,2.95254,off
2017-05-12,1,31.4,93,1494543600000,2017-05-12T01:00:00.000+02:00,5,5,2.9202,off
2017-05-12,2,31.4,93,1494547200000,2017-05-12T02:00:00.000+02:00,5,5,2.9202,off
2017-05-12,3,31.48,100,1494550800000,2017-05-12T03:00:00.000+02:00,5,5,3.148,off
2017-05-12,4,32.52,182,1494554400000,2017-05-12T04:00:00.000+02:00,5,5,5.91864,off
2017-05-12,5,32.93,214.5,1494558000000,2017-05-12T05:00:00.000+02:00,5,5,7.063485,off
2017-05-12,6,67.99,60.1,1494561600000,2017-05-12T06:00:00.000+02:00,5,5,4.086199,morning
2017-05-12,7,80.01,23,1494565200000,2017-05-12T07:00:00.000+02:00,5,5,1.84023,morning
2017-05-12,8,70.98,50,1494568800000,2017-05-12T08:00:00.000+02:00,5,5,3.549,morning
2017-05-12,9,70.97,50,1494572400000,2017-05-12T09:00:00.000+02:00,5,5,3.5485,standard
2017-05-12,10,66,36.2,1494576000000,2017-05-12T10:00:00.000+02:00,5,5,2.3892,standard
2017-05-12,11,66,36.2,1494579600000,2017-05-12T11:00:00.000+02:00,5,5,2.3892,standard
2017-05-12,12,66.55,38,1494583200000,2017-05-12T12:00:00.000+02:00,5,5,2.5289,standard
2017-05-12,13,66.55,38,1494586800000,2017-05-12T13:00:00.000+02:00,5,5,2.5289,standard
2017-05-12,14,66.55,38,1494590400000,2017-05-12T14:00:00.000+02:00,5,5,2.5289,standard
2017-05-12,15,66.55,38,1494594000000,2017-05-12T15:00:00.000+02:00,5,5,2.5289,standard
2017-05-12,16,66,36.2,1494597600000,2017-05-12T16:00:00.000+02:00,5,5,2.3892,standard
2017-05-12,17,67.99,42.6,1494601200000,2017-05-12T17:00:00.000+02:00,5,5,2.896374,standard
2017-05-12,18,91.99,44.2,1494604800000,2017-05-12T18:00:00.000+02:00,5,5,4.065958,evening
2017-05-12,19,92,44.2,1494608400000,2017-05-12T19:00:00.000+02:00,5,5,4.0664,evening
2017-05-12,20,69.19,46.4,1494612000000,2017-05-12T20:00:00.000+02:00,5,5,3.2104159999999995,standard
2017-05-12,21,66,36.2,1494615600000,2017-05-12T21:00:00.000+02:00,5,5,2.3892,standard
2017-05-12,22,32.38,171,1494619200000,2017-05-12T22:00:00.000+02:00,5,5,5.536980000000001,off
2017-05-12,23,32.06,146,1494622800000,2017-05-12T23:00:00.000+02:00,5,5,4.68076,off
2017-05-13,0,21.97,76,1494626400000,2017-05-13T00:00:00.000+02:00,6,5,1.6697199999999999,off
2017-05-13,1,21.93,88,1494630000000,2017-05-13T01:00:00.000+02:00,6,5,1.92984,off
2017-05-13,2,21.91,96,1494633600000,2017-05-13T02:00:00.000+02:00,6,5,2.1033600000000003,off
2017-05-13,3,21.92,98,1494637200000,2017-05-13T03:00:00.000+02:00,6,5,2.1481600000000003,off
2017-05-13,4,21.96,97,1494640800000,2017-05-13T04:00:00.000+02:00,6,5,2.13012,off
2017-05-13,5,22.79,84,1494644400000,2017-05-13T05:00:00.000+02:00,6,5,1.9143599999999998,off
2017-05-13,6,30.9,137,1494648000000,2017-05-13T06:00:00.000+02:00,6,5,4.2333,off
2017-05-13,7,58.92,37,1494651600000,2017-05-13T07:00:00.000+02:00,6,5,2.18004,standard
2017-05-13,8,58.93,37,1494655200000,2017-05-13T08:00:00.000+02:00,6,5,2.1804099999999997,standard
2017-05-13,9,48.93,37,1494658800000,2017-05-13T09:00:00.000+02:00,6,5,1.81041,standard
2017-05-13,10,48.95,37,1494662400000,2017-05-13T10:00:00.000+02:00,6,5,1.81115,standard
2017-05-13,11,48.94,37,1494666000000,2017-05-13T11:00:00.000+02:00,6,5,1.81078,standard
2017-05-13,12,33.97,77.5,1494669600000,2017-05-13T12:00:00.000+02:00,6,5,2.632675,off
2017-05-13,13,33.96,77.5,1494673200000,2017-05-13T13:00:00.000+02:00,6,5,2.6319,off
2017-05-13,14,33.96,77.4,1494676800000,2017-05-13T14:00:00.000+02:00,6,5,2.6285040000000004,off
2017-05-13,15,33.96,77.4,1494680400000,2017-05-13T15:00:00.000+02:00,6,5,2.6285040000000004,off
2017-05-13,16,33.96,77.4,1494684000000,2017-05-13T16:00:00.000+02:00,6,5,2.6285040000000004,off
2017-05-13,17,33.96,77.5,1494687600000,2017-05-13T17:00:00.000+02:00,6,5,2.6319,off
2017-05-13,18,64.43,32,1494691200000,2017-05-13T18:00:00.000+02:00,6,5,2.06176,standard
2017-05-13,19,65.38,38.9,1494694800000,2017-05-13T19:00:00.000+02:00,6,5,2.5432819999999996,standard
2017-05-13,20,33.97,93.6,1494698400000,2017-05-13T20:00:00.000+02:00,6,5,3.1795919999999995,off
2017-05-13,21,33.95,92.7,1494702000000,2017-05-13T21:00:00.000+02:00,6,5,3.147165,off
2017-05-13,22,22.82,64,1494705600000,2017-05-13T22:00:00.000+02:00,6,5,1.46048,off
2017-05-13,23,21.99,77,1494709200000,2017-05-13T23:00:00.000+02:00,6,5,1.6932299999999998,off
2017-05-14,0,19.95,77,1494712800000,2017-05-14T00:00:00.000+02:00,7,5,1.53615,off
2017-05-14,1,18,84,1494716400000,2017-05-14T01:00:00.000+02:00,7,5,1.512,off
2017-05-14,2,17.98,74,1494720000000,2017-05-14T02:00:00.000+02:00,7,5,1.33052,off
2017-05-14,3,17.98,80,1494723600000,2017-05-14T03:00:00.000+02:00,7,5,1.4384000000000001,off
2017-05-14,4,17.99,90,1494727200000,2017-05-14T04:00:00.000+02:00,7,5,1.6191,off
2017-05-14,5,18.95,108,1494730800000,2017-05-14T05:00:00.000+02:00,7,5,2.0465999999999998,off
2017-05-14,6,24.96,104,1494734400000,2017-05-14T06:00:00.000+02:00,7,5,2.59584,off
2017-05-14,7,24.97,149,1494738000000,2017-05-14T07:00:00.000+02:00,7,5,3.7205299999999997,off
2017-05-14,8,24.99,174,1494741600000,2017-05-14T08:00:00.000+02:00,7,5,4.348259999999999,off
2017-05-14,9,24.99,169,1494745200000,2017-05-14T09:00:00.000+02:00,7,5,4.22331,off
2017-05-14,10,26.91,141,1494748800000,2017-05-14T10:00:00.000+02:00,7,5,3.79431,off
2017-05-14,11,26.91,140,1494752400000,2017-05-14T11:00:00.000+02:00,7,5,3.7674000000000003,off
2017-05-14,12,26.9,141,1494756000000,2017-05-14T12:00:00.000+02:00,7,5,3.7928999999999995,off
2017-05-14,13,26.9,148,1494759600000,2017-05-14T13:00:00.000+02:00,7,5,3.9812,off
2017-05-14,14,26.91,134,1494763200000,2017-05-14T14:00:00.000+02:00,7,5,3.60594,off
2017-05-14,15,24.99,134,1494766800000,2017-05-14T15:00:00.000+02:00,7,5,3.3486599999999997,off
2017-05-14,16,26.91,132,1494770400000,2017-05-14T16:00:00.000+02:00,7,5,3.55212,off
2017-05-14,17,26.93,137,1494774000000,2017-05-14T17:00:00.000+02:00,7,5,3.6894099999999996,off
2017-05-14,18,44.94,155.7,1494777600000,2017-05-14T18:00:00.000+02:00,7,5,6.997158,off
2017-05-14,19,44.95,156.8,1494781200000,2017-05-14T19:00:00.000+02:00,7,5,7.048160000000001,off
2017-05-14,20,36.06,217,1494784800000,2017-05-14T20:00:00.000+02:00,7,5,7.82502,off
2017-05-14,21,28.96,74,1494788400000,2017-05-14T21:00:00.000+02:00,7,5,2.14304,off
2017-05-14,22,19.98,74,1494792000000,2017-05-14T22:00:00.000+02:00,7,5,1.47852,off
2017-05-14,23,19.93,90,1494795600000,2017-05-14T23:00:00.000+02:00,7,5,1.7937,off
2017-05-15,0,32.88,111,1494799200000,2017-05-15T00:00:00.000+02:00,1,5,3.6496800000000005,off
2017-05-15,1,32.77,100,1494802800000,2017-05-15T01:00:00.000+02:00,1,5,3.2770000000000006,off
2017-05-15,2,32.77,100,1494806400000,2017-05-15T02:00:00.000+02:00,1,5,3.2770000000000006,off
2017-05-15,3,32.84,107,1494810000000,2017-05-15T03:00:00.000+02:00,1,5,3.513880000000001,off
2017-05-15,4,32.95,118.1,1494813600000,2017-05-15T04:00:00.000+02:00,1,5,3.891395,off
2017-05-15,5,33.71,77,1494817200000,2017-05-15T05:00:00.000+02:00,1,5,2.59567,off
2017-05-15,6,69.58,22.4,1494820800000,2017-05-15T06:00:00.000+02:00,1,5,1.558592,morning
2017-05-15,7,79.95,62.7,1494824400000,2017-05-15T07:00:00.000+02:00,1,5,5.012865000000001,morning
2017-05-15,8,70.95,50,1494828000000,2017-05-15T08:00:00.000+02:00,1,5,3.5475,morning
2017-05-15,9,70.95,50,1494831600000,2017-05-15T09:00:00.000+02:00,1,5,3.5475,standard
2017-05-15,10,69.71,22.6,1494835200000,2017-05-15T10:00:00.000+02:00,1,5,1.575446,standard
2017-05-15,11,69.71,22.6,1494838800000,2017-05-15T11:00:00.000+02:00,1,5,1.575446,standard
2017-05-15,12,69.71,22.6,1494842400000,2017-05-15T12:00:00.000+02:00,1,5,1.575446,standard
2017-05-15,13,69.71,22.6,1494846000000,2017-05-15T13:00:00.000+02:00,1,5,1.575446,standard
2017-05-15,14,69.71,22.6,1494849600000,2017-05-15T14:00:00.000+02:00,1,5,1.575446,standard
2017-05-15,15,69.71,22.6,1494853200000,2017-05-15T15:00:00.000+02:00,1,5,1.575446,standard
2017-05-15,16,69.71,22.6,1494856800000,2017-05-15T16:00:00.000+02:00,1,5,1.575446,standard
2017-05-15,17,69.71,22.6,1494860400000,2017-05-15T17:00:00.000+02:00,1,5,1.575446,standard
2017-05-15,18,93.79,22,1494864000000,2017-05-15T18:00:00.000+02:00,1,5,2.06338,evening
2017-05-15,19,98.58,40,1494867600000,2017-05-15T19:00:00.000+02:00,1,5,3.9432,evening
2017-05-15,20,75.1,33,1494871200000,2017-05-15T20:00:00.000+02:00,1,5,2.4783,standard
2017-05-15,21,69.08,42.7,1494874800000,2017-05-15T21:00:00.000+02:00,1,5,2.9497160000000004,standard
2017-05-15,22,32.95,118,1494878400000,2017-05-15T22:00:00.000+02:00,1,5,3.8881000000000006,off
2017-05-15,23,32.92,115.1,1494882000000,2017-05-15T23:00:00.000+02:00,1,5,3.789092,off
2017-05-16,0,32.89,187.9,1494885600000,2017-05-16T00:00:00.000+02:00,2,5,6.180031,off
2017-05-16,1,32.8,180.5,1494889200000,2017-05-16T01:00:00.000+02:00,2,5,5.9204,off
2017-05-16,2,32.8,180.5,1494892800000,2017-05-16T02:00:00.000+02:00,2,5,5.9204,off
2017-05-16,3,32.88,187.5,1494896400000,2017-05-16T03:00:00.000+02:00,2,5,6.165000000000001,off
2017-05-16,4,32.97,195.4,1494900000000,2017-05-16T04:00:00.000+02:00,2,5,6.4423379999999995,off
2017-05-16,5,32.99,147.1,1494903600000,2017-05-16T05:00:00.000+02:00,2,5,4.852829,off
2017-05-16,6,68.99,56.8,1494907200000,2017-05-16T06:00:00.000+02:00,2,5,3.9186319999999997,morning
2017-05-16,7,82.19,22,1494910800000,2017-05-16T07:00:00.000+02:00,2,5,1.80818,morning
2017-05-16,8,69.94,50,1494914400000,2017-05-16T08:00:00.000+02:00,2,5,3.497,morning
2017-05-16,9,69.94,50,1494918000000,2017-05-16T09:00:00.000+02:00,2,5,3.497,standard
2017-05-16,10,68.96,87.8,1494921600000,2017-05-16T10:00:00.000+02:00,2,5,6.054688,standard
2017-05-16,11,68.96,87.8,1494925200000,2017-05-16T11:00:00.000+02:00,2,5,6.054688,standard
2017-05-16,12,68.96,87.8,1494928800000,2017-05-16T12:00:00.000+02:00,2,5,6.054688,standard
2017-05-16,13,68.96,87.8,1494932400000,2017-05-16T13:00:00.000+02:00,2,5,6.054688,standard
2017-05-16,14,68.96,87.8,1494936000000,2017-05-16T14:00:00.000+02:00,2,5,6.054688,standard
2017-05-16,15,68.96,87.8,1494939600000,2017-05-16T15:00:00.000+02:00,2,5,6.054688,standard
2017-05-16,16,68.96,87.8,1494943200000,2017-05-16T16:00:00.000+02:00,2,5,6.054688,standard
2017-05-16,17,69,37.9,1494946800000,2017-05-16T17:00:00.000+02:00,2,5,2.6151,standard
2017-05-16,18,93.98,53.9,1494950400000,2017-05-16T18:00:00.000+02:00,2,5,5.065522,evening
2017-05-16,19,93.99,53.8,1494954000000,2017-05-16T19:00:00.000+02:00,2,5,5.056661999999999,evening
2017-05-16,20,70,41.7,1494957600000,2017-05-16T20:00:00.000+02:00,2,5,2.919,standard
2017-05-16,21,68.96,87.8,1494961200000,2017-05-16T21:00:00.000+02:00,2,5,6.054688,standard
2017-05-16,22,32.66,167.8,1494964800000,2017-05-16T22:00:00.000+02:00,2,5,5.480348,off
2017-05-16,23,32.97,194.7,1494968400000,2017-05-16T23:00:00.000+02:00,2,5,6.419258999999999,off
2017-05-17,0,32.75,90,1494972000000,2017-05-17T00:00:00.000+02:00,3,5,2.9475,off
2017-05-17,1,32.74,84,1494975600000,2017-05-17T01:00:00.000+02:00,3,5,2.75016,off
2017-05-17,2,32.74,84,1494979200000,2017-05-17T02:00:00.000+02:00,3,5,2.75016,off
2017-05-17,3,32.76,101,1494982800000,2017-05-17T03:00:00.000+02:00,3,5,3.30876,off
2017-05-17,4,32.92,131.9,1494986400000,2017-05-17T04:00:00.000+02:00,3,5,4.342148,off
2017-05-17,5,34.91,227.9,1494990000000,2017-05-17T05:00:00.000+02:00,3,5,7.955989,off
2017-05-17,6,69,40.7,1494993600000,2017-05-17T06:00:00.000+02:00,3,5,2.8083,morning
2017-05-17,7,82.02,21,1494997200000,2017-05-17T07:00:00.000+02:00,3,5,1.7224199999999998,morning
2017-05-17,8,68.95,50,1495000800000,2017-05-17T08:00:00.000+02:00,3,5,3.4475,morning
2017-05-17,9,68.94,50,1495004400000,2017-05-17T09:00:00.000+02:00,3,5,3.447,standard
2017-05-17,10,68.01,33,1495008000000,2017-05-17T10:00:00.000+02:00,3,5,2.2443300000000006,standard
2017-05-17,11,68.01,33,1495011600000,2017-05-17T11:00:00.000+02:00,3,5,2.2443300000000006,standard
2017-05-17,12,68.01,33,1495015200000,2017-05-17T12:00:00.000+02:00,3,5,2.2443300000000006,standard
2017-05-17,13,68.01,33,1495018800000,2017-05-17T13:00:00.000+02:00,3,5,2.2443300000000006,standard
2017-05-17,14,68.01,33,1495022400000,2017-05-17T14:00:00.000+02:00,3,5,2.2443300000000006,standard
2017-05-17,15,68.01,33,1495026000000,2017-05-17T15:00:00.000+02:00,3,5,2.2443300000000006,standard
2017-05-17,16,68.01,33,1495029600000,2017-05-17T16:00:00.000+02:00,3,5,2.2443300000000006,standard
2017-05-17,17,69.16,29.8,1495033200000,2017-05-17T17:00:00.000+02:00,3,5,2.060968,standard
2017-05-17,18,93,27,1495036800000,2017-05-17T18:00:00.000+02:00,3,5,2.511,evening
2017-05-17,19,93.06,39,1495040400000,2017-05-17T19:00:00.000+02:00,3,5,3.62934,evening
2017-05-17,20,69.96,32.7,1495044000000,2017-05-17T20:00:00.000+02:00,3,5,2.287692,standard
2017-05-17,21,68.02,34,1495047600000,2017-05-17T21:00:00.000+02:00,3,5,2.31268,standard
2017-05-17,22,32.98,67.4,1495051200000,2017-05-17T22:00:00.000+02:00,3,5,2.222852,off
2017-05-17,23,32.97,67,1495054800000,2017-05-17T23:00:00.000+02:00,3,5,2.2089899999999996,off
2017-05-18,0,32.05,131.8,1495058400000,2017-05-18T00:00:00.000+02:00,4,5,4.224189999999999,off
2017-05-18,1,32.01,119.8,1495062000000,2017-05-18T01:00:00.000+02:00,4,5,3.8347979999999997,off
2017-05-18,2,32,118,1495065600000,2017-05-18T02:00:00.000+02:00,4,5,3.776,off
2017-05-18,3,32.02,129.5,1495069200000,2017-05-18T03:00:00.000+02:00,4,5,4.14659,off
2017-05-18,4,32.39,169,1495072800000,2017-05-18T04:00:00.000+02:00,4,5,5.47391,off
2017-05-18,5,34.45,234,1495076400000,2017-05-18T05:00:00.000+02:00,4,5,8.061300000000001,off
2017-05-18,6,68.96,126.6,1495080000000,2017-05-18T06:00:00.000+02:00,4,5,8.730336,morning
2017-05-18,7,81.81,21,1495083600000,2017-05-18T07:00:00.000+02:00,4,5,1.71801,morning
2017-05-18,8,67.97,78,1495087200000,2017-05-18T08:00:00.000+02:00,4,5,5.30166,morning
2017-05-18,9,67.97,73,1495090800000,2017-05-18T09:00:00.000+02:00,4,5,4.96181,standard
2017-05-18,10,67.97,70.3,1495094400000,2017-05-18T10:00:00.000+02:00,4,5,4.778291,standard
2017-05-18,11,67.97,70.8,1495098000000,2017-05-18T11:00:00.000+02:00,4,5,4.812276,standard
2017-05-18,12,67.97,73.4,1495101600000,2017-05-18T12:00:00.000+02:00,4,5,4.9889980000000005,standard
2017-05-18,13,67.97,76.9,1495105200000,2017-05-18T13:00:00.000+02:00,4,5,5.2268930000000005,standard
2017-05-18,14,67.97,74.7,1495108800000,2017-05-18T14:00:00.000+02:00,4,5,5.077359,standard
2017-05-18,15,67.97,79.3,1495112400000,2017-05-18T15:00:00.000+02:00,4,5,5.390021,standard
2017-05-18,16,67.97,78.2,1495116000000,2017-05-18T16:00:00.000+02:00,4,5,5.3152539999999995,standard
2017-05-18,17,68.96,96.1,1495119600000,2017-05-18T17:00:00.000+02:00,4,5,6.627055999999999,standard
2017-05-18,18,92.99,42.2,1495123200000,2017-05-18T18:00:00.000+02:00,4,5,3.924178,evening
2017-05-18,19,92.99,58.2,1495126800000,2017-05-18T19:00:00.000+02:00,4,5,5.412018,evening
2017-05-18,20,68.98,90.2,1495130400000,2017-05-18T20:00:00.000+02:00,4,5,6.221996000000001,standard
2017-05-18,21,67.97,68.4,1495134000000,2017-05-18T21:00:00.000+02:00,4,5,4.649148,standard
2017-05-18,22,32.54,115,1495137600000,2017-05-18T22:00:00.000+02:00,4,5,3.7420999999999998,off
2017-05-18,23,32.52,131.2,1495141200000,2017-05-18T23:00:00.000+02:00,4,5,4.266624,off
2017-05-19,0,31.06,97,1495144800000,2017-05-19T00:00:00.000+02:00,5,5,3.0128199999999996,off
2017-05-19,1,31,80,1495148400000,2017-05-19T01:00:00.000+02:00,5,5,2.48,off
2017-05-19,2,30.99,77,1495152000000,2017-05-19T02:00:00.000+02:00,5,5,2.38623,off
2017-05-19,3,30.99,75,1495155600000,2017-05-19T03:00:00.000+02:00,5,5,2.32425,off
2017-05-19,4,31,74,1495159200000,2017-05-19T04:00:00.000+02:00,5,5,2.294,off
2017-05-19,5,34.03,194,1495162800000,2017-05-19T05:00:00.000+02:00,5,5,6.601820000000001,off
2017-05-19,6,68.97,88.3,1495166400000,2017-05-19T06:00:00.000+02:00,5,5,6.090051,morning
2017-05-19,7,79.93,21,1495170000000,2017-05-19T07:00:00.000+02:00,5,5,1.6785300000000003,morning
2017-05-19,8,66.1,48,1495173600000,2017-05-19T08:00:00.000+02:00,5,5,3.1727999999999996,morning
2017-05-19,9,66.08,38,1495177200000,2017-05-19T09:00:00.000+02:00,5,5,2.51104,standard
2017-05-19,10,67.94,92.2,1495180800000,2017-05-19T10:00:00.000+02:00,5,5,6.264068,standard
2017-05-19,11,67.93,90.2,1495184400000,2017-05-19T11:00:00.000+02:00,5,5,6.127286000000001,standard
2017-05-19,12,67.92,100.1,1495188000000,2017-05-19T12:00:00.000+02:00,5,5,6.798792,standard
2017-05-19,13,67.9,113.1,1495191600000,2017-05-19T13:00:00.000+02:00,5,5,7.67949,standard
2017-05-19,14,67.9,114.1,1495195200000,2017-05-19T14:00:00.000+02:00,5,5,7.74739,standard
2017-05-19,15,66.99,115,1495198800000,2017-05-19T15:00:00.000+02:00,5,5,7.703849999999999,standard
2017-05-19,16,67.91,118.1,1495202400000,2017-05-19T16:00:00.000+02:00,5,5,8.020171,standard
2017-05-19,17,68.97,69,1495206000000,2017-05-19T17:00:00.000+02:00,5,5,4.75893,standard
2017-05-19,18,92,23.3,1495209600000,2017-05-19T18:00:00.000+02:00,5,5,2.1435999999999997,evening
2017-05-19,19,92.97,39,1495213200000,2017-05-19T19:00:00.000+02:00,5,5,3.62583,evening
2017-05-19,20,69,57.1,1495216800000,2017-05-19T20:00:00.000+02:00,5,5,3.9399,standard
2017-05-19,21,67.93,97.2,1495220400000,2017-05-19T21:00:00.000+02:00,5,5,6.602796000000001,standard
2017-05-19,22,31,100,1495224000000,2017-05-19T22:00:00.000+02:00,5,5,3.1,off
2017-05-19,23,31.04,138,1495227600000,2017-05-19T23:00:00.000+02:00,5,5,4.283519999999999,off
2017-05-20,0,29.82,116,1495231200000,2017-05-20T00:00:00.000+02:00,6,5,3.45912,off
2017-05-20,1,24.21,133,1495234800000,2017-05-20T01:00:00.000+02:00,6,5,3.21993,off
2017-05-20,2,24.2,136,1495238400000,2017-05-20T02:00:00.000+02:00,6,5,3.2912,off
2017-05-20,3,24.2,139,1495242000000,2017-05-20T03:00:00.000+02:00,6,5,3.3638,off
2017-05-20,4,24.21,133,1495245600000,2017-05-20T04:00:00.000+02:00,6,5,3.21993,off
2017-05-20,5,31.31,81.8,1495249200000,2017-05-20T05:00:00.000+02:00,6,5,2.561158,off
2017-05-20,6,31.23,120.5,1495252800000,2017-05-20T06:00:00.000+02:00,6,5,3.763215,off
2017-05-20,7,61.99,56,1495256400000,2017-05-20T07:00:00.000+02:00,6,5,3.47144,standard
2017-05-20,8,57.94,75,1495260000000,2017-05-20T08:00:00.000+02:00,6,5,4.3455,standard
2017-05-20,9,48.97,65,1495263600000,2017-05-20T09:00:00.000+02:00,6,5,3.1830499999999997,standard
2017-05-20,10,54.31,56,1495267200000,2017-05-20T10:00:00.000+02:00,6,5,3.04136,standard
2017-05-20,11,49,58,1495270800000,2017-05-20T11:00:00.000+02:00,6,5,2.842,standard
2017-05-20,12,33.61,146.8,1495274400000,2017-05-20T12:00:00.000+02:00,6,5,4.933948,off
2017-05-20,13,33.26,150.7,1495278000000,2017-05-20T13:00:00.000+02:00,6,5,5.012281999999999,off
2017-05-20,14,32.8,143.8,1495281600000,2017-05-20T14:00:00.000+02:00,6,5,4.71664,off
2017-05-20,15,32.28,133.1,1495285200000,2017-05-20T15:00:00.000+02:00,6,5,4.296468,off
2017-05-20,16,32.63,138.3,1495288800000,2017-05-20T16:00:00.000+02:00,6,5,4.512729000000001,off
2017-05-20,17,33.58,156.1,1495292400000,2017-05-20T17:00:00.000+02:00,6,5,5.2418379999999996,off
2017-05-20,18,64.98,45.5,1495296000000,2017-05-20T18:00:00.000+02:00,6,5,2.9565900000000003,standard
2017-05-20,19,64.99,52.5,1495299600000,2017-05-20T19:00:00.000+02:00,6,5,3.411975,standard
2017-05-20,20,33.57,153.2,1495303200000,2017-05-20T20:00:00.000+02:00,6,5,5.142924,off
2017-05-20,21,32.89,119.5,1495306800000,2017-05-20T21:00:00.000+02:00,6,5,3.930355,off
2017-05-20,22,30.23,102,1495310400000,2017-05-20T22:00:00.000+02:00,6,5,3.08346,off
2017-05-20,23,30.23,122,1495314000000,2017-05-20T23:00:00.000+02:00,6,5,3.68806,off
2017-05-21,0,24.18,129,1495317600000,2017-05-21T00:00:00.000+02:00,7,5,3.11922,off
2017-05-21,1,20.06,122,1495321200000,2017-05-21T01:00:00.000+02:00,7,5,2.4473199999999995,off
2017-05-21,2,20.01,109,1495324800000,2017-05-21T02:00:00.000+02:00,7,5,2.18109,off
2017-05-21,3,20.01,109,1495328400000,2017-05-21T03:00:00.000+02:00,7,5,2.18109,off
2017-05-21,4,18,103,1495332000000,2017-05-21T04:00:00.000+02:00,7,5,1.854,off
2017-05-21,5,18,110.2,1495335600000,2017-05-21T05:00:00.000+02:00,7,5,1.9836,off
2017-05-21,6,18,171,1495339200000,2017-05-21T06:00:00.000+02:00,7,5,3.078,off
2017-05-21,7,24.2,191,1495342800000,2017-05-21T07:00:00.000+02:00,7,5,4.622199999999999,off
2017-05-21,8,24.19,226,1495346400000,2017-05-21T08:00:00.000+02:00,7,5,5.46694,off
2017-05-21,9,24.19,218,1495350000000,2017-05-21T09:00:00.000+02:00,7,5,5.27342,off
2017-05-21,10,24.21,176,1495353600000,2017-05-21T10:00:00.000+02:00,7,5,4.26096,off
2017-05-21,11,24.18,182,1495357200000,2017-05-21T11:00:00.000+02:00,7,5,4.40076,off
2017-05-21,12,24.18,179,1495360800000,2017-05-21T12:00:00.000+02:00,7,5,4.32822,off
2017-05-21,13,24,185,1495364400000,2017-05-21T13:00:00.000+02:00,7,5,4.44,off
2017-05-21,14,23.99,185,1495368000000,2017-05-21T14:00:00.000+02:00,7,5,4.438149999999999,off
2017-05-21,15,23.99,185,1495371600000,2017-05-21T15:00:00.000+02:00,7,5,4.438149999999999,off
2017-05-21,16,24.19,182,1495375200000,2017-05-21T16:00:00.000+02:00,7,5,4.4025799999999995,off
2017-05-21,17,25.96,116,1495378800000,2017-05-21T17:00:00.000+02:00,7,5,3.0113600000000003,off
2017-05-21,18,44.96,97.5,1495382400000,2017-05-21T18:00:00.000+02:00,7,5,4.3836,off
2017-05-21,19,44.95,104.4,1495386000000,2017-05-21T19:00:00.000+02:00,7,5,4.692780000000001,off
2017-05-21,20,35.42,203.3,1495389600000,2017-05-21T20:00:00.000+02:00,7,5,7.200886000000001,off
2017-05-21,21,28.95,123,1495393200000,2017-05-21T21:00:00.000+02:00,7,5,3.56085,off
2017-05-21,22,24.24,122,1495396800000,2017-05-21T22:00:00.000+02:00,7,5,2.95728,off
2017-05-21,23,24.18,139,1495400400000,2017-05-21T23:00:00.000+02:00,7,5,3.36102,off
2017-05-22,0,31.2,86,1495404000000,2017-05-22T00:00:00.000+02:00,1,5,2.6832,off
2017-05-22,1,29.98,75,1495407600000,2017-05-22T01:00:00.000+02:00,1,5,2.2485,off
2017-05-22,2,29.97,72,1495411200000,2017-05-22T02:00:00.000+02:00,1,5,2.15784,off
2017-05-22,3,29.98,76,1495414800000,2017-05-22T03:00:00.000+02:00,1,5,2.27848,off
2017-05-22,4,30.98,86,1495418400000,2017-05-22T04:00:00.000+02:00,1,5,2.66428,off
2017-05-22,5,34.92,183.1,1495422000000,2017-05-22T05:00:00.000+02:00,1,5,6.393852,off
2017-05-22,6,69.58,20.9,1495425600000,2017-05-22T06:00:00.000+02:00,1,5,1.4542219999999997,morning
2017-05-22,7,79.96,64.3,1495429200000,2017-05-22T07:00:00.000+02:00,1,5,5.1414279999999986,morning
2017-05-22,8,69.05,50,1495432800000,2017-05-22T08:00:00.000+02:00,1,5,3.4525,morning
2017-05-22,9,69.05,50,1495436400000,2017-05-22T09:00:00.000+02:00,1,5,3.4525,standard
2017-05-22,10,68.05,44,1495440000000,2017-05-22T10:00:00.000+02:00,1,5,2.9941999999999998,standard
2017-05-22,11,68.05,44,1495443600000,2017-05-22T11:00:00.000+02:00,1,5,2.9941999999999998,standard
2017-05-22,12,68.05,44,1495447200000,2017-05-22T12:00:00.000+02:00,1,5,2.9941999999999998,standard
2017-05-22,13,68.05,44,1495450800000,2017-05-22T13:00:00.000+02:00,1,5,2.9941999999999998,standard
2017-05-22,14,68.05,44,1495454400000,2017-05-22T14:00:00.000+02:00,1,5,2.9941999999999998,standard
2017-05-22,15,68.05,44,1495458000000,2017-05-22T15:00:00.000+02:00,1,5,2.9941999999999998,standard
2017-05-22,16,68.05,44,1495461600000,2017-05-22T16:00:00.000+02:00,1,5,2.9941999999999998,standard
2017-05-22,17,69.58,20.9,1495465200000,2017-05-22T17:00:00.000+02:00,1,5,1.4542219999999997,standard
2017-05-22,18,93,27.9,1495468800000,2017-05-22T18:00:00.000+02:00,1,5,2.5947,evening
2017-05-22,19,93.28,38,1495472400000,2017-05-22T19:00:00.000+02:00,1,5,3.54464,evening
2017-05-22,20,69.91,24.4,1495476000000,2017-05-22T20:00:00.000+02:00,1,5,1.7058039999999999,standard
2017-05-22,21,68.04,45,1495479600000,2017-05-22T21:00:00.000+02:00,1,5,3.0618000000000003,standard
2017-05-22,22,31.92,84.5,1495483200000,2017-05-22T22:00:00.000+02:00,1,5,2.6972400000000003,off
2017-05-22,23,31.97,112.9,1495486800000,2017-05-22T23:00:00.000+02:00,1,5,3.609413,off
2017-05-23,0,31.29,77,1495490400000,2017-05-23T00:00:00.000+02:00,2,5,2.4093299999999997,off
2017-05-23,1,30.38,88,1495494000000,2017-05-23T01:00:00.000+02:00,2,5,2.6734400000000003,off
2017-05-23,2,30.13,92,1495497600000,2017-05-23T02:00:00.000+02:00,2,5,2.77196,off
2017-05-23,3,30,90.1,1495501200000,2017-05-23T03:00:00.000+02:00,2,5,2.703,off
2017-05-23,4,31.1,75,1495504800000,2017-05-23T04:00:00.000+02:00,2,5,2.3325,off
2017-05-23,5,33.91,193,1495508400000,2017-05-23T05:00:00.000+02:00,2,5,6.544629999999999,off
2017-05-23,6,68.99,44.6,1495512000000,2017-05-23T06:00:00.000+02:00,2,5,3.0769539999999997,morning
2017-05-23,7,79.94,87,1495515600000,2017-05-23T07:00:00.000+02:00,2,5,6.9547799999999995,morning
2017-05-23,8,68.98,50,1495519200000,2017-05-23T08:00:00.000+02:00,2,5,3.449,morning
2017-05-23,9,68.98,50,1495522800000,2017-05-23T09:00:00.000+02:00,2,5,3.449,standard
2017-05-23,10,68,27.5,1495526400000,2017-05-23T10:00:00.000+02:00,2,5,1.87,standard
2017-05-23,11,68,27.5,1495530000000,2017-05-23T11:00:00.000+02:00,2,5,1.87,standard
2017-05-23,12,68,27.5,1495533600000,2017-05-23T12:00:00.000+02:00,2,5,1.87,standard
2017-05-23,13,67.99,27.5,1495537200000,2017-05-23T13:00:00.000+02:00,2,5,1.8697249999999999,standard
2017-05-23,14,67.99,27.5,1495540800000,2017-05-23T14:00:00.000+02:00,2,5,1.8697249999999999,standard
2017-05-23,15,68,27.5,1495544400000,2017-05-23T15:00:00.000+02:00,2,5,1.87,standard
2017-05-23,16,68,27.5,1495548000000,2017-05-23T16:00:00.000+02:00,2,5,1.87,standard
2017-05-23,17,68.99,31.3,1495551600000,2017-05-23T17:00:00.000+02:00,2,5,2.1593869999999997,standard
2017-05-23,18,92.99,31.6,1495555200000,2017-05-23T18:00:00.000+02:00,2,5,2.938484,evening
2017-05-23,19,93.91,37,1495558800000,2017-05-23T19:00:00.000+02:00,2,5,3.47467,evening
2017-05-23,20,69.41,32.8,1495562400000,2017-05-23T20:00:00.000+02:00,2,5,2.276648,standard
2017-05-23,21,68,27.5,1495566000000,2017-05-23T21:00:00.000+02:00,2,5,1.87,standard
2017-05-23,22,31.86,56,1495569600000,2017-05-23T22:00:00.000+02:00,2,5,1.7841599999999997,off
2017-05-23,23,31.7,75.9,1495573200000,2017-05-23T23:00:00.000+02:00,2,5,2.4060300000000003,off
2017-05-24,0,30.91,124,1495576800000,2017-05-24T00:00:00.000+02:00,3,5,3.83284,off
2017-05-24,1,30.43,134,1495580400000,2017-05-24T01:00:00.000+02:00,3,5,4.07762,off
2017-05-24,2,30.4,135,1495584000000,2017-05-24T02:00:00.000+02:00,3,5,4.104,off
2017-05-24,3,30.83,134,1495587600000,2017-05-24T03:00:00.000+02:00,3,5,4.131219999999999,off
2017-05-24,4,31,118,1495591200000,2017-05-24T04:00:00.000+02:00,3,5,3.658,off
2017-05-24,5,33.91,193.8,1495594800000,2017-05-24T05:00:00.000+02:00,3,5,6.571758,off
2017-05-24,6,68.97,81.5,1495598400000,2017-05-24T06:00:00.000+02:00,3,5,5.621055,morning
2017-05-24,7,79.95,76,1495602000000,2017-05-24T07:00:00.000+02:00,3,5,6.0762,morning
2017-05-24,8,68.93,117,1495605600000,2017-05-24T08:00:00.000+02:00,3,5,8.06481,morning
2017-05-24,9,68.93,110,1495609200000,2017-05-24T09:00:00.000+02:00,3,5,7.582300000000001,standard
2017-05-24,10,67.94,83.1,1495612800000,2017-05-24T10:00:00.000+02:00,3,5,5.645814,standard
2017-05-24,11,67.94,81.8,1495616400000,2017-05-24T11:00:00.000+02:00,3,5,5.557491999999999,standard
2017-05-24,12,67.93,84.3,1495620000000,2017-05-24T12:00:00.000+02:00,3,5,5.7264990000000004,standard
2017-05-24,13,67.93,86.2,1495623600000,2017-05-24T13:00:00.000+02:00,3,5,5.8555660000000005,standard
2017-05-24,14,67.93,85.7,1495627200000,2017-05-24T14:00:00.000+02:00,3,5,5.821601,standard
2017-05-24,15,67.93,88.3,1495630800000,2017-05-24T15:00:00.000+02:00,3,5,5.998219,standard
2017-05-24,16,67.94,87.8,1495634400000,2017-05-24T16:00:00.000+02:00,3,5,5.965132,standard
2017-05-24,17,68.98,53.8,1495638000000,2017-05-24T17:00:00.000+02:00,3,5,3.711124,standard
2017-05-24,18,92.99,32.9,1495641600000,2017-05-24T18:00:00.000+02:00,3,5,3.0593709999999996,evening
2017-05-24,19,93.18,39,1495645200000,2017-05-24T19:00:00.000+02:00,3,5,3.6340200000000005,evening
2017-05-24,20,69,48.9,1495648800000,2017-05-24T20:00:00.000+02:00,3,5,3.3741,standard
2017-05-24,21,67.94,84.2,1495652400000,2017-05-24T21:00:00.000+02:00,3,5,5.720548,standard
2017-05-24,22,31.57,88.8,1495656000000,2017-05-24T22:00:00.000+02:00,3,5,2.803416,off
2017-05-24,23,31.12,115,1495659600000,2017-05-24T23:00:00.000+02:00,3,5,3.5788,off
2017-05-25,0,30.05,97.5,1495663200000,2017-05-25T00:00:00.000+02:00,4,5,2.929875,off
2017-05-25,1,30.02,93.1,1495666800000,2017-05-25T01:00:00.000+02:00,4,5,2.7948619999999997,off
2017-05-25,2,30.02,93.2,1495670400000,2017-05-25T02:00:00.000+02:00,4,5,2.797864,off
2017-05-25,3,30.02,89.7,1495674000000,2017-05-25T03:00:00.000+02:00,4,5,2.6927939999999997,off
2017-05-25,4,30.93,119,1495677600000,2017-05-25T04:00:00.000+02:00,4,5,3.68067,off
2017-05-25,5,33.9,179.2,1495681200000,2017-05-25T05:00:00.000+02:00,4,5,6.074879999999999,off
2017-05-25,6,68.96,79.1,1495684800000,2017-05-25T06:00:00.000+02:00,4,5,5.454735999999999,morning
2017-05-25,7,79.95,77,1495688400000,2017-05-25T07:00:00.000+02:00,4,5,6.15615,morning
2017-05-25,8,68.92,114,1495692000000,2017-05-25T08:00:00.000+02:00,4,5,7.85688,morning
2017-05-25,9,68.92,107,1495695600000,2017-05-25T09:00:00.000+02:00,4,5,7.374440000000001,standard
2017-05-25,10,66.94,73,1495699200000,2017-05-25T10:00:00.000+02:00,4,5,4.88662,standard
2017-05-25,11,66.94,72.9,1495702800000,2017-05-25T11:00:00.000+02:00,4,5,4.879926,standard
2017-05-25,12,66.92,72.9,1495706400000,2017-05-25T12:00:00.000+02:00,4,5,4.878468000000001,standard
2017-05-25,13,66.91,72.8,1495710000000,2017-05-25T13:00:00.000+02:00,4,5,4.871048,standard
2017-05-25,14,66.92,72.9,1495713600000,2017-05-25T14:00:00.000+02:00,4,5,4.878468000000001,standard
2017-05-25,15,66.92,72.9,1495717200000,2017-05-25T15:00:00.000+02:00,4,5,4.878468000000001,standard
2017-05-25,16,66.94,73,1495720800000,2017-05-25T16:00:00.000+02:00,4,5,4.88662,standard
2017-05-25,17,68.98,47.5,1495724400000,2017-05-25T17:00:00.000+02:00,4,5,3.2765500000000003,standard
2017-05-25,18,93,30.1,1495728000000,2017-05-25T18:00:00.000+02:00,4,5,2.7993,evening
2017-05-25,19,94.17,37,1495731600000,2017-05-25T19:00:00.000+02:00,4,5,3.48429,evening
2017-05-25,20,68.99,51.6,1495735200000,2017-05-25T20:00:00.000+02:00,4,5,3.559884,standard
2017-05-25,21,66.94,72.9,1495738800000,2017-05-25T21:00:00.000+02:00,4,5,4.879926,standard
2017-05-25,22,30.96,82,1495742400000,2017-05-25T22:00:00.000+02:00,4,5,2.53872,off
2017-05-25,23,30.88,113,1495746000000,2017-05-25T23:00:00.000+02:00,4,5,3.48944,off
2017-05-26,0,32.14,71.9,1495749600000,2017-05-26T00:00:00.000+02:00,5,5,2.3108660000000003,off
2017-05-26,1,32.13,71.3,1495753200000,2017-05-26T01:00:00.000+02:00,5,5,2.2908690000000003,off
2017-05-26,2,32.13,71.3,1495756800000,2017-05-26T02:00:00.000+02:00,5,5,2.2908690000000003,off
2017-05-26,3,32.23,75.4,1495760400000,2017-05-26T03:00:00.000+02:00,5,5,2.430142,off
2017-05-26,4,32.23,75.4,1495764000000,2017-05-26T04:00:00.000+02:00,5,5,2.430142,off
2017-05-26,5,33.93,158.5,1495767600000,2017-05-26T05:00:00.000+02:00,5,5,5.377905,off
2017-05-26,6,68.99,43.3,1495771200000,2017-05-26T06:00:00.000+02:00,5,5,2.9872669999999992,morning
2017-05-26,7,84.07,19,1495774800000,2017-05-26T07:00:00.000+02:00,5,5,1.59733,morning
2017-05-26,8,68.99,50,1495778400000,2017-05-26T08:00:00.000+02:00,5,5,3.4494999999999996,morning
2017-05-26,9,68.98,50,1495782000000,2017-05-26T09:00:00.000+02:00,5,5,3.449,standard
2017-05-26,10,66.96,73,1495785600000,2017-05-26T10:00:00.000+02:00,5,5,4.8880799999999995,standard
2017-05-26,11,66.95,73,1495789200000,2017-05-26T11:00:00.000+02:00,5,5,4.8873500000000005,standard
2017-05-26,12,66.95,73,1495792800000,2017-05-26T12:00:00.000+02:00,5,5,4.8873500000000005,standard
2017-05-26,13,66.94,73,1495796400000,2017-05-26T13:00:00.000+02:00,5,5,4.88662,standard
2017-05-26,14,66.94,73,1495800000000,2017-05-26T14:00:00.000+02:00,5,5,4.88662,standard
2017-05-26,15,66.94,73,1495803600000,2017-05-26T15:00:00.000+02:00,5,5,4.88662,standard
2017-05-26,16,66.95,73,1495807200000,2017-05-26T16:00:00.000+02:00,5,5,4.8873500000000005,standard
2017-05-26,17,69,30.6,1495810800000,2017-05-26T17:00:00.000+02:00,5,5,2.1114,standard
2017-05-26,18,93,30.1,1495814400000,2017-05-26T18:00:00.000+02:00,5,5,2.7993,evening
2017-05-26,19,94.17,37,1495818000000,2017-05-26T19:00:00.000+02:00,5,5,3.48429,evening
2017-05-26,20,69.48,32.4,1495821600000,2017-05-26T20:00:00.000+02:00,5,5,2.2511520000000003,standard
2017-05-26,21,66.94,73,1495825200000,2017-05-26T21:00:00.000+02:00,5,5,4.88662,standard
2017-05-26,22,31.9,62.3,1495828800000,2017-05-26T22:00:00.000+02:00,5,5,1.9873699999999999,off
2017-05-26,23,32.15,72.2,1495832400000,2017-05-26T23:00:00.000+02:00,5,5,2.32123,off
2017-05-27,0,30.63,116,1495836000000,2017-05-27T00:00:00.000+02:00,6,5,3.55308,off
2017-05-27,1,24,129,1495839600000,2017-05-27T01:00:00.000+02:00,6,5,3.096,off
2017-05-27,2,23.99,124,1495843200000,2017-05-27T02:00:00.000+02:00,6,5,2.97476,off
2017-05-27,3,23.98,121,1495846800000,2017-05-27T03:00:00.000+02:00,6,5,2.90158,off
2017-05-27,4,24,131,1495850400000,2017-05-27T04:00:00.000+02:00,6,5,3.144,off
2017-05-27,5,32.63,85.2,1495854000000,2017-05-27T05:00:00.000+02:00,6,5,2.7800760000000007,off
2017-05-27,6,32.22,109,1495857600000,2017-05-27T06:00:00.000+02:00,6,5,3.51198,off
2017-05-27,7,39.99,34,1495861200000,2017-05-27T07:00:00.000+02:00,6,5,1.35966,standard
2017-05-27,8,39.92,56,1495864800000,2017-05-27T08:00:00.000+02:00,6,5,2.23552,standard
2017-05-27,9,49.9,65,1495868400000,2017-05-27T09:00:00.000+02:00,6,5,3.2435,standard
2017-05-27,10,57.96,56,1495872000000,2017-05-27T10:00:00.000+02:00,6,5,3.24576,standard
2017-05-27,11,49.94,58,1495875600000,2017-05-27T11:00:00.000+02:00,6,5,2.8965199999999998,standard
2017-05-27,12,34.36,129,1495879200000,2017-05-27T12:00:00.000+02:00,6,5,4.43244,off
2017-05-27,13,33.88,129,1495882800000,2017-05-27T13:00:00.000+02:00,6,5,4.370520000000001,off
2017-05-27,14,33.3,119,1495886400000,2017-05-27T14:00:00.000+02:00,6,5,3.9627,off
2017-05-27,15,32.65,110.7,1495890000000,2017-05-27T15:00:00.000+02:00,6,5,3.614355,off
2017-05-27,16,33.14,114,1495893600000,2017-05-27T16:00:00.000+02:00,6,5,3.77796,off
2017-05-27,17,34.36,139,1495897200000,2017-05-27T17:00:00.000+02:00,6,5,4.77604,off
2017-05-27,18,65.98,34.6,1495900800000,2017-05-27T18:00:00.000+02:00,6,5,2.2829080000000004,standard
2017-05-27,19,65.99,41.6,1495904400000,2017-05-27T19:00:00.000+02:00,6,5,2.7451839999999996,standard
2017-05-27,20,34.9,153.4,1495908000000,2017-05-27T20:00:00.000+02:00,6,5,5.35366,off
2017-05-27,21,33.66,100,1495911600000,2017-05-27T21:00:00.000+02:00,6,5,3.3659999999999997,off
2017-05-27,22,31.92,102,1495915200000,2017-05-27T22:00:00.000+02:00,6,5,3.25584,off
2017-05-27,23,31.1,122,1495918800000,2017-05-27T23:00:00.000+02:00,6,5,3.7942000000000005,off
2017-05-28,0,18.08,120,1495922400000,2017-05-28T00:00:00.000+02:00,7,5,2.1696,off
2017-05-28,1,18.04,109,1495926000000,2017-05-28T01:00:00.000+02:00,7,5,1.9663599999999999,off
2017-05-28,2,18.02,109,1495929600000,2017-05-28T02:00:00.000+02:00,7,5,1.96418,off
2017-05-28,3,18.01,106,1495933200000,2017-05-28T03:00:00.000+02:00,7,5,1.9090600000000002,off
2017-05-28,4,18.01,111,1495936800000,2017-05-28T04:00:00.000+02:00,7,5,1.9991100000000002,off
2017-05-28,5,17.96,64,1495940400000,2017-05-28T05:00:00.000+02:00,7,5,1.14944,off
2017-05-28,6,17.94,69,1495944000000,2017-05-28T06:00:00.000+02:00,7,5,1.2378600000000002,off
2017-05-28,7,17.97,129,1495947600000,2017-05-28T07:00:00.000+02:00,7,5,2.3181299999999996,off
2017-05-28,8,18,175,1495951200000,2017-05-28T08:00:00.000+02:00,7,5,3.15,off
2017-05-28,9,26.91,166,1495954800000,2017-05-28T09:00:00.000+02:00,7,5,4.46706,off
2017-05-28,10,26.94,125,1495958400000,2017-05-28T10:00:00.000+02:00,7,5,3.3675,off
2017-05-28,11,26.93,128,1495962000000,2017-05-28T11:00:00.000+02:00,7,5,3.44704,off
2017-05-28,12,26.93,126,1495965600000,2017-05-28T12:00:00.000+02:00,7,5,3.3931799999999996,off
2017-05-28,13,26.92,138,1495969200000,2017-05-28T13:00:00.000+02:00,7,5,3.71496,off
2017-05-28,14,26.9,140,1495972800000,2017-05-28T14:00:00.000+02:00,7,5,3.766,off
2017-05-28,15,17.99,134,1495976400000,2017-05-28T15:00:00.000+02:00,7,5,2.41066,off
2017-05-28,16,26.9,142,1495980000000,2017-05-28T16:00:00.000+02:00,7,5,3.8198,off
2017-05-28,17,26.96,116,1495983600000,2017-05-28T17:00:00.000+02:00,7,5,3.12736,off
2017-05-28,18,44.96,76,1495987200000,2017-05-28T18:00:00.000+02:00,7,5,3.41696,off
2017-05-28,19,44.96,82.9,1495990800000,2017-05-28T19:00:00.000+02:00,7,5,3.7271840000000003,off
2017-05-28,20,35.55,168,1495994400000,2017-05-28T20:00:00.000+02:00,7,5,5.9723999999999995,off
2017-05-28,21,29.5,73,1495998000000,2017-05-28T21:00:00.000+02:00,7,5,2.1535,off
2017-05-28,22,25.95,122,1496001600000,2017-05-28T22:00:00.000+02:00,7,5,3.1659,off
2017-05-28,23,25.91,139,1496005200000,2017-05-28T23:00:00.000+02:00,7,5,3.60149,off
2017-05-29,0,30.3,136,1496008800000,2017-05-29T00:00:00.000+02:00,1,5,4.1208,off
2017-05-29,1,30.09,139.3,1496012400000,2017-05-29T01:00:00.000+02:00,1,5,4.191537,off
2017-05-29,2,30.08,139.7,1496016000000,2017-05-29T02:00:00.000+02:00,1,5,4.202176,off
2017-05-29,3,30.09,146.2,1496019600000,2017-05-29T03:00:00.000+02:00,1,5,4.399157999999999,off
2017-05-29,4,32,136,1496023200000,2017-05-29T04:00:00.000+02:00,1,5,4.352,off
2017-05-29,5,33.96,95.3,1496026800000,2017-05-29T05:00:00.000+02:00,1,5,3.236388,off
2017-05-29,6,68.97,80.1,1496030400000,2017-05-29T06:00:00.000+02:00,1,5,5.524496999999999,morning
2017-05-29,7,83.93,101,1496034000000,2017-05-29T07:00:00.000+02:00,1,5,8.47693,morning
2017-05-29,8,69.73,130,1496037600000,2017-05-29T08:00:00.000+02:00,1,5,9.0649,morning
2017-05-29,9,69.91,114,1496041200000,2017-05-29T09:00:00.000+02:00,1,5,7.96974,standard
2017-05-29,10,66.97,60,1496044800000,2017-05-29T10:00:00.000+02:00,1,5,4.0182,standard
2017-05-29,11,66.96,60,1496048400000,2017-05-29T11:00:00.000+02:00,1,5,4.0176,standard
2017-05-29,12,66.96,60,1496052000000,2017-05-29T12:00:00.000+02:00,1,5,4.0176,standard
2017-05-29,13,66.96,60,1496055600000,2017-05-29T13:00:00.000+02:00,1,5,4.0176,standard
2017-05-29,14,66.96,60,1496059200000,2017-05-29T14:00:00.000+02:00,1,5,4.0176,standard
2017-05-29,15,66.96,60,1496062800000,2017-05-29T15:00:00.000+02:00,1,5,4.0176,standard
2017-05-29,16,66.96,60,1496066400000,2017-05-29T16:00:00.000+02:00,1,5,4.0176,standard
2017-05-29,17,80.13,92,1496070000000,2017-05-29T17:00:00.000+02:00,1,5,7.371959999999999,standard
2017-05-29,18,100.06,40.1,1496073600000,2017-05-29T18:00:00.000+02:00,1,5,4.012406,evening
2017-05-29,19,94,27.2,1496077200000,2017-05-29T19:00:00.000+02:00,1,5,2.5567999999999995,evening
2017-05-29,20,68.99,44.1,1496080800000,2017-05-29T20:00:00.000+02:00,1,5,3.042459,standard
2017-05-29,21,66.96,60,1496084400000,2017-05-29T21:00:00.000+02:00,1,5,4.0176,standard
2017-05-29,22,32.97,66.7,1496088000000,2017-05-29T22:00:00.000+02:00,1,5,2.1990990000000004,off
2017-05-29,23,32.94,64.8,1496091600000,2017-05-29T23:00:00.000+02:00,1,5,2.1345119999999995,off
2017-05-30,0,30.07,112.4,1496095200000,2017-05-30T00:00:00.000+02:00,2,5,3.3798680000000005,off
2017-05-30,1,30.04,107.1,1496098800000,2017-05-30T01:00:00.000+02:00,2,5,3.217284,off
2017-05-30,2,30.03,107.3,1496102400000,2017-05-30T02:00:00.000+02:00,2,5,3.222219,off
2017-05-30,3,30.06,118.7,1496106000000,2017-05-30T03:00:00.000+02:00,2,5,3.568122,off
2017-05-30,4,30.64,125,1496109600000,2017-05-30T04:00:00.000+02:00,2,5,3.83,off
2017-05-30,5,34.42,163,1496113200000,2017-05-30T05:00:00.000+02:00,2,5,5.61046,off
2017-05-30,6,69.97,94.1,1496116800000,2017-05-30T06:00:00.000+02:00,2,5,6.5841769999999995,morning
2017-05-30,7,84.93,109.3,1496120400000,2017-05-30T07:00:00.000+02:00,2,5,9.282849,morning
2017-05-30,8,69.91,131,1496124000000,2017-05-30T08:00:00.000+02:00,2,5,9.158209999999999,morning
2017-05-30,9,69.91,127,1496127600000,2017-05-30T09:00:00.000+02:00,2,5,8.87857,standard
2017-05-30,10,67.95,101,1496131200000,2017-05-30T10:00:00.000+02:00,2,5,6.8629500000000005,standard
2017-05-30,11,67.93,104.9,1496134800000,2017-05-30T11:00:00.000+02:00,2,5,7.125857000000001,standard
2017-05-30,12,67.91,112.8,1496138400000,2017-05-30T12:00:00.000+02:00,2,5,7.660247999999999,standard
2017-05-30,13,65.06,95,1496142000000,2017-05-30T13:00:00.000+02:00,2,5,6.1807,standard
2017-05-30,14,65.06,95,1496145600000,2017-05-30T14:00:00.000+02:00,2,5,6.1807,standard
2017-05-30,15,65.04,95,1496149200000,2017-05-30T15:00:00.000+02:00,2,5,6.1788,standard
2017-05-30,16,66.03,121,1496152800000,2017-05-30T16:00:00.000+02:00,2,5,7.98963,standard
2017-05-30,17,72.39,83,1496156400000,2017-05-30T17:00:00.000+02:00,2,5,6.00837,standard
2017-05-30,18,101.04,63.8,1496160000000,2017-05-30T18:00:00.000+02:00,2,5,6.446352,evening
2017-05-30,19,95,29.1,1496163600000,2017-05-30T19:00:00.000+02:00,2,5,2.7645,evening
2017-05-30,20,69.98,48.3,1496167200000,2017-05-30T20:00:00.000+02:00,2,5,3.380034,standard
2017-05-30,21,67.69,89,1496170800000,2017-05-30T21:00:00.000+02:00,2,5,6.02441,standard
2017-05-30,22,31.76,92,1496174400000,2017-05-30T22:00:00.000+02:00,2,5,2.92192,off
2017-05-30,23,30.1,116.4,1496178000000,2017-05-30T23:00:00.000+02:00,2,5,3.5036400000000003,off
2017-05-31,0,30.25,124,1496181600000,2017-05-31T00:00:00.000+02:00,3,5,3.751,off
2017-05-31,1,30.08,121.5,1496185200000,2017-05-31T01:00:00.000+02:00,3,5,3.6547199999999997,off
2017-05-31,2,30.07,121.5,1496188800000,2017-05-31T02:00:00.000+02:00,3,5,3.653505,off
2017-05-31,3,30.08,128.3,1496192400000,2017-05-31T03:00:00.000+02:00,3,5,3.859264,off
2017-05-31,4,30.99,90,1496196000000,2017-05-31T04:00:00.000+02:00,3,5,2.7891,off
2017-05-31,5,34.63,185,1496199600000,2017-05-31T05:00:00.000+02:00,3,5,6.40655,off
2017-05-31,6,69.99,61.1,1496203200000,2017-05-31T06:00:00.000+02:00,3,5,4.276389,morning
2017-05-31,7,77.99,57,1496206800000,2017-05-31T07:00:00.000+02:00,3,5,4.445429999999999,morning
2017-05-31,8,69.94,100,1496210400000,2017-05-31T08:00:00.000+02:00,3,5,6.994,morning
2017-05-31,9,69.95,92,1496214000000,2017-05-31T09:00:00.000+02:00,3,5,6.4354000000000005,standard
2017-05-31,10,67.96,83.6,1496217600000,2017-05-31T10:00:00.000+02:00,3,5,5.681455999999999,standard
2017-05-31,11,67.96,85.6,1496221200000,2017-05-31T11:00:00.000+02:00,3,5,5.817375999999999,standard
2017-05-31,12,67.96,84.6,1496224800000,2017-05-31T12:00:00.000+02:00,3,5,5.749415999999999,standard
2017-05-31,13,65.96,66.2,1496228400000,2017-05-31T13:00:00.000+02:00,3,5,4.3665519999999995,standard
2017-05-31,14,65.95,66.2,1496232000000,2017-05-31T14:00:00.000+02:00,3,5,4.36589,standard
2017-05-31,15,65.97,66.3,1496235600000,2017-05-31T15:00:00.000+02:00,3,5,4.373811,standard
2017-05-31,16,65.97,66.3,1496239200000,2017-05-31T16:00:00.000+02:00,3,5,4.373811,standard
2017-05-31,17,80.09,67.9,1496242800000,2017-05-31T17:00:00.000+02:00,3,5,5.438111000000001,standard
2017-05-31,18,105.05,93.2,1496246400000,2017-05-31T18:00:00.000+02:00,3,5,9.790659999999999,evening
2017-05-31,19,99.99,63.8,1496250000000,2017-05-31T19:00:00.000+02:00,3,5,6.3793619999999995,evening
2017-05-31,20,70,31,1496253600000,2017-05-31T20:00:00.000+02:00,3,5,2.17,standard
2017-05-31,21,67.94,73.5,1496257200000,2017-05-31T21:00:00.000+02:00,3,5,4.99359,standard
2017-05-31,22,32.01,65,1496260800000,2017-05-31T22:00:00.000+02:00,3,5,2.08065,off
2017-05-31,23,31.9,101,1496264400000,2017-05-31T23:00:00.000+02:00,3,5,3.2218999999999998,off