date,datetime,year,month,meanDailyWeatherImpact,meanDailyCapFactor,specificYield,energyMWh,meanDailyEnergyMWh,p90DailyEnergyMWh,p10DailyEnergyMWh,stdevDailyEnergyMWh,coefVarDailyEnergy
978300000000,2001-01-01T00:00:00.000+02:00,2001,1,-0.905072720139977,0.0913009259259259,67.92788888888889,8151.346666666665,262.9466666666666,781.2800000000001,19.939999999999998,357.0755193616714,1.3579769764274308
980978400000,2001-02-01T00:00:00.000+02:00,2001,2,-0.9022816056114499,0.09508655753968254,63.898166666666654,7667.78,273.8492857142857,516.1966666666668,104.58466666666668,206.10933086853646,0.7526378253313242
983397600000,2001-03-01T00:00:00.000+02:00,2001,3,-0.7268015515885187,0.2652877090800478,197.37405555555557,23684.886666666665,764.0286021505376,1559.2533333333333,118.83999999999999,586.0649463269119,0.7670719979295209
986076000000,2001-04-01T00:00:00.000+02:00,2001,4,-0.4888316564883021,0.5111233796296297,368.00883333333326,44161.06,1472.0353333333333,2309.4233333333336,733.2426666666668,604.061377321329,0.41035793342913124
988668000000,2001-05-01T00:00:00.000+02:00,2001,5,-0.38713224025681886,0.612917413381123,456.01055555555564,54721.26666666668,1765.2021505376347,2602.6933333333336,858.8866666666667,665.2845269326212,0.376888577169472
991346400000,2001-06-01T00:00:00.000+02:00,2001,6,-0.35032576129249215,0.6498486882716049,467.89105555555557,56146.926666666666,1871.5642222222223,2381.8653333333336,1236.8300000000002,470.6491530898185,0.25147368575521717
993938400000,2001-07-01T00:00:00.000+02:00,2001,7,-0.3720392138801913,0.6281948178016725,467.3769444444445,56085.23333333334,1809.2010752688172,2642.706666666667,624.98,755.6925705369421,0.41769407550493454
996616800000,2001-08-01T00:00:00.000+02:00,2001,8,-0.5091114231641355,0.49092607526881726,365.24899999999997,43829.88000000001,1413.867096774194,2751.906666666667,693.2733333333333,681.7948622209761,0.4822199086296895
999295200000,2001-09-01T00:00:00.000+02:00,2001,9,-0.535218491349054,0.4649213734567902,334.743388888889,40169.206666666665,1338.9735555555555,2387.1986666666667,588.6460000000001,748.6107974312154,0.5590930413264272
1001887200000,2001-10-01T00:00:00.000+02:00,2001,10,-0.4787184638368608,0.521513216845878,388.0058333333334,46560.7,1501.9580645161288,2138.386666666667,750.0466666666667,577.5145346439499,0.3845077624254457
1004565600000,2001-11-01T00:00:00.000+02:00,2001,11,-0.6825514807066909,0.3175484567901234,228.63488888888887,27436.18666666667,914.5395555555556,1770.2206666666668,344.15133333333324,487.5484125537727,0.5331080646999479
1007157600000,2001-12-01T00:00:00.000+02:00,2001,12,-0.8212034727374693,0.15728838112305862,117.02255555555557,14042.70666666667,452.9905376344087,994.9866666666667,74.96666666666667,413.1415560717719,0.9120313157737582
1009836000000,2002-01-01T00:00:00.000+02:00,2002,1,-0.8248098060876494,0.1684976851851852,125.3622777777778,15043.473333333337,485.2733333333334,1204.2266666666667,73.78,561.0943015242293,1.1562438382304734
1012514400000,2002-02-01T00:00:00.000+02:00,2002,2,-0.7798657969009924,0.21420535714285713,143.94599999999997,17273.520000000004,616.9114285714287,1380.6953333333333,60.74,645.2980034708618,1.0460140201408934
1014933600000,2002-03-01T00:00:00.000+02:00,2002,3,-0.6145470766761039,0.3742917413381122,278.4730555555556,33416.76666666667,1077.9602150537635,2387.62,225.17999999999995,775.9594314357073,0.7198405104375825
1017612000000,2002-04-01T00:00:00.000+02:00,2002,4,-0.5268234242826915,0.47313495370370373,340.6571666666667,40878.86,1362.6286666666667,2027.9786666666664,617.864,565.2316826286395,0.4148097691290605
1020204000000,2002-05-01T00:00:00.000+02:00,2002,5,-0.4960011826998782,0.5040396505376344,375.00550000000004,45000.659999999996,1451.634193548387,2298.6333333333328,415.94,702.2491088131511,0.4837645130806456
1022882400000,2002-06-01T00:00:00.000+02:00,2002,6,-0.41202647745821325,0.5881314043209876,423.45461111111115,50814.55333333333,1693.8184444444444,2503.1006666666663,701.9213333333333,678.8287871730358,0.40076832874239066
1025474400000,2002-07-01T00:00:00.000+02:00,2002,7,-0.6262607028697712,0.3738785842293908,278.16566666666665,33379.880000000005,1076.7703225806454,1970.62,384.2666666666666,725.0712925536686,0.6733759998287508
1028152800000,2002-08-01T00:00:00.000+02:00,2002,8,-0.429821781087063,0.5702217741935482,424.245,50909.4,1642.2387096774194,2499.433333333334,1013.3666666666666,589.8897353772694,0.35919853301542254
1030831200000,2002-09-01T00:00:00.000+02:00,2002,9,-0.44824520398954015,0.5519208333333333,397.383,47685.96000000001,1589.5320000000002,2777.858666666666,837.2840000000002,705.8426915416483,0.444056924643007
1033423200000,2002-10-01T00:00:00.000+02:00,2002,10,-0.45911330328694994,0.5411270908004779,402.59855555555544,48311.82666666667,1558.4460215053764,2274.98,758.8533333333334,575.29607890805,0.36914726013567317
1036101600000,2002-11-01T00:00:00.000+02:00,2002,11,-0.5117182245095679,0.48843549382716056,351.6735555555554,42200.826666666675,1406.6942222222226,2668.425333333333,384.96,842.1813025230905,0.598695359104167
1038693600000,2002-12-01T00:00:00.000+02:00,2002,12,-0.7462633762789529,0.22321363500597372,166.0709444444444,19928.513333333336,642.8552688172044,1388.4266666666665,38.07333333333333,604.8774694902016,0.9409232510501493
1041372000000,2003-01-01T00:00:00.000+02:00,2003,1,-0.863376910372475,0.13140389784946238,97.76450000000001,11731.740000000002,378.44322580645166,1125.8666666666668,86.54666666666667,392.7233690237894,1.037733911571299
1044050400000,2003-02-01T00:00:00.000+02:00,2003,2,-0.8844527969740581,0.11243518518518517,75.55644444444444,9066.773333333338,323.8133333333335,1038.6180000000002,30.746,455.6660249221054,1.4071873453494972
1046469600000,2003-03-01T00:00:00.000+02:00,2003,3,-0.7974007824074966,0.19673275089605732,146.36916666666673,17564.3,566.5903225806452,1300.4399999999998,64.08666666666667,531.8184331763886,0.9386295741058878
1049148000000,2003-04-01T00:00:00.000+02:00,2003,4,-0.47477370694644416,0.5251800925925925,378.12966666666665,45375.56,1512.5186666666666,2234.6513333333337,326.78933333333333,706.9658664700274,0.4674096803235227
1051740000000,2003-05-01T00:00:00.000+02:00,2003,5,-0.47796067896231526,0.5220816158900837,388.4287222222222,46611.44666666666,1503.5950537634408,2600.746666666667,238.05333333333334,907.6841683822389,0.6036759472640857
1054418400000,2003-06-01T00:00:00.000+02:00,2003,6,-0.37507945397377845,0.6250883487654321,450.06361111111113,54007.63333333333,1800.2544444444443,2485.626666666667,855.5826666666667,568.7571129406313,0.3159315144010928
1057010400000,2003-07-01T00:00:00.000+02:00,2003,7,-0.29490875973567476,0.7053540173237751,524.7833888888889,62974.00666666667,2031.4195698924732,2672.4466666666667,1215.486666666667,590.555521649675,0.290710757345384
1059688800000,2003-08-01T00:00:00.000+02:00,2003,8,-0.45415534640685673,0.5458863500597372,406.1394444444444,48736.733333333315,1572.1526881720424,2406.206666666667,505.64,749.2917596362776,0.47660240972362966
1062367200000,2003-09-01T00:00:00.000+02:00,2003,9,-0.4863914408472759,0.5137631172839506,369.9094444444445,44389.133333333324,1479.6377777777775,2563.4546666666665,751.1673333333333,684.6505466553754,0.46271496776976795
1064959200000,2003-10-01T00:00:00.000+02:00,2003,10,-0.5315099651051144,0.46869825268817206,348.71149999999994,41845.380000000005,1349.8509677419356,2089.1133333333337,716.1933333333333,553.3354967977743,0.40992339896856006
1067637600000,2003-11-01T00:00:00.000+02:00,2003,11,-0.5884635855378861,0.41166597222222223,296.3994999999999,35567.93999999999,1185.5979999999995,2148.5853333333334,369.1160000000001,708.2159897094623,0.5973491771320992
1070229600000,2003-12-01T00:00:00.000+02:00,2003,12,-0.7837070685627213,0.19027419354838707,141.56400000000002,16987.68,547.9896774193548,1535.7133333333331,75.10000000000001,659.0778300217574,1.2027194255292353
1072908000000,2004-01-01T00:00:00.000+02:00,2004,1,-0.8677523155906486,0.12719563918757468,94.63355555555555,11356.026666666665,366.323440860215,814.7666666666668,63.199999999999996,344.23801684244245,0.9397105902753297
1075586400000,2004-02-01T00:00:00.000+02:00,2004,2,-0.8191291066015288,0.1759995210727969,122.49566666666668,14699.479999999998,506.8786206896551,1339.0066666666667,96.02266666666668,535.8060078091498,1.05706965324388
1078092000000,2004-03-01T00:00:00.000+02:00,2004,3,-0.7229704109150403,0.26900791517323774,200.1418888888889,24017.026666666665,774.7427956989246,1663.6533333333334,57.65999999999999,638.1944539257241,0.8237500980567168
1080770400000,2004-04-01T00:00:00.000+02:00,2004,4,-0.4781801022620815,0.5217739969135803,375.67727777777776,45081.27333333334,1502.7091111111113,2721.8920000000007,661.6246666666666,831.4139657243445,0.553276718412649
1083362400000,2004-05-01T00:00:00.000+02:00,2004,5,-0.30679331908966434,0.69326284348865,515.7875555555555,61894.50666666667,1996.596989247312,2497.8933333333334,1288.5933333333332,491.9917807589239,0.24641516711111422
1086040800000,2004-06-01T00:00:00.000+02:00,2004,6,-0.39453318090512723,0.6056293981481482,436.0531666666667,52326.37999999999,1744.2126666666663,2713.2586666666666,552.2746666666667,696.1471373920582,0.3991182673397577
1088632800000,2004-07-01T00:00:00.000+02:00,2004,7,-0.43561110103007444,0.5645992383512544,420.06183333333337,50407.42000000001,1626.0458064516133,2579.3933333333334,683.6799999999998,744.0019916236622,0.45755291066937215
1091311200000,2004-08-01T00:00:00.000+02:00,2004,8,-0.4905374985169516,0.5095014187574671,379.0690555555555,45488.28666666666,1467.364086021505,2185.773333333333,710.6733333333333,592.2025472112465,0.4035825551768121
1093989600000,2004-09-01T00:00:00.000+02:00,2004,9,-0.4566960559708112,0.543467438271605,391.2965555555555,46955.58666666667,1565.1862222222223,2401.4700000000003,697.1473333333333,726.1727395247733,0.46395293366035817
1096581600000,2004-10-01T00:00:00.000+02:00,2004,10,-0.44133864638416354,0.5589096475507765,415.8287777777777,49899.45333333333,1609.6597849462364,2327.4466666666663,843.4133333333333,607.9675034943375,0.37769938044059664
1099260000000,2004-11-01T00:00:00.000+02:00,2004,11,-0.6896310420793452,0.31046666666666667,223.536,26824.320000000003,894.1440000000001,1653.3713333333335,242.49333333333334,600.2041252304099,0.6712611449950006
1101852000000,2004-12-01T00:00:00.000+02:00,2004,12,-0.8927091475842123,0.09438440860215051,70.222,8426.64,271.82709677419354,516.5266666666666,48.89333333333334,269.5983210351912,0.9918007595068649
1104530400000,2005-01-01T00:00:00.000+02:00,2005,1,-0.8915340951570861,0.10432235663082436,77.61583333333334,9313.900000000001,300.44838709677424,678.4666666666665,85.64666666666665,270.45120348515934,0.9001586132597449
1107208800000,2005-02-01T00:00:00.000+02:00,2005,2,-0.7260383408296531,0.2665830853174604,179.14383333333333,21497.259999999995,767.7592857142855,2001.4853333333335,96.98533333333333,709.0972723613122,0.9235932219323182
1109628000000,2005-03-01T00:00:00.000+02:00,2005,3,-0.6456314453591645,0.34410745221027483,256.0159444444444,30721.91333333333,991.0294623655913,1817.76,207.7266666666667,681.6892181431831,0.6878596893739044
1112306400000,2005-04-01T00:00:00.000+02:00,2005,4,-0.47338207218844847,0.5265716049382717,379.1315555555556,45495.78666666666,1516.526222222222,2461.8333333333335,592.7213333333334,728.2661504834791,0.4802199525546771
1114898400000,2005-05-01T00:00:00.000+02:00,2005,5,-0.3978499352464349,0.6021988500597372,448.0359444444444,53764.31333333333,1734.332688172043,2489.366666666667,1177.64,531.8958122271271,0.3066861484273448
1117576800000,2005-06-01T00:00:00.000+02:00,2005,6,-0.4267158972744971,0.5734380401234568,412.87538888888884,49545.04666666667,1651.5015555555556,2360.3933333333343,844.9093333333333,624.1812224926662,0.37794770485862195
1120168800000,2005-07-01T00:00:00.000+02:00,2005,7,-0.2837493882021714,0.7165175477897252,533.0890555555557,63970.68666666667,2063.5705376344085,2692.213333333334,1353.1200000000001,550.4956522390942,0.26676851709181676
1122847200000,2005-08-01T00:00:00.000+02:00,2005,8,-0.5691243866302627,0.430908527479092,320.5959444444445,38471.513333333336,1241.016559139785,1742.2266666666667,713.4399999999999,422.8261235661629,0.3407094937228286
1125525600000,2005-09-01T00:00:00.000+02:00,2005,9,-0.4354618594713011,0.5647080246913581,406.5897777777778,48790.77333333333,1626.3591111111111,2429.1666666666674,855.4786666666666,688.154238635816,0.4231256393095596
1128117600000,2005-10-01T00:00:00.000+02:00,2005,10,-0.4768210842970625,0.523411439665472,389.4181111111113,46730.17333333333,1507.4249462365592,2353.2466666666664,731.0466666666666,645.7294375934237,0.42836589589787094
1130796000000,2005-11-01T00:00:00.000+02:00,2005,11,-0.6195188551752226,0.38060092592592587,274.03266666666667,32883.920000000006,1096.130666666667,1890.0460000000003,460.9793333333333,612.7841573675131,0.5590429827412726
1133388000000,2005-12-01T00:00:00.000+02:00,2005,12,-0.6507434880655102,0.3072430555555556,228.5888333333333,27430.660000000003,884.8600000000001,1902.5066666666664,243.99333333333334,677.1354046044918,0.7652458067993713
1136066400000,2006-01-01T00:00:00.000+02:00,2006,1,-0.8946947095693482,0.10128248207885306,75.35416666666667,9042.500000000002,291.6935483870968,665.8399999999998,73.87333333333333,279.3662000684638,0.9577387008153029
1138744800000,2006-02-01T00:00:00.000+02:00,2006,2,-0.871927797441339,0.12462285052910056,83.74655555555556,10049.586666666662,358.9138095238094,681.7333333333333,54.57866666666668,245.99437096794105,0.6853856397844241
1141164000000,2006-03-01T00:00:00.000+02:00,2006,3,-0.6624444478450496,0.3277812873357227,243.86927777777777,29264.313333333335,944.0101075268818,1880.7399999999998,111.99333333333333,712.0600869212403,0.7542928632265344
1143842400000,2006-04-01T00:00:00.000+02:00,2006,4,-0.4604592533602491,0.5394932870370369,388.43516666666665,46612.22,1553.7406666666668,2580.11,657.6913333333334,740.9406255649416,0.47687535086181787
1146434400000,2006-05-01T00:00:00.000+02:00,2006,5,-0.5485444167643226,0.4514921594982079,335.9101666666667,40309.22,1300.2974193548387,2423.2533333333336,371.96000000000004,847.6748250259341,0.6519084114206118
1149112800000,2006-06-01T00:00:00.000+02:00,2006,6,-0.3805360906176426,0.6196302469135804,446.1337777777777,53536.05333333332,1784.5351111111108,2639.8953333333334,906.6533333333334,661.4545980241616,0.3706593352552856
1151704800000,2006-07-01T00:00:00.000+02:00,2006,7,-0.39199585936871933,0.6082307347670252,452.52366666666654,54302.840000000004,1751.7045161290323,2504.106666666666,1177.98,523.2759104190166,0.2987238461743348
1154383200000,2006-08-01T00:00:00.000+02:00,2006,8,-0.4537192238077991,0.5463225059737157,406.46394444444445,48775.673333333325,1573.4088172043007,2395.433333333333,676.0266666666668,646.4797626837715,0.4108784415181199
1157061600000,2006-09-01T00:00:00.000+02:00,2006,9,-0.3732351375743411,0.6269534722222225,451.40650000000005,54168.77999999999,1805.6259999999997,2663.6406666666667,860.5400000000001,719.8990435592673,0.3986977610863309
1159653600000,2006-10-01T00:00:00.000+02:00,2006,10,-0.4826090584590837,0.5176208930704899,385.10994444444447,46213.19333333334,1490.748172043011,2440.2933333333335,754.9733333333331,651.1886560043636,0.4368200264917551
1162332000000,2006-11-01T00:00:00.000+02:00,2006,11,-0.5856309896267226,0.41449945987654324,298.43961111111116,35812.75333333334,1193.7584444444446,2270.3746666666675,484.89000000000004,739.6887741775187,0.6196301920375169
1164924000000,2006-12-01T00:00:00.000+02:00,2006,12,-0.8384985752086215,0.1420737753882915,105.70288888888888,12684.346666666666,409.1724731182796,902.0200000000002,56.87999999999999,541.4030146798415,1.3231657803220256
1167602400000,2007-01-01T00:00:00.000+02:00,2007,1,-0.8315197648645732,0.1620440561529271,120.56077777777779,14467.293333333337,466.6868817204302,1169.2266666666667,46.70666666666667,578.3457540759938,1.239258647990995
1170280800000,2007-02-01T00:00:00.000+02:00,2007,2,-0.9055754267974602,0.09188144841269841,61.744333333333344,7409.320000000001,264.61857142857144,649.9280000000001,48.332,266.46655622799466,1.0069835793816235
1172700000000,2007-03-01T00:00:00.000+02:00,2007,3,-0.7455536167833506,0.24707862903225802,183.82650000000004,22059.179999999997,711.5864516129031,1489.7733333333335,51.93333333333334,709.0423165692425,0.9964246999954903
1175378400000,2007-04-01T00:00:00.000+02:00,2007,4,-0.5264214599123688,0.4735368827160494,340.9465555555556,40913.58666666666,1363.786222222222,1912.7659999999998,712.644,507.12714359409966,0.3718523734370634
1177970400000,2007-05-01T00:00:00.000+02:00,2007,5,-0.39016910592294435,0.6098803016726402,453.75094444444454,54450.11333333334,1756.4552688172046,2514.4733333333334,795.1800000000001,763.4833861835838,0.43467283211699026
1180648800000,2007-06-01T00:00:00.000+02:00,2007,6,-0.427828870025641,0.5723247685185184,412.07383333333337,49448.86000000001,1648.2953333333337,2501.8293333333336,484.83933333333346,802.2598303349371,0.486720925619885
1183240800000,2007-07-01T00:00:00.000+02:00,2007,7,-0.3767550489509172,0.6234772252090799,463.8670555555555,55664.046666666676,1795.614408602151,2809.24,679.1333333333333,751.5693521082636,0.418558321044742
1185919200000,2007-08-01T00:00:00.000+02:00,2007,8,-0.40970115559422243,0.5903439366786141,439.2158888888889,52705.90666666666,1700.1905376344084,2710.086666666667,901.6666666666667,692.6705402945354,0.4074075963616968
1188597600000,2007-09-01T00:00:00.000+02:00,2007,9,-0.4475593764222186,0.5526068672839507,397.8769444444446,47745.23333333333,1591.5077777777776,2338.5166666666664,826.1433333333334,609.8711624436198,0.38320338169831814
1191189600000,2007-10-01T00:00:00.000+02:00,2007,10,-0.48523960975528174,0.5149891726403824,383.1519444444444,45978.23333333333,1483.168817204301,2234.0400000000004,905.4333333333333,570.8347991660326,0.3848751352809774
1193868000000,2007-11-01T00:00:00.000+02:00,2007,11,-0.5793845764604969,0.42074783950617284,302.9384444444443,36352.61333333334,1211.7537777777782,2313.071333333334,395.6966666666668,771.2271759331875,0.636455350976939
1196460000000,2007-12-01T00:00:00.000+02:00,2007,12,-0.8353316176362612,0.14485976702508965,107.77566666666668,12933.08,417.19612903225806,899.8666666666668,84.93333333333332,360.2740952592714,0.8635604939455578
1199138400000,2008-01-01T00:00:00.000+02:00,2008,1,-0.908258256124981,0.08823708183990445,65.64838888888892,7877.806666666667,254.12279569892476,527.1066666666667,71.32000000000002,194.41781264813804,0.7650545954109408
1201816800000,2008-02-01T00:00:00.000+02:00,2008,2,-0.7718957703834558,0.22196072796934863,154.48466666666673,18538.16,639.2468965517241,1339.4253333333331,80.16933333333333,612.7025125051341,0.9584755370893815
1204322400000,2008-03-01T00:00:00.000+02:00,2008,3,-0.5458869085660726,0.44096378434886496,328.07705555555555,39369.24666666665,1269.9756989247308,2302.5600000000004,128.17333333333335,790.2515803343161,0.6222572455547064
1207000800000,2008-04-01T00:00:00.000+02:00,2008,4,-0.4204354395371197,0.5795135802469137,417.2497777777778,50069.97333333333,1668.999111111111,2335.5686666666666,722.5820000000001,609.2999466990445,0.36506906603048594
1209592800000,2008-05-01T00:00:00.000+02:00,2008,5,-0.4390461943607466,0.5609992532855436,417.3834444444445,50086.01333333334,1615.6778494623659,2121.34,807.5600000000001,575.6298537888725,0.3562776168407703
1212271200000,2008-06-01T00:00:00.000+02:00,2008,6,-0.3978392376121226,0.6023224537037036,433.6721666666668,52040.659999999996,1734.6886666666664,2342.5213333333336,1051.0153333333333,495.7049381267233,0.2857601756742074
1214863200000,2008-07-01T00:00:00.000+02:00,2008,7,-0.4185353263281282,0.5816813769414576,432.77094444444435,51932.513333333336,1675.2423655913979,2416.6866666666665,629.8466666666666,790.5370965232454,0.4718941645462555
1217541600000,2008-08-01T00:00:00.000+02:00,2008,8,-0.4349518402230773,0.5650913231780168,420.42794444444434,50451.35333333334,1627.4630107526884,2829.3933333333334,596.7466666666666,777.6854277392888,0.4778513690333371
1220220000000,2008-09-01T00:00:00.000+02:00,2008,9,-0.47567228997446753,0.5244854938271605,377.6295555555555,45315.546666666676,1510.5182222222224,2513.542666666667,771.4873333333334,671.944885200928,0.4448439451543893
1222812000000,2008-10-01T00:00:00.000+02:00,2008,10,-0.4519346688210255,0.5483089157706093,407.9418333333333,48953.01999999999,1579.1296774193545,2605.1,804.5733333333333,673.9356412284784,0.4267766294721518
1225490400000,2008-11-01T00:00:00.000+02:00,2008,11,-0.6980806968176686,0.30201435185185194,217.45033333333336,26094.039999999997,869.8013333333332,1674.262666666667,162.27399999999997,606.075694860037,0.696797845247463
1228082400000,2008-12-01T00:00:00.000+02:00,2008,12,-0.85603389450984,0.1266478494623656,94.226,11307.119999999997,364.7458064516128,845.8733333333336,107.71333333333337,404.8275674398118,1.1098895731746166
1230760800000,2009-01-01T00:00:00.000+02:00,2009,1,-0.9451846513856277,0.05272132616487455,39.224666666666664,4706.96,151.83741935483872,356.18666666666667,42.66000000000001,131.32664328902462,0.8649161968573693
1233439200000,2009-02-01T00:00:00.000+02:00,2009,2,-0.7530585664499049,0.240290591931217,161.47527777777776,19377.033333333336,692.0369047619049,1658.5266666666666,67.91333333333333,597.3762446295282,0.8632144333907384
1235858400000,2009-03-01T00:00:00.000+02:00,2009,3,-0.6519826139528081,0.3379401881720429,251.42749999999998,30171.299999999996,973.2677419354837,1769.4866666666665,134.39333333333337,639.6298781525703,0.6571982719581086
1238536800000,2009-04-01T00:00:00.000+02:00,2009,4,-0.40892292994908497,0.5910250771604939,425.53805555555556,51064.56666666668,1702.1522222222227,2638.7360000000003,433.75600000000003,789.208719235115,0.46365343177402424
1241128800000,2009-05-01T00:00:00.000+02:00,2009,5,-0.521279451298935,0.4787593339307049,356.19694444444445,42743.63333333333,1378.82688172043,2287.86,472.2,752.2217585427434,0.5455519967845125
1243807200000,2009-06-01T00:00:00.000+02:00,2009,6,-0.4805794431742093,0.5195600308641976,374.0832222222222,44889.98666666667,1496.332888888889,2546.6573333333336,621.3553333333333,722.6784271425754,0.48296634559653673
1246399200000,2009-07-01T00:00:00.000+02:00,2009,7,-0.3191218834139693,0.6811318697729988,506.7621111111111,60811.45333333333,1961.6597849462364,2796.1599999999994,859.6466666666666,787.9112953823312,0.40165542538454274
1249077600000,2009-08-01T00:00:00.000+02:00,2009,8,-0.4023154443922033,0.5977302120669057,444.71127777777775,53365.35333333334,1721.4630107526884,2536.633333333333,878.8466666666667,641.949112130742,0.37290903616340715
1251756000000,2009-09-01T00:00:00.000+02:00,2009,9,-0.4631495923294687,0.5370119598765432,386.6486111111111,46397.83333333334,1546.5944444444447,2178.965333333333,1116.47,441.0087037866499,0.2851482529054768
1254348000000,2009-10-01T00:00:00.000+02:00,2009,10,-0.42415422894484167,0.5761017025089606,428.61966666666655,51434.35999999999,1659.1729032258063,2419.3133333333335,915.76,592.9540417589945,0.3573792945907917
1257026400000,2009-11-01T00:00:00.000+02:00,2009,11,-0.6970624988429568,0.30303287037037036,218.1836666666667,26182.039999999997,872.7346666666666,2043.890666666667,90.54266666666669,840.5476254845643,0.9631193277734252
1259618400000,2009-12-01T00:00:00.000+02:00,2009,12,-0.7627365637092808,0.20872207287933092,155.2892222222222,18634.706666666665,601.1195698924731,1770.1333333333332,69.90666666666667,681.1910413645827,1.1332039006589532
1262296800000,2010-01-01T00:00:00.000+02:00,2010,1,-0.9349185937990935,0.06259520609318994,46.570833333333326,5588.5,180.2741935483871,481.8466666666667,30.44,163.69010342031643,0.9080062997279787
1264975200000,2010-02-01T00:00:00.000+02:00,2010,2,-0.8645216487032528,0.1318295304232804,88.58944444444444,10630.733333333335,379.6690476190477,739.274,93.68466666666669,343.29293561309663,0.9041899458645095
1267394400000,2010-03-01T00:00:00.000+02:00,2010,3,-0.7235199247998014,0.26847431302270014,199.74488888888888,23969.38666666667,773.2060215053764,1732.226666666667,259.28000000000003,537.2439571253623,0.694826400962821
1270072800000,2010-04-01T00:00:00.000+02:00,2010,4,-0.5505249690173363,0.44943549382716047,323.5935555555556,38831.22666666667,1294.3742222222222,2597.4580000000005,366.71000000000004,891.2254655863057,0.6885377121125156
1272664800000,2010-05-01T00:00:00.000+02:00,2010,5,-0.46049285881482865,0.5395508512544802,401.42583333333346,48171.1,1553.906451612903,2494.3733333333334,440.7,770.1391736110575,0.49561488905054657
1275343200000,2010-06-01T00:00:00.000+02:00,2010,6,-0.3746808727286191,0.625487037037037,450.35066666666665,54042.080000000016,1801.4026666666673,2482.192666666666,602.9106666666668,696.8184174990093,0.3868199100584262
1277935200000,2010-07-01T00:00:00.000+02:00,2010,7,-0.2886707171782079,0.711594384707288,529.4262222222222,63531.14666666665,2049.391827956989,2570.7933333333335,1292.72,586.8945034298556,0.2863749603290469
1280613600000,2010-08-01T00:00:00.000+02:00,2010,8,-0.3167523120060347,0.683299880525687,508.3751111111111,61005.013333333336,1967.9036559139786,2592.0666666666666,1123.006666666667,570.7113043778853,0.2900097790167591
1283292000000,2010-09-01T00:00:00.000+02:00,2010,9,-0.405682317821026,0.5944965277777777,428.0375,51364.500000000015,1712.1500000000005,2730.5273333333334,873.1893333333334,634.7150248401674,0.3707122768683627
1285884000000,2010-10-01T00:00:00.000+02:00,2010,10,-0.5326876824159391,0.46752001194743137,347.8348888888888,41740.18666666667,1346.4576344086022,2323.9799999999996,667.54,612.4738438715649,0.4548779168537142
1288562400000,2010-11-01T00:00:00.000+02:00,2010,11,-0.6805592066695053,0.31954135802469136,230.06977777777777,27608.373333333333,920.2791111111111,1676.8206666666663,336.1686666666667,518.7255100673043,0.5636610717383492
1291154400000,2010-12-01T00:00:00.000+02:00,2010,12,-0.8063208942041791,0.17038067502986856,126.76322222222223,15211.586666666666,490.6963440860215,961.4266666666667,97.20666666666665,342.3817897322561,0.6977467712134306
1293832800000,2011-01-01T00:00:00.000+02:00,2011,1,-0.8864837889051177,0.10917973416965351,81.22972222222221,9747.566666666666,314.4376344086021,997.18,50.14666666666666,395.39081239835633,1.2574538449954056
1296511200000,2011-02-01T00:00:00.000+02:00,2011,2,-0.7088574385185663,0.2833012566137566,190.37844444444448,22845.41333333334,815.9076190476193,1754.9606666666666,65.40400000000001,647.5288256277186,0.7936300758945682
1298930400000,2011-03-01T00:00:00.000+02:00,2011,3,-0.7423463504657448,0.25019302568697727,186.1436111111111,22337.23333333333,720.5559139784945,1308.9800000000002,100.06,518.5800929080539,0.7196944509757105
1301608800000,2011-04-01T00:00:00.000+02:00,2011,4,-0.49597441441608286,0.5039812499999999,362.86650000000003,43543.98,1451.4660000000001,2212.3293333333336,381.19199999999995,720.1358904719999,0.4961438231911735
1304200800000,2011-05-01T00:00:00.000+02:00,2011,5,-0.5186831861367265,0.4813558094384708,358.1287222222223,42975.44666666666,1386.3047311827956,2396.34,473.81999999999994,746.9640705032577,0.5388166495442511
1306879200000,2011-06-01T00:00:00.000+02:00,2011,6,-0.5165031303322871,0.4836266975308642,348.2112222222222,41785.346666666686,1392.8448888888895,2325.8526666666667,495.53333333333336,683.4721945680661,0.49070230290559536
1309471200000,2011-07-01T00:00:00.000+02:00,2011,7,-0.3703698091608778,0.629864844683393,468.6194444444443,56234.33333333335,1814.0107526881725,2734.5933333333337,699.7133333333333,714.2173427179182,0.39372277240337383
1312149600000,2011-08-01T00:00:00.000+02:00,2011,8,-0.3237605132164709,0.6762911439665471,503.16061111111105,60379.27333333333,1947.718494623656,2592.8066666666673,1179.5466666666669,527.0925053219285,0.270620475585603
1314828000000,2011-09-01T00:00:00.000+02:00,2011,9,-0.4762591504099846,0.5238984567901234,377.2068888888889,45264.82666666666,1508.8275555555554,2428.908,659.8653333333334,689.5037028815038,0.4569797922517569
1317420000000,2011-10-01T00:00:00.000+02:00,2011,10,-0.6044211085395735,0.3957547043010752,294.4415000000001,35332.979999999996,1139.7735483870968,1916.1133333333337,517.3466666666667,624.4195274273098,0.5478452525161084
1320098400000,2011-11-01T00:00:00.000+02:00,2011,11,-0.6820388334536659,0.3180612654320987,229.00411111111111,27480.493333333332,916.0164444444443,1830.9186666666671,182.18400000000003,635.9009755743007,0.6942025761993486
1322690400000,2011-12-01T00:00:00.000+02:00,2011,12,-0.7863900274195202,0.1879139784946236,139.80800000000002,16776.96,541.1922580645161,1038.7066666666667,101.96666666666665,628.9281663418044,1.1621159707477362
1325368800000,2012-01-01T00:00:00.000+02:00,2012,1,-0.9067587693463416,0.08967928614097968,66.72138888888888,8006.566666666667,258.2763440860215,552.9866666666668,46.47333333333334,217.93146694308868,0.8437918219506175
1328047200000,2012-02-01T00:00:00.000+02:00,2012,2,-0.8996820907282136,0.09761606002554278,67.94077777777777,8152.893333333335,281.1342528735633,628.5573333333332,64.26,241.80550000784697,0.8601068618863602
1330552800000,2012-03-01T00:00:00.000+02:00,2012,3,-0.8180733009689699,0.17665882616487458,131.43416666666667,15772.1,508.77741935483874,1554.5333333333335,89.42666666666666,551.1238340959987,1.083231710233638
1333231200000,2012-04-01T00:00:00.000+02:00,2012,4,-0.41640398923979405,0.5835446759259258,420.15216666666663,50418.26,1680.6086666666667,2709.5433333333326,489.072,823.7537859063809,0.4901520516017694
1335823200000,2012-05-01T00:00:00.000+02:00,2012,5,-0.3942403859902327,0.6058086917562725,450.7216666666667,54086.60000000001,1744.729032258065,2478.4666666666662,926.5866666666667,629.4459903369426,0.3607700558076347
1338501600000,2012-06-01T00:00:00.000+02:00,2012,6,-0.426356425897984,0.5737976080246915,413.1342777777778,49576.11333333335,1652.5371111111117,2635.9446666666668,327.172,859.3621860251419,0.5200259529707838
1341093600000,2012-07-01T00:00:00.000+02:00,2012,7,-0.435543100685818,0.5646672640382316,420.1124444444444,50413.49333333333,1626.2417204301075,2606.12,1126.5733333333335,625.874861651522,0.38485967601789906
1343772000000,2012-08-01T00:00:00.000+02:00,2012,8,-0.5347160234100994,0.46531951911589015,346.1977222222223,41543.72666666667,1340.1202150537636,2012.626666666667,790.9533333333334,602.1781814429,0.4493463904794105
1346450400000,2012-09-01T00:00:00.000+02:00,2012,9,-0.4762586104490162,0.5238989969135801,377.20727777777773,45264.87333333334,1508.8291111111112,2300.5213333333336,815.0993333333331,612.2882204731831,0.4058035571850083
1349042400000,2012-10-01T00:00:00.000+02:00,2012,10,-0.5218043772660178,0.47840815412186377,355.9356666666667,42712.28,1377.8154838709677,2397.2400000000002,632.2066666666667,665.6030002723226,0.483085731046013
1351720800000,2012-11-01T00:00:00.000+02:00,2012,11,-0.5613562242750739,0.4387818672839506,315.92294444444445,37910.75333333334,1263.691777777778,2431.0426666666663,459.8326666666666,709.1243140288747,0.5611529065069023
1354312800000,2012-12-01T00:00:00.000+02:00,2012,12,-0.7300658864684333,0.23746266427718044,176.67222222222225,21200.666666666668,683.8924731182796,1390.4199999999998,162.79333333333335,499.71602664429446,0.7306938536196879
1356991200000,2013-01-01T00:00:00.000+02:00,2013,1,-0.8033002373294568,0.1891855585424134,140.75405555555557,16890.486666666664,544.8544086021504,1025.42,126.99333333333334,561.875999268843,1.0312406220780377
1359669600000,2013-02-01T00:00:00.000+02:00,2013,2,-0.8572208505873297,0.1389336970899471,93.36344444444445,11203.613333333331,400.1290476190475,788.7100000000006,86.10066666666667,518.3669173613388,1.295499340639879
1362088800000,2013-03-01T00:00:00.000+02:00,2013,3,-0.5485987203693322,0.438330495818399,326.11788888888884,39134.14666666666,1262.3918279569891,2326.4933333333333,231.99333333333334,804.0807212743418,0.6369501952303018
1364767200000,2013-04-01T00:00:00.000+02:00,2013,4,-0.5157347945729792,0.4842226080246913,348.6402777777778,41836.833333333336,1394.5611111111111,2609.8093333333336,288.8980000000001,923.7592521268248,0.6624014141559011
1367359200000,2013-05-01T00:00:00.000+02:00,2013,5,-0.4233709410490563,0.5766757765830347,429.0467777777777,51485.61333333333,1660.8262365591395,2570.36,848,658.6844436713405,0.39660045655106424
1370037600000,2013-06-01T00:00:00.000+02:00,2013,6,-0.4537262370906577,0.5464204475308642,393.4227222222222,47210.726666666655,1573.6908888888886,2730.498000000001,671.3980000000001,716.00956620139,0.45498742558453253
1372629600000,2013-07-01T00:00:00.000+02:00,2013,7,-0.3360376221794877,0.6642098267622462,494.1721111111111,59300.653333333335,1912.9243010752689,2560.7333333333345,1287.0466666666669,589.670746741863,0.30825618473789307
1375308000000,2013-08-01T00:00:00.000+02:00,2013,8,-0.496218590828971,0.5038198924731182,374.8419999999999,44981.04,1451.0012903225806,2497.2266666666656,543.5066666666668,696.8317213416084,0.4802419722085096
1377986400000,2013-09-01T00:00:00.000+02:00,2013,9,-0.5492308641689615,0.45090478395061717,324.65144444444445,38958.17333333333,1298.6057777777778,2237.184666666667,657.4726666666666,666.9056425075274,0.5135551172802889
1380578400000,2013-10-01T00:00:00.000+02:00,2013,10,-0.46771379685492215,0.5325227747909199,396.19694444444445,47543.63333333333,1533.6655913978493,2375.766666666666,610.8,668.5695147748008,0.4359291350896368
1383256800000,2013-11-01T00:00:00.000+02:00,2013,11,-0.585269220800859,0.4148613425925925,298.7001666666667,35844.01999999999,1194.8006666666663,2202.583333333334,537.6966666666667,676.3033911838261,0.566038679130153
1385848800000,2013-12-01T00:00:00.000+02:00,2013,12,-0.691739842966099,0.2711783154121864,201.75666666666666,24210.8,780.9935483870968,1686.66,67.80000000000001,683.738238620998,0.8754723262862416
1388527200000,2014-01-01T00:00:00.000+02:00,2014,1,-0.9313291109512299,0.06604756571087216,49.13938888888889,5896.7266666666665,190.21698924731183,459.8066666666666,46.086666666666666,180.17001392996036,0.947181503833557
1391205600000,2014-02-01T00:00:00.000+02:00,2014,2,-0.8741349779358415,0.12247511574074074,82.30327777777778,9876.393333333332,352.7283333333333,812.84,82.1,380.50814503755066,1.0787569613183443
1393624800000,2014-03-01T00:00:00.000+02:00,2014,3,-0.6938408690532099,0.29729398148148145,221.18672222222222,26542.406666666666,856.2066666666666,1699.4200000000003,219.89333333333332,575.3125950324423,0.671931926519815
1396303200000,2014-04-01T00:00:00.000+02:00,2014,4,-0.47465216847778263,0.5253016203703703,378.2171666666666,45386.05999999998,1512.868666666666,2469.6740000000004,425.39666666666665,835.2614667311211,0.5521044127190957
1398895200000,2014-05-01T00:00:00.000+02:00,2014,5,-0.3963601365928759,0.6036887694145758,449.1444444444444,53897.333333333336,1738.6236559139786,2487.673333333333,1111.6,587.1184375710053,0.3376915041814282
1401573600000,2014-06-01T00:00:00.000+02:00,2014,6,-0.400775794771157,0.5993851080246914,431.5572777777777,51786.87333333334,1726.2291111111113,2769.122666666666,624.3480000000001,806.7490529021833,0.4673476120344814
1404165600000,2014-07-01T00:00:00.000+02:00,2014,7,-0.4166534858461872,0.583563918757467,434.1715555555556,52100.58666666667,1680.6640860215055,2626.546666666667,597.7466666666667,770.8546647372593,0.458660758654062
1406844000000,2014-08-01T00:00:00.000+02:00,2014,8,-0.42955231242416286,0.5704912634408602,424.44550000000004,50933.46000000001,1643.0148387096776,2359.4266666666667,640.1133333333332,667.2297951818391,0.4061008941987646
1409522400000,2014-09-01T00:00:00.000+02:00,2014,9,-0.44707225449131816,0.5530941358024691,398.2277777777778,47787.333333333336,1592.9111111111113,2544.010666666667,752.4246666666667,713.5519439910704,0.4479546529707756
1412114400000,2014-10-01T00:00:00.000+02:00,2014,10,-0.48213100032004874,0.5180991636798089,385.4657777777779,46255.89333333334,1492.1255913978498,2476.0266666666666,671.9466666666668,678.5345222585089,0.4547435726391139
1414792800000,2014-11-01T00:00:00.000+02:00,2014,11,-0.5837839630733535,0.41634706790123455,299.7698888888889,35972.386666666665,1199.0795555555555,2118.574666666667,492.24333333333334,674.062970920432,0.5621503325591489
1417384800000,2014-12-01T00:00:00.000+02:00,2014,12,-0.7832899570775816,0.1906411290322581,141.83699999999996,17020.439999999995,549.0464516129031,1565.4533333333334,105.56000000000002,608.8710299209424,1.108960868670212
1420063200000,2015-01-01T00:00:00.000+02:00,2015,1,-0.8189370102978889,0.1741461320191159,129.56472222222223,15547.766666666666,501.5408602150538,1279.7199999999998,113.58000000000003,488.48743099715307,0.973973348428075
1422741600000,2015-02-01T00:00:00.000+02:00,2015,2,-0.8227017846735235,0.17252306547619048,115.93549999999999,13912.259999999998,496.8664285714285,818.9226666666667,157.62933333333334,452.83150956791246,0.911374734795177
1425160800000,2015-03-01T00:00:00.000+02:00,2015,3,-0.6504364236812032,0.33944160692951003,252.5445555555556,30305.34666666666,977.591827956989,1475.4466666666667,240.94,566.8853658099758,0.5798794032420216
1427839200000,2015-04-01T00:00:00.000+02:00,2015,4,-0.4954591684762392,0.504496450617284,363.23744444444446,43588.49333333334,1452.949777777778,2444.044666666667,475.062,726.6677391065235,0.5001327301332669
1430431200000,2015-05-01T00:00:00.000+02:00,2015,5,-0.3755804581244723,0.6244701314217445,464.60577777777775,55752.69333333333,1798.4739784946235,2243.3733333333334,1152.1133333333332,436.48290822030907,0.24269625996238117
1433109600000,2015-06-01T00:00:00.000+02:00,2015,6,-0.42865341713799066,0.5714999999999999,411.48000000000013,49377.6,1645.9199999999998,2502.1800000000003,789.0193333333334,682.2823423540452,0.41452946823299147
1435701600000,2015-07-01T00:00:00.000+02:00,2015,7,-0.46415310721638886,0.536046594982079,398.81866666666673,47858.23999999999,1543.8141935483868,2548.333333333334,479.0866666666666,714.7300874238226,0.46296380122082437
1438380000000,2015-08-01T00:00:00.000+02:00,2015,8,-0.4264840730879055,0.5735597371565115,426.7284444444444,51207.41333333332,1651.8520430107524,2314.233333333333,1076.6599999999999,538.8672802157952,0.32622006462130065
1441058400000,2015-09-01T00:00:00.000+02:00,2015,9,-0.455909409976936,0.5442543209876544,391.86311111111115,47023.57333333333,1567.4524444444442,2633.413333333333,771.3653333333333,711.1480664611038,0.4536967414747678
1443650400000,2015-10-01T00:00:00.000+02:00,2015,10,-0.47979303105429816,0.5204381720430108,387.20599999999996,46464.72,1498.861935483871,2201.7999999999997,820.8933333333333,599.7836476330284,0.40015936987511985
1446328800000,2015-11-01T00:00:00.000+02:00,2015,11,-0.5946315511783329,0.40549606481481476,291.9571666666667,35034.85999999999,1167.8286666666665,2446.8246666666673,355.34333333333336,828.6294301602272,0.7095470883801682
1448920800000,2015-12-01T00:00:00.000+02:00,2015,12,-0.8122075646571608,0.16520213560334526,122.9103888888889,14749.246666666666,475.7821505376344,1289.7866666666669,73.32666666666667,504.9636270740831,1.061333693379362
1451599200000,2016-01-01T00:00:00.000+02:00,2016,1,-0.7611776553334069,0.22969899940262847,170.89605555555553,20507.526666666665,661.5331182795699,1677.4600000000003,96.46666666666668,639.2332576743714,0.9662906361163096
1454277600000,2016-02-01T00:00:00.000+02:00,2016,2,-0.873130616783362,0.12345242656449551,85.92288888888888,10310.746666666666,355.5429885057471,914.8279999999997,43.22266666666667,350.3500609145278,0.9853943749163954
1456783200000,2016-03-01T00:00:00.000+02:00,2016,3,-0.7983298653567945,0.19583057048984465,145.69794444444443,17483.753333333334,563.9920430107527,1362.6599999999999,49.05333333333334,604.99090384939,1.072694041248833
1459461600000,2016-04-01T00:00:00.000+02:00,2016,4,-0.4217378689174819,0.5782112654320988,416.312111111111,49957.45333333333,1665.2484444444444,2327.954666666667,603.308,710.7293912646771,0.42680081379796075
1462053600000,2016-05-01T00:00:00.000+02:00,2016,5,-0.29696399298593257,0.703092965949821,523.1011666666666,62772.14,2024.907741935484,2663.2733333333335,1431.64,507.4124878537346,0.250585484634836
1464732000000,2016-06-01T00:00:00.000+02:00,2016,6,-0.3324788559862011,0.667700385802469,480.7442777777777,57689.31333333334,1922.9771111111113,2754.9380000000006,1243.678,576.0682832947726,0.2995710557167869
1467324000000,2016-07-01T00:00:00.000+02:00,2016,7,-0.40985024174458257,0.5903696983273597,439.2350555555555,52708.20666666667,1700.264731182796,2706.5333333333338,654.9333333333334,789.327043531985,0.46423773254585277
1470002400000,2016-08-01T00:00:00.000+02:00,2016,8,-0.36123883308495774,0.6388099611708483,475.27461111111114,57032.95333333331,1839.7726881720423,2477.413333333333,1084.96,557.9367324104976,0.3032639499420177
1472680800000,2016-09-01T00:00:00.000+02:00,2016,9,-0.6072717315005516,0.392846450617284,282.84944444444443,33941.933333333334,1131.3977777777777,1614.176,718.9626666666668,374.8062838375136,0.33127719640185715
1475272800000,2016-10-01T00:00:00.000+02:00,2016,10,-0.6122805186942002,0.3878918010752688,288.59149999999994,34630.98,1117.1283870967743,1906.6799999999998,550.16,570.9049315162149,0.511046839477331
1477951200000,2016-11-01T00:00:00.000+02:00,2016,11,-0.6325362077370703,0.3675794753086421,264.65722222222223,31758.86666666667,1058.628888888889,1909.7613333333331,447.59200000000004,511.18701951493443,0.4828765064700472
1480543200000,2016-12-01T00:00:00.000+02:00,2016,12,-0.795605525937773,0.17980704898446834,133.77644444444442,16053.173333333334,517.8443010752688,1180.7933333333333,48.56666666666668,444.651552495254,0.8586587736351737
1483221600000,2017-01-01T00:00:00.000+02:00,2017,1,-0.9135330118062264,0.08316382915173237,61.87388888888889,7424.866666666666,239.5118279569892,413.46000000000004,63.55333333333333,220.18551518080406,0.9193095683789958
1485900000000,2017-02-01T00:00:00.000+02:00,2017,2,-0.9151773713660408,0.08253811177248675,55.465611111111116,6655.873333333333,237.7097619047619,541.6753333333335,59.64466666666667,203.67922463138763,0.8568399673589823
1488319200000,2017-03-01T00:00:00.000+02:00,2017,3,-0.5362978682075611,0.45027516427718045,335.00472222222226,40200.566666666666,1296.7924731182795,2426.5800000000004,115.42,900.0370835368162,0.6940486640646352
1490997600000,2017-04-01T00:00:00.000+02:00,2017,4,-0.40581501767902417,0.5941327160493828,427.77555555555546,51333.06666666667,1711.1022222222225,2314.8866666666668,870.4426666666667,561.972083846915,0.3284269499206641
1493589600000,2017-05-01T00:00:00.000+02:00,2017,5,-0.38146573399631223,0.6185843787335723,460.2267777777777,55227.21333333333,1781.5230107526882,2530.533333333334,1033.1733333333332,659.2628807339272,0.3700557762963671
1496268000000,2017-06-01T00:00:00.000+02:00,2017,6,-0.35686397479689086,0.6433087191358025,463.1822777777778,55581.87333333334,1852.7291111111113,2352.33,1296.004,440.03131336672385,0.2375043986343098
1498860000000,2017-07-01T00:00:00.000+02:00,2017,7,-0.3380816632630415,0.6621650238948625,492.65077777777765,59118.093333333345,1907.0352688172047,2423.5133333333333,1379.9733333333336,492.35858332661206,0.25818011411607833
1501538400000,2017-08-01T00:00:00.000+02:00,2017,8,-0.3378579279674201,0.662192652329749,492.6713333333334,59120.55999999998,1907.1148387096769,2636.8866666666663,1038.7133333333334,633.2020863462263,0.332020953061558
1504216800000,2017-09-01T00:00:00.000+02:00,2017,9,-0.43734755744799014,0.5628217592592594,405.23166666666674,48627.799999999996,1620.9266666666665,2426.3360000000002,972.9500000000002,582.7409357017309,0.35951098077749616
1506808800000,2017-10-01T00:00:00.000+02:00,2017,10,-0.5092451443325069,0.4909729689366785,365.28388888888884,43834.066666666666,1414.0021505376344,2590.646666666666,531.0533333333333,792.9913771786332,0.5608134166395154
1509487200000,2017-11-01T00:00:00.000+02:00,2017,11,-0.5800501848183597,0.4200820216049383,302.4590555555556,36295.08666666666,1209.836222222222,2256.0773333333336,275.27600000000007,774.8829876647244,0.6404858553841467
1512079200000,2017-12-01T00:00:00.000+02:00,2017,12,-0.7272086643069963,0.23997617980884112,178.54227777777774,21425.07333333333,691.1313978494622,1877.9533333333331,108.81333333333336,653.6987698234727,0.9458386232452098
1514757600000,2018-01-01T00:00:00.000+02:00,2018,1,-0.766477565499289,0.22460155316606933,167.10355555555554,20052.42666666667,646.8524731182797,1464.28,99.83333333333336,764.1822039971239,1.1813856107146552
1517436000000,2018-02-01T00:00:00.000+02:00,2018,2,-0.835727454542056,0.1598482142857143,107.418,12890.16,460.36285714285714,844.294,167.41000000000003,269.015962036117,0.5843563568653357
1519855200000,2018-03-01T00:00:00.000+02:00,2018,3,-0.81741912875827,0.17729405615292712,131.9067777777778,15828.813333333334,510.6068817204301,1151.8599999999997,52.17333333333334,482.44467676380253,0.9448456220140662
1522533600000,2018-04-01T00:00:00.000+02:00,2018,4,-0.5510475458489402,0.44891296296296296,323.2173333333333,38786.08,1292.8693333333333,2166.0580000000004,486.1146666666667,678.9545159980721,0.5251532374486456
1525125600000,2018-05-01T00:00:00.000+02:00,2018,5,-0.5008987847086761,0.49914165173237757,371.3613888888889,44563.36666666666,1437.527956989247,2042.4199999999996,959.7266666666667,450.9017422879175,0.31366467698637623
1527804000000,2018-06-01T00:00:00.000+02:00,2018,6,-0.39736058527494156,0.6028012345679011,434.01688888888884,52082.026666666665,1736.0675555555556,2261.3486666666677,782.1866666666667,578.7117335560981,0.3333463215208268
1530396000000,2018-07-01T00:00:00.000+02:00,2018,7,-0.22311405598466086,0.7771754778972522,578.2185555555556,69386.22666666667,2238.2653763440862,2863.986666666666,1421.96,533.1993272714471,0.23821988800200203
1533074400000,2018-08-01T00:00:00.000+02:00,2018,8,-0.5691500716455127,0.4308828405017921,320.57683333333335,38469.22,1240.9425806451613,1882.0600000000004,707.0133333333332,503.60393026347793,0.40582371667966793
1535752800000,2018-09-01T00:00:00.000+02:00,2018,9,-0.5670162528251529,0.43311404320987645,311.84211111111114,37421.05333333333,1247.3684444444443,1830.3366666666668,810.362,521.8945242505495,0.4183964461943656
1538344800000,2018-10-01T00:00:00.000+02:00,2018,10,-0.39234906946972165,0.6079209976105135,452.2932222222221,54275.18666666667,1750.8124731182795,2718.666666666666,607.8333333333335,785.3624169935189,0.44857026612036377
1541023200000,2018-11-01T00:00:00.000+02:00,2018,11,-0.5331635565346712,0.4669834104938272,336.2280555555555,40347.36666666667,1344.9122222222222,2495.352666666666,447.334,830.5480170868179,0.6175481219989872
1543615200000,2018-12-01T00:00:00.000+02:00,2018,12,-0.8337298042793057,0.1462688918757467,108.82405555555555,13058.886666666665,421.2544086021505,832.0999999999999,98.88666666666666,356.9577677275387,0.8473686219974113
1546293600000,2019-01-01T00:00:00.000+02:00,2019,1,-0.8448083201097605,0.14926314217443248,111.05177777777777,13326.213333333331,429.87784946236553,1043.2266666666665,85.91333333333333,450.63269952330967,1.0482808083433506
1548972000000,2019-02-01T00:00:00.000+02:00,2019,2,-0.8331034594085753,0.1624015376984127,109.13383333333333,13096.059999999998,467.7164285714285,793.6866666666668,143.42333333333337,374.64254508916594,0.8010036043280687
1551391200000,2019-03-01T00:00:00.000+02:00,2019,3,-0.7344902858848675,0.257821609916368,191.81927777777778,23018.31333333334,742.52623655914,1882.9666666666665,82.38,663.1087622782397,0.8930442180078105
1554069600000,2019-04-01T00:00:00.000+02:00,2019,4,-0.5028013266599067,0.4971549382716049,357.95155555555556,42954.18666666667,1431.8062222222222,2203.6686666666665,558.3786666666667,667.4605583087888,0.46616682337981635
1556661600000,2019-05-01T00:00:00.000+02:00,2019,5,-0.3258720451636048,0.674182571684588,501.59183333333345,60191.01999999999,1941.6458064516125,2440.6066666666666,1423.3466666666664,375.39304899242336,0.1933375529898833
1559340000000,2019-06-01T00:00:00.000+02:00,2019,6,-0.33337028328812923,0.6668087191358023,480.1022777777777,57612.27333333334,1920.4091111111113,2681.5173333333337,959.602,592.0688520137276,0.308303500846842
1561932000000,2019-07-01T00:00:00.000+02:00,2019,7,-0.4275754160019961,0.5726379181600955,426.04261111111117,51125.11333333333,1649.197204301075,2435.6933333333336,929.7466666666667,595.1511648319376,0.3608732559573802
1564610400000,2019-08-01T00:00:00.000+02:00,2019,8,-0.4327866083706418,0.5672567204301077,422.03899999999993,50644.67999999999,1633.6993548387095,2476.12,847.6133333333335,689.2033539617769,0.42186669898625256
1567288800000,2019-09-01T00:00:00.000+02:00,2019,9,-0.3965948518578515,0.6035867283950618,434.5824444444445,52149.893333333326,1738.3297777777775,2755.2960000000003,847.2373333333335,722.0593173513485,0.415375337051641
1569880800000,2019-10-01T00:00:00.000+02:00,2019,10,-0.515132835227354,0.4850826612903225,360.9014999999999,43308.180000000015,1397.0380645161295,2412.82,689.8666666666668,703.1515237919518,0.5033159379486855
1572559200000,2019-11-01T00:00:00.000+02:00,2019,11,-0.6902846943246264,0.30981280864197525,223.06522222222225,26767.826666666675,892.2608888888892,1575.2840000000003,279.3526666666668,535.4104031659637,0.6000603745309259
1575151200000,2019-12-01T00:00:00.000+02:00,2019,12,-0.750533039448272,0.21945758661887696,163.27644444444442,19593.173333333332,632.0378494623656,1482.6466666666665,138.38666666666666,549.3784390580756,0.8692176260098932
1577829600000,2020-01-01T00:00:00.000+02:00,2020,1,-0.8177778854348312,0.17526097670250892,130.39416666666665,15647.300000000001,504.75161290322586,1482.0266666666666,36.17333333333333,607.5397230042267,1.2036409740422327
1580508000000,2020-02-01T00:00:00.000+02:00,2020,2,-0.782534308238694,0.21160871647509577,147.27966666666666,17673.56,609.4331034482759,1591.7746666666667,119.44399999999999,612.2282407820276,1.004586454719864
1583013600000,2020-03-01T00:00:00.000+02:00,2020,3,-0.5810634101035348,0.406805854241338,302.6635555555555,36319.62666666668,1171.6008602150541,1889.3866666666668,179.8133333333334,680.3774394647199,0.5807245987680759
1585692000000,2020-04-01T00:00:00.000+02:00,2020,4,-0.5388551153419358,0.46110432098765436,331.99511111111116,39839.41333333333,1327.9804444444444,2441.4966666666674,296.1319999999999,807.6559078622387,0.6081835852636508
1588284000000,2020-05-01T00:00:00.000+02:00,2020,5,-0.38112727575461497,0.6189228643966547,460.47861111111104,55257.43333333333,1782.4978494623654,2535.5133333333333,682.0466666666666,702.3100822125816,0.3940033265254213
1590962400000,2020-06-01T00:00:00.000+02:00,2020,6,-0.33581584574512396,0.6643625,478.34100000000007,57400.920000000006,1913.3640000000003,2546.683333333333,1156.6153333333336,580.3146228139072,0.30329546433083676
1593554400000,2020-07-01T00:00:00.000+02:00,2020,7,-0.29343835492611714,0.7068249701314216,525.8777777777777,63105.333333333336,2035.6559139784947,2714.6133333333337,1333.293333333333,626.7487186559075,0.3078853918052325
1596232800000,2020-08-01T00:00:00.000+02:00,2020,8,-0.49365852653280734,0.5063801523297491,376.7468333333333,45209.619999999995,1458.3748387096773,2273.993333333333,751.9133333333333,655.0498248275067,0.44916423915203685
1598911200000,2020-09-01T00:00:00.000+02:00,2020,9,-0.44064116508149553,0.5595271604938271,402.85955555555546,48343.14666666667,1611.4382222222223,2523.5193333333336,657.876,782.7960490191228,0.48577478070466973
1601503200000,2020-10-01T00:00:00.000+02:00,2020,10,-0.4800058994091035,0.5202252090800479,387.0475555555556,46445.70666666665,1498.2486021505372,2372.906666666667,689.04,631.307478520672,0.4213636359243145
1604181600000,2020-11-01T00:00:00.000+02:00,2020,11,-0.6831028503372395,0.3169969135802469,228.23777777777775,27388.53333333333,912.951111111111,1556.4133333333334,281.64,499.8781114982378,0.5475409421320042
1606773600000,2020-12-01T00:00:00.000+02:00,2020,12,-0.8677687837465388,0.11632459677419357,86.54549999999999,10385.46,335.0148387096774,741.5466666666666,74.66,375.4253059317586,1.1206229174138187
1609452000000,2021-01-01T00:00:00.000+02:00,2021,1,-0.9382776491457141,0.059364471326164875,44.16716666666666,5300.0599999999995,170.9696774193548,357.56666666666666,45.713333333333324,139.72691033625088,0.8172613556117814
1612130400000,2021-02-01T00:00:00.000+02:00,2021,2,-0.8816636392522824,0.11514922288359788,77.38027777777779,9285.633333333331,331.62976190476184,712.8933333333332,66.47,280.4811945016582,0.8457660521500703
1614549600000,2021-03-01T00:00:00.000+02:00,2021,3,-0.7197822153283924,0.27210379330943846,202.4452222222222,24293.426666666663,783.6589247311827,1634.9066666666668,70.41333333333333,699.4068571817689,0.8924888559416144
1617228000000,2021-04-01T00:00:00.000+02:00,2021,4,-0.46299790259328366,0.536954861111111,386.6075000000001,46392.90000000001,1546.4300000000003,2169.1079999999997,732.6786666666667,607.2835736072399,0.39270033147781647
1619820000000,2021-05-01T00:00:00.000+02:00,2021,5,-0.48462605889531774,0.5154156959378735,383.4692777777778,46016.31333333334,1484.3972043010754,2460.3933333333334,451.4333333333333,766.3599425427619,0.5162768700467881
1622498400000,2021-06-01T00:00:00.000+02:00,2021,6,-0.5107723389089965,0.4893590277777777,352.33849999999995,42280.62000000001,1409.3540000000003,2514.422666666667,416.978,793.2191477882583,0.5628246329795482
1625090400000,2021-07-01T00:00:00.000+02:00,2021,7,-0.3561657987230115,0.6440741487455196,479.1911666666666,57502.939999999995,1854.9335483870966,2745.9866666666667,734.6666666666669,749.1750992964717,0.4038824463269291
1627768800000,2021-08-01T00:00:00.000+02:00,2021,8,-0.4486320974734383,0.5514100209080047,410.24905555555557,49229.886666666665,1588.0608602150537,2387.2,984.5333333333333,590.1561615601277,0.37162062005621704
1630447200000,2021-09-01T00:00:00.000+02:00,2021,9,-0.48131079381976105,0.5188452932098766,373.568611111111,44828.23333333334,1494.2744444444445,2505.084666666667,757.2266666666666,697.2134055663337,0.46658992808081534
1633039200000,2021-10-01T00:00:00.000+02:00,2021,10,-0.4907105205332873,0.5095158303464754,379.0797777777778,45489.573333333334,1467.4055913978495,2589.033333333333,592.6133333333333,727.5450537620471,0.4958036537594137
1635717600000,2021-11-01T00:00:00.000+02:00,2021,11,-0.5999074365477537,0.40021851851851853,288.1573333333333,34578.88,1152.6293333333333,1974.287333333334,424.7506666666667,636.6451706080429,0.5523416350743948
1638309600000,2021-12-01T00:00:00.000+02:00,2021,12,-0.6459009544417322,0.3115030615292712,231.75827777777778,27810.993333333336,897.1288172043012,1405.4666666666662,519.5,392.08044883250994,0.43703918691893084